event_id_cnty,event_date,year,event_type,sub_event_type,actor1,actor2,country,admin1,admin2,location,latitude,longitude,fatalities
KEN2779,2010-01-02,2010,Protests,Peaceful protest,Protesters (Kenya),,Kenya,Nakuru,Nakuru North,Nakuru,-0.2441,36.142,0
KEN7942,2010-01-15,2010,Riots,Mob violence,Rioters (Kenya),Civilians (Kenya),Kenya,Mombasa,Kisauni,Kisauni,-4.0333,39.6833,0
KEN2780,2010-01-05,2010,Protests,Peaceful protest,Protesters (Kenya),,Kenya,Nairobi,Starehe,Nairobi,-1.283,36.817,0
KEN2782,2010-01-11,2010,Battles,Armed clash,Unidentified Armed Group (Kenya),Police Forces of Kenya (2002-2013),Kenya,Nairobi,Starehe,Nairobi,-1.283,36.817,0
KEN2783,2010-01-11,2010,Violence against civilians,Attack,Unidentified Armed Group (Kenya),Civilians (Kenya),Kenya,Nairobi,Starehe,Nairobi,-1.283,36.817,1
KEN2784,2010-01-14,2010,Strategic developments,Disrupted weapons use,Unidentified Armed Group (Kenya),Police Forces of Kenya (2002-2013),Kenya,Nairobi,Starehe,Nairobi,-1.283,36.817,0
KEN2785,2010-01-14,2010,Riots,Violent demonstration,Rioters (Kenya),Police Forces of Kenya (2002-2013),Kenya,Nairobi,Starehe,Nairobi,-1.283,36.817,4
KEN2786,2010-01-14,2010,Riots,Violent demonstration,Rioters (Kenya),Police Forces of Kenya (2002-2013),Kenya,Nairobi,Starehe,Nairobi,-1.283,36.817,4
KEN2787,2010-01-14,2010,Riots,Mob violence,Rioters (Kenya),Civilians (Kenya),Kenya,Nairobi,Starehe,Nairobi,-1.283,36.817,2
KEN2788,2010-01-18,2010,Riots,Mob violence,Rioters (Kenya),Police Forces of Kenya (2002-2013),Kenya,Nairobi,Starehe,Nairobi,-1.283,36.817,0
KEN2778,2010-01-02,2010,Battles,Armed clash,Unidentified Armed Group (Kenya),Police Forces of Kenya (2002-2013),Kenya,Narok,Narok South,Olololunga,-1.003,35.664,1
KEN2816,2010-04-13,2010,Violence against civilians,Attack,Unidentified Armed Group (Kenya),Civilians (Kenya),Kenya,Isiolo,Isiolo,Isiolo,0.3546,37.5822,1
KEN2804,2010-02-15,2010,Violence against civilians,Attack,Unidentified Armed Group (Kenya),Civilians (International),Kenya,Meru,Imenti North,Meru,0.05,37.65,0
KEN2803,2010-02-15,2010,Protests,Peaceful protest,Protesters (Kenya),,Kenya,Uasin Gishu,Moiben,Eldoret,0.5167,35.2833,0
KEN2801,2010-02-14,2010,Battles,Armed clash,Military Forces of Kenya (2002-2013),Unidentified Armed Group (Sudan),Kenya,Turkana,Turkana West,Nadapal,4.4051,34.2837,2
KEN2793,2010-01-22,2010,Violence against civilians,Attack,Merrile Ethnic Militia (Kenya),Civilians (Kenya),Kenya,Turkana,Turkana North,Todenyang,4.5333,35.9333,4
KEN2792,2010-01-22,2010,Battles,Armed clash,Police Forces of Kenya (2002-2013),Merrile Ethnic Militia (Kenya),Kenya,Turkana,Turkana North,Todenyang,4.5333,35.9333,2
KEN2795,2010-01-25,2010,Violence against civilians,Attack,Unidentified Armed Group (Kenya),Civilians (Kenya),Kenya,Nyamira,Nyamira,Nyamira,-0.5666,34.9167,1
KEN2797,2010-01-27,2010,Violence against civilians,Attack,Police Forces of Kenya (2002-2013),Civilians (International),Kenya,Bungoma,Kanduyi,Bungoma,0.5635,34.5606,1
KEN2809,2010-03-09,2010,Protests,Peaceful protest,Protesters (Kenya),,Kenya,Nyeri,Nyeri Central,Nyeri,-0.4167,36.95,0
KEN2811,2010-03-10,2010,Violence against civilians,Attack,Unidentified Armed Group (Kenya),Civilians (Kenya),Kenya,Turkana,Turkana Central,Lodwar,3.1191,35.5973,3
KEN2807,2010-02-26,2010,Battles,Armed clash,Merrile Ethnic Militia (Ethiopia),Police Forces of Kenya (2002-2013),Kenya,Turkana,Turkana North,Todenyang,4.5333,35.9333,1
KEN2800,2010-02-12,2010,Riots,Mob violence,Rioters (Kenya),Civilians (Kenya),Kenya,Kilifi,Kilifi South,Mtwapa,-3.9499,39.745,0
KEN2794,2010-01-24,2010,Violence against civilians,Attack,Unidentified Armed Group (Ethiopia),Civilians (Kenya),Kenya,Turkana,Turkana Central,Lake Turkana,3.5,36,3
KEN2802,2010-02-14,2010,Battles,Armed clash,Military Forces of Kenya (2002-2013),Military Forces of Sudan (1989-2019),Kenya,Turkana,Turkana West,Nadapal,4.4051,34.2837,2
KEN6897,2010-02-18,2010,Battles,Armed clash,Unidentified Armed Group (Kenya),Private Security Forces (Kenya),Kenya,Nyeri,Nyeri Central,Nyeri,-0.4167,36.95,0
KEN2808,2010-03-03,2010,Violence against civilians,Attack,Unidentified Armed Group (Kenya),Civilians (International),Kenya,Nakuru,Nakuru North,Nakuru,-0.2441,36.142,0
KEN2796,2010-01-25,2010,Battles,Armed clash,Trans Mara Communal Militia (Kenya),Trans Mara Communal Militia (Kenya),Kenya,Kericho,Bureti,Kapkatet,-0.6333,35.2,5
KEN7943,2010-02-12,2010,Riots,Mob violence,Rioters (Kenya),Civilians (Kenya),Kenya,Kilifi,Kilifi North,Kilifi,-3.633,39.85,0
KEN2790,2010-01-22,2010,Protests,Peaceful protest,Protesters (Somalia),,Kenya,Nairobi,Starehe,Nairobi,-1.283,36.817,0
KEN2791,2010-01-22,2010,Protests,Peaceful protest,Protesters (Kenya),,Kenya,Nairobi,Starehe,Nairobi,-1.283,36.817,0
KEN2798,2010-02-01,2010,Protests,Peaceful protest,Protesters (Kenya),,Kenya,Nairobi,Starehe,Nairobi,-1.283,36.817,0
KEN2805,2010-02-17,2010,Protests,Peaceful protest,Protesters (Kenya),,Kenya,Nairobi,Starehe,Nairobi,-1.283,36.817,0
KEN2810,2010-03-10,2010,Battles,Armed clash,Mungiki Militia,Police Forces of Kenya (2002-2013),Kenya,Nairobi,Starehe,Nairobi,-1.283,36.817,7
KEN2812,2010-03-11,2010,Riots,Violent demonstration,Rioters (Kenya),Rioters (Kenya),Kenya,Nairobi,Starehe,Nairobi,-1.283,36.817,0
KEN6896,2010-02-17,2010,Violence against civilians,Abduction/forced disappearance,Unidentified Armed Group (Kenya),Civilians (Canada),Kenya,Nairobi,Starehe,Nairobi,-1.283,36.817,0
KEN2806,2010-02-19,2010,Protests,Peaceful protest,Protesters (Kenya),,Kenya,Mombasa,Mvita,Mombasa,-4.0547,39.6636,0
KEN2814,2010-03-23,2010,Protests,Protest with intervention,Protesters (Kenya),Police Forces of Kenya (2002-2013),Kenya,Mombasa,Mvita,Mombasa,-4.0547,39.6636,0
KEN2815,2010-03-31,2010,Protests,Peaceful protest,Protesters (Kenya),,Kenya,Mombasa,Mvita,Mombasa,-4.0547,39.6636,0
KEN2823,2010-05-06,2010,Violence against civilians,Attack,Unidentified Armed Group (Kenya),Civilians (Kenya),Kenya,Kiambu,Lari,Lari,-1.0167,36.6333,2
KEN2821,2010-05-05,2010,Violence against civilians,Attack,Unidentified Armed Group (Kenya),Civilians (International),Kenya,Taita Taveta,Wundanyi,Mzima Springs,-2.9833,38.0167,0
KEN2822,2010-05-05,2010,Battles,Armed clash,Unidentified Armed Group (Kenya),Police Forces of Kenya (2002-2013),Kenya,Mandera,Mandera West,Jirime Gubata,3.55,40.1833,2
KEN2820,2010-04-20,2010,Battles,Armed clash,Kachepkosir Ethnic Militia (Kenya),Katemke Ethnic Militia (Kenya),Kenya,Elgeyo Marakwet,Keiyo North,Iten,0.6702,35.5077,0
KEN2818,2010-04-19,2010,Violence against civilians,Attack,Unidentified Armed Group (Kenya),Civilians (Kenya),Kenya,Kwale,Kinango,Kizingo,-3.9667,39.2167,1
KEN2817,2010-04-15,2010,Strategic developments,Looting/property destruction,Al Shabaab,,Kenya,Garissa,Dadaab,Liboi,0.3534,40.8723,0
KEN2832,2010-06-09,2010,Violence against civilians,Attack,Unidentified Armed Group (Kenya),Civilians (Kenya),Kenya,Uasin Gishu,Moiben,Eldoret,0.5167,35.2833,0
KEN2826,2010-05-31,2010,Protests,Peaceful protest,Protesters (Kenya),,Kenya,Bungoma,Kanduyi,Bungoma,0.5635,34.5606,0
KEN2827,2010-06-06,2010,Battles,Armed clash,Police Forces of Kenya (2002-2013),Unidentified Communal Militia (Kenya),Kenya,Samburu,Samburu Central,Maralal,1.0968,36.698,0
KEN2829,2010-06-06,2010,Violence against civilians,Attack,Unidentified Armed Group (Kenya),Civilians (Kenya),Kenya,Nakuru,Njoro,Mau Narok,-0.6,36,0
KEN2831,2010-06-07,2010,Strategic developments,Looting/property destruction,Unidentified Armed Group (Kenya),,Kenya,Nyeri,Mathira West,Ngorano,-0.4167,37.0667,0
KEN2836,2010-06-14,2010,Riots,Mob violence,Rioters (Kenya),Police Forces of Kenya (2002-2013) Prison Guards,Kenya,Nyeri,Nyeri Central,Nyeri,-0.4167,36.95,0
KEN2837,2010-06-14,2010,Strategic developments,Disrupted weapons use,Unidentified Armed Group (Kenya),Police Forces of Kenya (2002-2013),Kenya,Isiolo,Isiolo,Isiolo,0.3546,37.5822,0
KEN2838,2010-06-16,2010,Battles,Armed clash,Police Forces of Kenya (2002-2013) Prison Guards,Police Forces of Kenya (2002-2013),Kenya,Kiambu,Kiambaa,Ruaka,-1.2,36.7833,8
KEN2843,2010-06-28,2010,Protests,Peaceful protest,Protesters (Kenya),,Kenya,Kisumu,Kisumu Central,Kisumu,-0.1,34.75,0
KEN2844,2010-06-28,2010,Violence against civilians,Attack,Unidentified Armed Group (Kenya),Civilians (Kenya),Kenya,Kajiado,Loitokitok,Ongata Rongai,-2.75,37.3833,2
KEN2845,2010-06-30,2010,Protests,Peaceful protest,Protesters (Kenya),,Kenya,Kisumu,Kisumu Central,Kisumu,-0.1,34.75,0
KEN2824,2010-05-27,2010,Violence against civilians,Attack,Al Shabaab,Civilians (Kenya),Kenya,Wajir,Wajir South,Dadaj-Bula,0.5367,40.8771,0
KEN2839,2010-06-16,2010,Protests,Peaceful protest,Protesters (Kenya),,Kenya,Nakuru,Naivasha,Naivasha,-0.7202,36.4285,0
KEN2840,2010-06-17,2010,Protests,Peaceful protest,Protesters (Kenya),,Kenya,Nakuru,Naivasha,Naivasha,-0.7202,36.4285,0
KEN2842,2010-06-25,2010,Violence against civilians,Attack,Turkana Ethnic Militia (Kenya),Civilians (Kenya),Kenya,Samburu,Samburu North,Nachola,1.8348,36.603,3
KEN2841,2010-06-21,2010,Riots,Violent demonstration,Rioters (Kenya),Police Forces of Kenya (2002-2013),Kenya,Nairobi,Starehe,Nairobi,-1.283,36.817,0
KEN2833,2010-06-13,2010,Violence against civilians,Attack,Unidentified Armed Group (Kenya),Civilians (International),Kenya,Nairobi,Langata,Nairobi - Langata,-1.3508,36.7589,0
KEN2828,2010-06-06,2010,Protests,Peaceful protest,Protesters (Kenya),,Kenya,Mombasa,Changamwe,Changamwe,-4.0166,39.6333,0
KEN2830,2010-06-07,2010,Protests,Peaceful protest,Protesters (Kenya),,Kenya,Kisii,South Mugirango,Nyamarambe,-0.7939,34.6424,0
KEN2835,2010-06-14,2010,Violence against civilians,Abduction/forced disappearance,Pirates (Kenya),Civilians (Kenya),Kenya,Mombasa,Mvita,Mombasa,-4.0547,39.6636,0
KEN2825,2010-05-29,2010,Battles,Armed clash,Turkana Ethnic Militia (Kenya),Matheniko Ethnic Militia (Uganda),Kenya,Turkana,Loima,Loima,2.8558,35.0771,0
KEN2834,2010-06-13,2010,Explosions/Remote violence,Grenade,Unidentified Armed Group (Kenya),Civilians (Kenya),Kenya,Nairobi,Dagoretti North,Nairobi - Dagoretti North,-1.2793,36.7789,6
KEN21248,2010-06-05,2010,Riots,Mob violence,Rioters (Kenya),Civilians (Kenya),Kenya,Nyandarua,Kipipiri,Kiriko,-0.4814,36.4328,1
KEN2856,2010-07-29,2010,Battles,Armed clash,Unidentified Armed Group (Kenya),Unidentified Armed Group (Kenya),Kenya,Samburu,Samburu East,Saboti,1,38,5
KEN2854,2010-07-25,2010,Violence against civilians,Attack,Chwele Ethnic Militia (Kenya),Civilians (Kenya),Kenya,Bungoma,Kabuchai,Chwele,0.7333,34.5833,0
KEN2855,2010-07-26,2010,Protests,Peaceful protest,Protesters (Kenya),,Kenya,Taita Taveta,Voi,Voi,-3.3961,38.5561,0
KEN2857,2010-07-31,2010,Riots,Mob violence,Rioters (Kenya),Civilians (Kenya),Kenya,Nakuru,Naivasha,Naivasha,-0.7202,36.4285,2
KEN2864,2010-08-08,2010,Battles,Armed clash,Unidentified Communal Militia (Kenya),Private Security Forces (Kenya),Kenya,Bomet,Bomet East,Sotik,-0.7727,35.3455,1
KEN2866,2010-08-16,2010,Violence against civilians,Attack,Pokot Ethnic Militia (Kenya),Civilians (Kenya),Kenya,Turkana,Turkana Central,Lodwar,3.1191,35.5973,7
KEN2872,2010-09-06,2010,Riots,Mob violence,Rioters (Kenya),Civilians (Kenya),Kenya,Kilifi,Malindi,Malindi,-3.22,40.12,0
KEN2874,2010-09-13,2010,Riots,Violent demonstration,Rioters (Kenya),,Kenya,Kakamega,Butere,Masaba,0.2,34.4667,0
KEN2875,2010-09-13,2010,Protests,Peaceful protest,Protesters (Kenya),,Kenya,Kirinyaga,Kirinyaga East,Thumaita,-0.4466,37.366,0
KEN2878,2010-09-25,2010,Violence against civilians,Attack,Pokot Ethnic Militia (Kenya),Civilians (Kenya),Kenya,Turkana,Turkana Central,Lodwar,3.1191,35.5973,3
KEN2880,2010-09-27,2010,Protests,Excessive force against protesters,Protesters (Kenya),Police Forces of Kenya (2002-2013),Kenya,Kakamega,Mumias West,Mumias,0.3351,34.4864,0
KEN2881,2010-09-27,2010,Violence against civilians,Attack,Toposa Ethnic Militia (Sudan),Civilians (Kenya),Kenya,Turkana,Turkana Central,Lodwar,3.1191,35.5973,0
KEN2882,2010-09-28,2010,Riots,Violent demonstration,Rioters (Kenya),,Kenya,Samburu,Samburu Central,Maralal,1.0968,36.698,0
KEN2853,2010-07-19,2010,Battles,Armed clash,Al Shabaab,Police Forces of Kenya (2002-2013),Kenya,Garissa,Dadaab,Liboi,0.3534,40.8723,0
KEN2848,2010-07-11,2010,Strategic developments,Change to group/activity,Military Forces of Kenya (2002-2013),,Kenya,Mandera,Mandera East,Mandera,3.9357,41.8542,0
KEN2869,2010-09-01,2010,Riots,Mob violence,Rioters (Kenya),Civilians (Kenya),Kenya,Migori,Suna West,Migori,-1.0667,34.4667,1
KEN2850,2010-07-15,2010,Protests,Peaceful protest,Protesters (Kenya),,Kenya,Kakamega,Lurambi,Kakamega,0.2833,34.7384,0
KEN2858,2010-08-02,2010,Protests,Peaceful protest,Protesters (Kenya),,Kenya,Kakamega,Lurambi,Kakamega,0.2833,34.7384,0
KEN2860,2010-08-02,2010,Violence against civilians,Attack,Unidentified Communal Militia (Kenya),Civilians (Kenya),Kenya,Machakos,Machakos,Machakos,-1.5167,37.2667,1
KEN2870,2010-09-02,2010,Riots,Violent demonstration,Police Forces of Kenya (2002-2013),Rioters (Kenya),Kenya,Nakuru,Nakuru North,Nakuru,-0.2441,36.142,1
KEN2849,2010-07-14,2010,Strategic developments,Arrests,Al Shabaab,Police Forces of Kenya (2002-2013),Kenya,Garissa,Garissa,Garissa,-0.4536,39.6461,0
KEN2861,2010-08-04,2010,Violence against civilians,Sexual violence,Unidentified Armed Group (Kenya),Civilians (Kenya),Kenya,Kirinyaga,Kirinyaga Central,Kerugoya,-0.4989,37.2803,1
KEN2846,2010-07-08,2010,Protests,Peaceful protest,Protesters (Kenya),,Kenya,Nairobi,Starehe,Nairobi,-1.283,36.817,0
KEN2847,2010-07-10,2010,Violence against civilians,Attack,Unidentified Armed Group (Kenya),Civilians (Kenya),Kenya,Nairobi,Starehe,Nairobi,-1.283,36.817,2
KEN2852,2010-07-18,2010,Protests,Excessive force against protesters,Protesters (Kenya),Police Forces of Kenya (2002-2013),Kenya,Nairobi,Starehe,Nairobi,-1.283,36.817,1
KEN2867,2010-08-19,2010,Protests,Peaceful protest,Protesters (Kenya),,Kenya,Nairobi,Starehe,Nairobi,-1.283,36.817,0
KEN2877,2010-09-22,2010,Protests,Peaceful protest,Protesters (Kenya),,Kenya,Nairobi,Starehe,Nairobi,-1.283,36.817,0
KEN2879,2010-09-27,2010,Protests,Peaceful protest,Protesters (Kenya),,Kenya,Nairobi,Starehe,Nairobi,-1.283,36.817,0
KEN2859,2010-08-02,2010,Protests,Peaceful protest,Protesters (Kenya),,Kenya,Mombasa,Mvita,Mombasa,-4.0547,39.6636,0
KEN2871,2010-09-04,2010,Protests,Peaceful protest,Protesters (Kenya),,Kenya,Mombasa,Mvita,Mombasa,-4.0547,39.6636,0
KEN2876,2010-09-20,2010,Riots,Violent demonstration,Rioters (Kenya),,Kenya,Kwale,Kinango,Miritini,-4,39.5667,0
KEN2873,2010-09-13,2010,Riots,Violent demonstration,Rioters (Kenya),,Kenya,Kirinyaga,Kirinyaga East,Kimunya,-0.4309,37.3101,0
KEN2868,2010-08-23,2010,Protests,Peaceful protest,Protesters (Kenya),,Kenya,Nairobi,Starehe,Nairobi - Starehe,-1.2881,36.8236,0
KEN2865,2010-08-09,2010,Protests,Peaceful protest,Protesters (Sudan),,Kenya,Nairobi,Dagoretti North,Nairobi - Dagoretti North,-1.2793,36.7789,0
KEN2907,2010-11-15,2010,Violence against civilians,Attack,Merrile Ethnic Militia (Ethiopia),Civilians (Kenya),Kenya,Turkana,Turkana Central,Lake Turkana,3.5,36,4
KEN2899,2010-11-04,2010,Battles,Armed clash,OLF: Oromo Liberation Front,Police Forces of Kenya (2002-2013),Kenya,Marsabit,Moyale,Sololo,3.55,38.65,1
KEN2885,2010-10-19,2010,Violence against civilians,Abduction/forced disappearance,OLF: Oromo Liberation Front,Civilians (Kenya),Kenya,West Pokot,West Pokot,Makutano,1.2577,35.0927,0
KEN2884,2010-10-09,2010,Violence against civilians,Abduction/forced disappearance,Unidentified Armed Group (Kenya),Civilians (Kenya),Kenya,Lamu,Lamu West,Lamu,-2.2717,40.902,0
KEN2886,2010-10-20,2010,Protests,Protest with intervention,Protesters (Kenya),Police Forces of Kenya (2002-2013),Kenya,Nandi,Tinderet,Tinderet,-0.0667,35.35,0
KEN2891,2010-10-23,2010,Protests,Protest with intervention,Protesters (Kenya),Police Forces of Kenya (2002-2013),Kenya,Tana River,Garsen,Garsen,-2.2697,40.12,0
KEN2894,2010-10-27,2010,Battles,Armed clash,Mungiki Militia,Police Forces of Kenya (2002-2013),Kenya,Nyeri,Mathira East,Karatina,-0.4817,37.1251,0
KEN2898,2010-11-03,2010,Battles,Armed clash,Police Forces of Kenya (2002-2013),OLF: Oromo Liberation Front,Kenya,Marsabit,Moyale,Sololo,3.55,38.65,1
KEN2900,2010-11-07,2010,Battles,Armed clash,Police Forces of Kenya (2002-2013),Police Forces of Kenya (2002-2013),Kenya,Embu,Mbeere North,Siakago,-0.5833,37.6333,2
KEN2901,2010-11-07,2010,Violence against civilians,Attack,Police Forces of Kenya (2002-2013),Civilians (Kenya),Kenya,Embu,Mbeere North,Siakago,-0.5833,37.6333,8
KEN2902,2010-11-08,2010,Protests,Protest with intervention,Protesters (Kenya),Police Forces of Kenya (2002-2013),Kenya,Taita Taveta,Voi,Voi,-3.3961,38.5561,0
KEN2903,2010-11-09,2010,Protests,Peaceful protest,Protesters (Kenya),,Kenya,Taita Taveta,Voi,Voi,-3.3961,38.5561,0
KEN2904,2010-11-10,2010,Protests,Protest with intervention,Protesters (Kenya),Police Forces of Kenya (2002-2013),Kenya,Taita Taveta,Voi,Voi,-3.3961,38.5561,0
KEN2914,2010-11-22,2010,Battles,Armed clash,Police Forces of Kenya (2002-2013),Al Shabaab,Kenya,Lamu,Lamu West,Lamu,-2.2717,40.902,0
KEN2916,2010-11-24,2010,Protests,Protest with intervention,Protesters (Kenya),Police Forces of Kenya (2002-2013),Kenya,Uasin Gishu,Moiben,Eldoret,0.5167,35.2833,0
KEN2917,2010-12-02,2010,Violence against civilians,Attack,Pokot Ethnic Militia (Kenya),Civilians (Kenya),Kenya,Turkana,Turkana East,Lokori,1.9516,36.0358,0
KEN2918,2010-12-02,2010,Violence against civilians,Attack,Pokot Ethnic Militia (Kenya),Civilians (Kenya),Kenya,West Pokot,Pokot Central,Lotongot Village,1.7333,35.6333,1
KEN2921,2010-12-03,2010,Violence against civilians,Attack,Unidentified Armed Group (Kenya),Civilians (Kenya),Kenya,Nakuru,Njoro,Mau Narok,-0.6,36,2
KEN2923,2010-12-04,2010,Battles,Armed clash,Pokot Ethnic Militia (Kenya),Police Forces of Kenya (2002-2013),Kenya,Turkana,Turkana Central,Lodwar,3.1191,35.5973,9
KEN2925,2010-12-04,2010,Violence against civilians,Attack,Pokot Ethnic Militia (Kenya),Civilians (Kenya),Kenya,Turkana,Turkana Central,Lodwar,3.1191,35.5973,9
KEN2927,2010-12-10,2010,Battles,Armed clash,Military Forces of Kenya (2002-2013),OLF: Oromo Liberation Front,Kenya,Marsabit,Moyale,Sololo,3.55,38.65,0
KEN2928,2010-12-12,2010,Violence against civilians,Attack,Police Forces of Kenya (2002-2013),Civilians (Kenya),Kenya,Nyeri,Nyeri Central,Nyeri,-0.4167,36.95,1
KEN2936,2010-12-17,2010,Battles,Armed clash,Police Forces of Kenya (2002-2013),Unidentified Armed Group (Kenya),Kenya,Kiambu,Ruiru,Ruiru,-1.15,36.9667,5
KEN2937,2010-12-18,2010,Violence against civilians,Attack,Sungu Sungu,Civilians (Kenya),Kenya,Bomet,Sotik,Gesore,-0.7585,35.1455,0
KEN2939,2010-12-20,2010,Violence against civilians,Attack,Sungu Sungu,Civilians (Kenya),Kenya,Nyamira,Borabu,Nyaguku Village,-0.8667,35.0167,0
KEN2941,2010-12-21,2010,Violence against civilians,Attack,Unidentified Armed Group (Kenya),Civilians (Kenya),Kenya,Kisii,Nyaribari Masaba,Gesabakwa,-0.7833,34.9,1
KEN2912,2010-11-18,2010,Battles,Government regains territory,Military Forces of Kenya (2002-2013),OLF: Oromo Liberation Front,Kenya,Wajir,Wajir East,Wajir,1.75,40.06,0
KEN2910,2010-11-18,2010,Battles,Government regains territory,Military Forces of Kenya (2002-2013),OLF: Oromo Liberation Front,Kenya,Marsabit,Moyale,Moyale,3.5094,39.0528,0
KEN2911,2010-11-18,2010,Battles,Government regains territory,Military Forces of Kenya (2002-2013),OLF: Oromo Liberation Front,Kenya,Marsabit,North Horr,North Horr,3.3167,37.0667,0
KEN2909,2010-11-15,2010,Violence against civilians,Attack,Merrile Ethnic Militia (Ethiopia),Civilians (Kenya),Kenya,Turkana,Turkana North,Todenyang,4.5333,35.9333,4
KEN2893,2010-10-27,2010,Strategic developments,Change to group/activity,Military Forces of Kenya (2002-2013),,Kenya,Marsabit,Moyale,Moyale,3.5094,39.0528,0
KEN2887,2010-10-21,2010,Battles,Armed clash,Al Shabaab,Militia (Pro-Government),Kenya,Mandera,Mandera East,Mandera,3.9357,41.8542,30
KEN2895,2010-10-28,2010,Riots,Mob violence,Rioters (Uganda),Police Forces of Tanzania (1964-),Kenya,Migori,Nyatike,Migingo Island,-0.8827,33.9385,0
KEN2905,2010-11-12,2010,Battles,Armed clash,Military Forces of Kenya (2002-2013),Unidentified Armed Group (Kenya),Kenya,Kilifi,Kilifi North,Kilifi,-3.633,39.85,3
KEN2931,2010-12-15,2010,Battles,Armed clash,OLF: Oromo Liberation Front,OLF: Oromo Liberation Front,Kenya,Machakos,Machakos,Machakos,-1.5167,37.2667,15
KEN2883,2010-10-08,2010,Violence against civilians,Attack,Police Forces of Kenya (2002-2013),Civilians (Somalia),Kenya,Garissa,Garissa,Garissa,-0.4536,39.6461,0
KEN2924,2010-12-04,2010,Violence against civilians,Attack,Unidentified Armed Group (Kenya),Civilians (Kenya),Kenya,Mombasa,Kisauni,Kisauni,-4.0333,39.6833,0
KEN2922,2010-12-03,2010,Violence against civilians,Attack,Unidentified Armed Group (Kenya),Civilians (Kenya),Kenya,Nakuru,Nakuru North,Nakuru,-0.2441,36.142,0
KEN2929,2010-12-15,2010,Battles,Armed clash,OLF: Oromo Liberation Front,OLF: Oromo Liberation Front (Splinter Faction),Kenya,Marsabit,Moyale,Badarero,2.7333,38.9167,0
KEN2930,2010-12-15,2010,Battles,Armed clash,OLF: Oromo Liberation Front,OLF: Oromo Liberation Front (Splinter Faction),Kenya,Marsabit,Moyale,Moyale,3.5094,39.0528,15
KEN2913,2010-11-20,2010,Protests,Protest with intervention,Protesters (Kenya),Police Forces of Kenya (2002-2013),Kenya,Nairobi,Starehe,Nairobi,-1.283,36.817,0
KEN2919,2010-12-03,2010,Battles,Armed clash,Police Forces of Kenya (2002-2013),Unidentified Armed Group (Kenya),Kenya,Nairobi,Starehe,Nairobi,-1.283,36.817,4
KEN2920,2010-12-03,2010,Explosions/Remote violence,Grenade,Unidentified Armed Group (Kenya),Civilians (Kenya),Kenya,Nairobi,Starehe,Nairobi,-1.283,36.817,1
KEN2890,2010-10-23,2010,Riots,Mob violence,Rioters (Kenya),Police Forces of Kenya (2002-2013),Kenya,Nairobi,Langata,Nairobi - Langata,-1.3508,36.7589,4
KEN2888,2010-10-23,2010,Violence against civilians,Abduction/forced disappearance,Unidentified Armed Group (Kenya),Civilians (International),Kenya,Mombasa,Mvita,Mombasa,-4.0547,39.6636,0
KEN2892,2010-10-24,2010,Violence against civilians,Attack,Unidentified Armed Group (Kenya),Civilians (International),Kenya,Mombasa,Mvita,Mombasa,-4.0547,39.6636,0
KEN2908,2010-11-15,2010,Strategic developments,Change to group/activity,MRC: Mombasa Republican Council,,Kenya,Mombasa,Mvita,Mombasa,-4.0547,39.6636,0
KEN2915,2010-11-23,2010,Battles,Armed clash,Muslim Militia (Kenya),Muslim Militia (Kenya),Kenya,Mombasa,Mvita,Mombasa,-4.0547,39.6636,0
KEN2926,2010-12-07,2010,Strategic developments,Change to group/activity,Military Forces of Kenya (2002-2013),,Kenya,Trans Nzoia,Saboti,Kitale,1.0167,35,0
KEN2938,2010-12-20,2010,Explosions/Remote violence,Remote explosive/landmine/IED,Unidentified Armed Group (Kenya),Civilians (Kenya),Kenya,Nairobi,Starehe,Nairobi - Starehe,-1.2881,36.8236,3
KEN2906,2010-11-12,2010,Protests,Protest with intervention,Protesters (Kenya),Police Forces of Kenya (2002-2013),Kenya,Nairobi,Starehe,Nairobi - Starehe,-1.2881,36.8236,0
KEN2896,2010-10-31,2010,Protests,Protest with intervention,Protesters (Kenya),Police Forces of Kenya (2002-2013),Kenya,Nairobi,Starehe,Nairobi - Starehe,-1.2881,36.8236,0
KEN2942,2010-12-26,2010,Riots,Violent demonstration,Rioters (Kenya),Police Forces of Kenya (2002-2013),Kenya,Nakuru,Njoro,Mau Narok,-0.6,36,0
KEN2948,2010-12-30,2010,Protests,Peaceful protest,Protesters (Kenya),,Kenya,Kisumu,Kisumu Central,Kisumu,-0.1,34.75,0
KEN2950,2011-01-01,2011,Violence against civilians,Attack,Police Forces of Kenya (2002-2013),Civilians (Kenya),Kenya,Samburu,Samburu North,Baragoi,1.7833,36.7833,0
KEN2951,2011-01-03,2011,Protests,Peaceful protest,Protesters (Kenya),,Kenya,Kakamega,Shinyalu,Handidi,0.3259,34.8032,0
KEN2953,2011-01-03,2011,Protests,Peaceful protest,Protesters (Kenya),,Kenya,Kakamega,Matungu,Matungu,0.3833,34.4833,0
KEN2954,2011-01-03,2011,Protests,Peaceful protest,Protesters (Kenya),,Kenya,Siaya,Bondo,Mbeka,-0.1833,34.1833,0
KEN2955,2011-01-07,2011,Violence against civilians,Attack,Al Shabaab,Civilians (Kenya),Kenya,Garissa,Dadaab,Dadaab Refugee Camp,0.0514,40.3142,1
KEN2958,2011-01-14,2011,Violence against civilians,Attack,Police Forces of Kenya (2002-2013),Civilians (Kenya),Kenya,Kiambu,Kiambaa,Ruaka,-1.2,36.7833,0
KEN2963,2011-01-18,2011,Violence against civilians,Attack,Pokot Ethnic Militia (Kenya),Civilians (Kenya),Kenya,Baringo,Baringo Central,Kabarnet,0.4919,35.743,2
KEN2966,2011-01-24,2011,Riots,Mob violence,Rioters (Kenya),Police Forces of Kenya (2002-2013),Kenya,Migori,Kuria West,Taranganya,-1.2333,34.6,2
KEN2967,2011-01-26,2011,Battles,Armed clash,NARC: National Rainbow Coalition,Unidentified Armed Group (Kenya),Kenya,Muranga,Kiharu,Kagumo,-0.7333,37,0
KEN2970,2011-01-31,2011,Violence against civilians,Attack,Unidentified Armed Group (Kenya),Civilians (Kenya),Kenya,Nyamira,Borabu,Borabu,-0.75,35,0
KEN2971,2011-01-31,2011,Violence against civilians,Attack,Unidentified Armed Group (Kenya),Civilians (Kenya),Kenya,Elgeyo Marakwet,Keiyo South,Kipterit Village,0.4667,35.6,1
KEN2974,2011-02-01,2011,Violence against civilians,Attack,Pokot Ethnic Militia (Kenya),Civilians (Kenya),Kenya,Turkana,Turkana Central,Lodwar,3.1191,35.5973,1
KEN2975,2011-02-01,2011,Violence against civilians,Attack,Toposa Ethnic Militia (Kenya),Civilians (Kenya),Kenya,Turkana,Turkana North,Loruth,4.6167,35.8,0
KEN2976,2011-02-02,2011,Violence against civilians,Attack,Maasai Ethnic Militia (Kenya),Civilians (Kenya),Kenya,Nakuru,Rongai,Likia,-0.1933,36.0067,0
KEN2978,2011-02-03,2011,Violence against civilians,Attack,Maasai Ethnic Militia (Kenya),Civilians (Kenya),Kenya,Nakuru,Njoro,Njoro,-0.3316,35.9449,0
KEN2979,2011-02-03,2011,Violence against civilians,Attack,Maasai Ethnic Militia (Kenya),Civilians (Kenya),Kenya,Nakuru,Njoro,Njoro,-0.3316,35.9449,0
KEN2981,2011-02-04,2011,Protests,Protest with intervention,Protesters (Kenya),Police Forces of Kenya (2002-2013),Kenya,Taita Taveta,Mwatate,Mwatate,-3.4995,38.3762,0
KEN2982,2011-02-04,2011,Protests,Protest with intervention,Protesters (Kenya),Police Forces of Kenya (2002-2013),Kenya,Taita Taveta,Wundanyi,Wundanyi,-3.4,38.3667,0
KEN2989,2011-02-11,2011,Protests,Protest with intervention,Protesters (Kenya),Police Forces of Kenya (2002-2013),Kenya,Taita Taveta,Voi,Voi,-3.3961,38.5561,0
KEN2995,2011-02-21,2011,Protests,Protest with intervention,Protesters (Kenya),Police Forces of Kenya (2002-2013),Kenya,Tana River,Garsen,Garsen,-2.2697,40.12,0
KEN2996,2011-02-21,2011,Protests,Protest with intervention,Protesters (Kenya),Police Forces of Kenya (2002-2013),Kenya,Lamu,Lamu West,Lamu,-2.2717,40.902,0
KEN2997,2011-02-21,2011,Protests,Protest with intervention,Protesters (Kenya),Police Forces of Kenya (2002-2013),Kenya,Taita Taveta,Taveta,Taveta,-3.3988,37.6834,0
KEN3000,2011-02-24,2011,Riots,Violent demonstration,Rioters (Kenya),Police Forces of Kenya (2002-2013),Kenya,Nakuru,Njoro,Egerton University,-0.3697,35.9358,0
KEN3011,2011-03-14,2011,Protests,Protest with intervention,Protesters (Kenya),Police Forces of Kenya (2002-2013),Kenya,Taita Taveta,Voi,Voi,-3.3961,38.5561,0
KEN3035,2011-01-05,2011,Battles,Armed clash,Police Forces of Kenya (2002-2013),Mungiki Militia,Kenya,Kirinyaga,Kirinyaga North,Thiba,-0.6921,37.3402,0
KEN2993,2011-02-18,2011,Strategic developments,Change to group/activity,Police Forces of Uganda (1986-),,Kenya,Bungoma,Sirisia,Lwakhakha,0.7911,34.3794,0
KEN3010,2011-03-14,2011,Strategic developments,Change to group/activity,Military Forces of Kenya (2002-2013),,Kenya,Mandera,Mandera East,Mandera,3.9357,41.8542,0
KEN3009,2011-03-14,2011,Explosions/Remote violence,Shelling/artillery/missile attack,Unidentified Armed Group (Somalia),Civilians (Kenya),Kenya,Mandera,Mandera East,Mandera,3.9357,41.8542,0
KEN3007,2011-03-02,2011,Strategic developments,Change to group/activity,Unidentified Armed Group (Somalia),,Kenya,Mandera,Mandera East,Mandera,3.9357,41.8542,0
KEN3003,2011-02-27,2011,Strategic developments,Change to group/activity,Al Shabaab,,Kenya,Mandera,Mandera East,Mandera,3.9357,41.8542,0
KEN3002,2011-02-25,2011,Violence against civilians,Attack,Unidentified Armed Group (Somalia),Civilians (Kenya),Kenya,Mandera,Mandera East,Mandera,3.9357,41.8542,1
KEN2998,2011-02-24,2011,Explosions/Remote violence,Shelling/artillery/missile attack,Unidentified Armed Group (Somalia),Civilians (Kenya),Kenya,Mandera,Mandera East,Mandera,3.9357,41.8542,0
KEN2999,2011-02-24,2011,Strategic developments,Change to group/activity,Military Forces of Kenya (2002-2013),,Kenya,Mandera,Mandera East,Mandera,3.9357,41.8542,0
KEN2980,2011-02-04,2011,Battles,Armed clash,Unidentified Armed Group (Ethiopia),ONLA: Ogaden National Liberation Army,Kenya,Garissa,Dadaab,Dadaab Refugee Camp,0.0514,40.3142,1
KEN2986,2011-02-07,2011,Violence against civilians,Attack,Unidentified Armed Group (Kenya),Civilians (Somalia),Kenya,Mandera,Mandera East,Mandera,3.9357,41.8542,2
KEN2985,2011-02-07,2011,Violence against civilians,Attack,Unidentified Armed Group (Kenya),Civilians (Somalia),Kenya,Garissa,Dadaab,Dadaab Refugee Camp,0.0514,40.3142,0
KEN2962,2011-01-18,2011,Protests,Peaceful protest,Protesters (Kenya),,Kenya,Muranga,Kiharu,Muranga,-0.7166,37.15,0
KEN3001,2011-02-25,2011,Battles,Armed clash,Military Forces of Kenya (2002-2013),OLF: Oromo Liberation Front,Kenya,Garissa,Garissa,Garissa,-0.4536,39.6461,0
KEN2943,2010-12-27,2010,Protests,Protest with intervention,Protesters (Kenya),Unidentified Armed Group (Kenya),Kenya,Mombasa,Kisauni,Kisauni,-4.0333,39.6833,0
KEN2984,2011-02-05,2011,Violence against civilians,Attack,Unidentified Armed Group (Kenya),Civilians (Kenya),Kenya,Migori,Suna West,Migori,-1.0667,34.4667,1
KEN3005,2011-03-01,2011,Battles,Armed clash,Unidentified Armed Group (Kenya),Unidentified Armed Group (Kenya),Kenya,Garissa,Garissa,Garissa,-0.4536,39.6461,0
KEN2983,2011-02-04,2011,Violence against civilians,Abduction/forced disappearance,Unidentified Armed Group (Kenya),Civilians (Kenya),Kenya,Kisumu,Kisumu Central,Kisumu,-0.1,34.75,0
KEN2945,2010-12-28,2010,Battles,Armed clash,Turkana Ethnic Militia (Kenya),Samburu Ethnic Militia (Kenya),Kenya,Samburu,Samburu North,Baragoi,1.7833,36.7833,1
KEN2946,2010-12-28,2010,Violence against civilians,Attack,Police Forces of Kenya (2002-2013),Civilians (Kenya),Kenya,Kiambu,Ruiru,Ruiru,-1.15,36.9667,2
KEN2990,2011-02-13,2011,Battles,Armed clash,OLF: Oromo Liberation Front,Unidentified Armed Group (Kenya),Kenya,Garissa,Garissa,Garissa,-0.4536,39.6461,1
KEN2991,2011-02-13,2011,Violence against civilians,Attack,Unidentified Armed Group (Somalia),Civilians (Somalia),Kenya,Garissa,Garissa,Garissa,-0.4536,39.6461,0
KEN3008,2011-03-08,2011,Violence against civilians,Sexual violence,Police Forces of Kenya (2002-2013),Civilians (Kenya),Kenya,Taita Taveta,Mwatate,Mwashuma,-3.5,38.3,0
KEN2992,2011-02-15,2011,Strategic developments,Change to group/activity,Military Forces of Kenya (2002-2013),,Kenya,Busia,Teso North,Kakurikit,0.7167,34.35,0
KEN2944,2010-12-28,2010,Protests,Protest with intervention,Protesters (Kenya),Police Forces of Kenya (2002-2013),Kenya,Nairobi,Starehe,Nairobi,-1.283,36.817,0
KEN2947,2010-12-29,2010,Protests,Peaceful protest,Protesters (Ethiopia),,Kenya,Nairobi,Starehe,Nairobi,-1.283,36.817,0
KEN2949,2010-12-31,2010,Violence against civilians,Attack,Unidentified Armed Group (Kenya),Civilians (Kenya),Kenya,Nairobi,Starehe,Nairobi,-1.283,36.817,0
KEN2964,2011-01-19,2011,Violence against civilians,Attack,Police Forces of Kenya (2002-2013),Civilians (Kenya),Kenya,Nairobi,Starehe,Nairobi,-1.283,36.817,3
KEN2972,2011-02-01,2011,Protests,Peaceful protest,Protesters (Kenya),,Kenya,Nairobi,Starehe,Nairobi,-1.283,36.817,0
KEN2987,2011-02-09,2011,Battles,Armed clash,Unidentified Armed Group (Kenya),Police Forces of Kenya (2002-2013),Kenya,Nairobi,Starehe,Nairobi,-1.283,36.817,0
KEN2994,2011-02-21,2011,Protests,Protest with intervention,Protesters (Kenya),Police Forces of Kenya (2002-2013),Kenya,Nairobi,Starehe,Nairobi,-1.283,36.817,0
KEN2959,2011-01-15,2011,Battles,Armed clash,Unidentified Armed Group (Kenya),Police Forces of Kenya (2002-2013),Kenya,Nairobi,Kamukunji,Nairobi - Kamukunji,-1.2759,36.8526,1
KEN2961,2011-01-16,2011,Violence against civilians,Attack,Unidentified Armed Group (Kenya),Civilians (Kenya),Kenya,Nairobi,Kibra,Nairobi - Kibra,-1.3061,36.7857,0
KEN2960,2011-01-16,2011,Protests,Protest with intervention,Protesters (Kenya),Police Forces of Kenya (2002-2013),Kenya,Mombasa,Mvita,Mombasa,-4.0547,39.6636,0
KEN2988,2011-02-10,2011,Battles,Armed clash,Police Forces of Kenya (2002-2013),Police Forces of Kenya (2002-2013),Kenya,Mombasa,Mvita,Mombasa,-4.0547,39.6636,2
KEN3004,2011-02-28,2011,Protests,Protest with intervention,Protesters (Kenya),Police Forces of Kenya (2002-2013),Kenya,Mombasa,Mvita,Mombasa,-4.0547,39.6636,0
KEN2968,2011-01-29,2011,Violence against civilians,Attack,Unidentified Armed Group (Kenya),Civilians (Kenya),Kenya,Tana River,Galole,Hola,-1.5036,40.0333,1
KEN2969,2011-01-31,2011,Battles,Armed clash,Orma Ethnic Militia (Kenya),Wardei Ethnic Militia (Kenya),Kenya,Tana River,Galole,Hola,-1.5036,40.0333,6
KEN2973,2011-02-01,2011,Strategic developments,Change to group/activity,Military Forces of Kenya (2002-2013),,Kenya,Tana River,Galole,Hola,-1.5036,40.0333,0
KEN3006,2011-03-01,2011,Battles,Armed clash,Unidentified Armed Group (Kenya),Unidentified Armed Group (Kenya),Kenya,Tana River,Galole,Hola,-1.5036,40.0333,0
KEN2977,2011-02-01,2011,Violence against civilians,Attack,Maasai Ethnic Militia (Kenya),Civilians (Kenya),Kenya,Nakuru,Rongai,Likia,-0.1933,36.0067,1
KEN2956,2011-01-08,2011,Violence against civilians,Abduction/forced disappearance,Unidentified Armed Group (Kenya),Civilians (International),Kenya,Nairobi,Starehe,Nairobi - Starehe,-1.2881,36.8236,0
KEN2952,2011-01-03,2011,Protests,Peaceful protest,Protesters (Kenya),,Kenya,Kakamega,Mumias East,Etenje,0.3055,34.5602,0
KEN3012,2011-03-19,2011,Explosions/Remote violence,Shelling/artillery/missile attack,Unidentified Armed Group (Somalia),Civilians (Kenya),Kenya,Mandera,Mandera East,Mandera,3.9357,41.8542,1
KEN3016,2011-03-25,2011,Riots,Violent demonstration,Rioters (Kenya),Police Forces of Kenya (2002-2013),Kenya,Nakuru,Njoro,Njoro,-0.3316,35.9449,0
KEN3018,2011-03-26,2011,Violence against civilians,Attack,Maasai Ethnic Militia (Kenya),Civilians (Kenya),Kenya,Kajiado,Kajiado West,Olepolos,-1.4833,36.6333,0
KEN3020,2011-03-27,2011,Riots,Violent demonstration,Rioters (Kenya),Police Forces of Kenya (2002-2013),Kenya,Nakuru,Njoro,Njoro,-0.3316,35.9449,0
KEN3021,2011-03-29,2011,Protests,Protest with intervention,Protesters (Kenya),Police Forces of Kenya (2002-2013),Kenya,Lamu,Lamu West,Lamu,-2.2717,40.902,0
KEN3032,2011-04-23,2011,Protests,Protest with intervention,Protesters (Kenya),Police Forces of Kenya (2002-2013),Kenya,Kwale,Msambweni,Diani,-4.279,39.594,0
KEN3034,2011-04-28,2011,Protests,Protest with intervention,Protesters (Kenya),Police Forces of Kenya (2002-2013),Kenya,West Pokot,West Pokot,Makutano,1.2577,35.0927,0
KEN3037,2011-05-03,2011,Violence against civilians,Attack,Merrile Ethnic Militia (Ethiopia),Civilians (Kenya),Kenya,Turkana,Turkana North,Todenyang,4.5333,35.9333,38
KEN3039,2011-05-05,2011,Strategic developments,Change to group/activity,Military Forces of Kenya (2002-2013),,Kenya,Lamu,Lamu West,Lamu,-2.2717,40.902,0
KEN3040,2011-05-05,2011,Violence against civilians,Attack,Merrile Ethnic Militia (Ethiopia),Civilians (Kenya),Kenya,Turkana,Turkana Central,Lopur,3.1253,35.5897,5
KEN3041,2011-05-08,2011,Explosions/Remote violence,Shelling/artillery/missile attack,Unidentified Armed Group (Kenya),Civilians (Kenya),Kenya,Kajiado,Kajiado North,Ngong,-1.3667,36.65,4
KEN3042,2011-05-09,2011,Explosions/Remote violence,Remote explosive/landmine/IED,Unidentified Armed Group (Kenya),Civilians (Kenya),Kenya,Kajiado,Kajiado North,Ngong,-1.3667,36.65,0
KEN3043,2011-05-11,2011,Strategic developments,Headquarters or base established,Merrile Ethnic Militia (Ethiopia),,Kenya,Turkana,Turkana North,Todenyang,4.5333,35.9333,0
KEN3047,2011-05-17,2011,Violence against civilians,Attack,Unidentified Armed Group (Kenya),Civilians (Kenya),Kenya,Marsabit,Moyale,Moyale,3.5094,39.0528,0
KEN3054,2011-06-04,2011,Violence against civilians,Attack,Unidentified Armed Group (Kenya),Civilians (Kenya),Kenya,Kitui,Kitui Central,Kitui,-1.3667,38.0167,0
KEN3033,2011-04-24,2011,Violence against civilians,Attack,Unidentified Armed Group (Uganda),Civilians (Kenya),Kenya,Busia,Matayos,Maninga Area,0.4333,34.15,3
KEN3052,2011-06-02,2011,Explosions/Remote violence,Remote explosive/landmine/IED,Unidentified Armed Group (Somalia),Military Forces of Kenya (2002-2013),Kenya,Mandera,Mandera East,Mandera,3.9357,41.8542,4
KEN3051,2011-05-27,2011,Violence against civilians,Attack,Pokot Ethnic Militia (Kenya),Civilians (Kenya),Kenya,Turkana,Loima,Kotaruk,2.5207,35.3772,9
KEN3048,2011-05-20,2011,Strategic developments,Change to group/activity,Military Forces of Kenya (2002-2013),,Kenya,Turkana,Turkana North,Todenyang,4.5333,35.9333,0
KEN3038,2011-05-03,2011,Violence against civilians,Attack,Turkana Ethnic Militia (Kenya),Civilians (Ethiopia),Kenya,Turkana,Turkana North,Todenyang,4.5333,35.9333,5
KEN3023,2011-03-31,2011,Explosions/Remote violence,Shelling/artillery/missile attack,Al Shabaab,Police Forces of Kenya (2002-2013),Kenya,Garissa,Dadaab,Liboi,0.3534,40.8723,0
KEN3022,2011-03-30,2011,Violence against civilians,Attack,Unidentified Armed Group (Kenya),Civilians (Kenya),Kenya,Uasin Gishu,Moiben,Eldoret,0.5167,35.2833,0
KEN3019,2011-03-27,2011,Battles,Armed clash,Police Forces of Kenya (2002-2013),Al Shabaab,Kenya,Garissa,Dadaab,Liboi,0.3534,40.8723,0
KEN3017,2011-03-26,2011,Battles,Armed clash,Police Forces of Kenya (2002-2013),Police Forces of Kenya (2002-2013),Kenya,Nyeri,Kieni East,Naro Moru,-0.17,37.02,2
KEN3046,2011-05-17,2011,Protests,Excessive force against protesters,Protesters (Kenya),Police Forces of Kenya (2002-2013),Kenya,Marsabit,Moyale,Moyale,3.5094,39.0528,1
KEN3014,2011-03-22,2011,Battles,Armed clash,Police Forces of Kenya (2002-2013) General Service Unit,Al Shabaab,Kenya,Garissa,Dadaab,Liboi,0.3534,40.8723,12
KEN3027,2011-04-15,2011,Battles,Armed clash,Police Forces of Kenya (2002-2013),Unidentified Armed Group (Kenya),Kenya,Nairobi,Starehe,Nairobi,-1.283,36.817,0
KEN3030,2011-04-19,2011,Protests,Protest with intervention,Protesters (Kenya),Police Forces of Kenya (2002-2013),Kenya,Nairobi,Starehe,Nairobi,-1.283,36.817,0
KEN3031,2011-04-22,2011,Strategic developments,Change to group/activity,Police Forces of Kenya (2002-2013),,Kenya,Nairobi,Starehe,Nairobi,-1.283,36.817,0
KEN3036,2011-05-01,2011,Violence against civilians,Attack,Unidentified Armed Group (Kenya),Civilians (Kenya),Kenya,Nairobi,Starehe,Nairobi,-1.283,36.817,1
KEN3044,2011-05-11,2011,Protests,Protest with intervention,Protesters (Kenya),Police Forces of Kenya (2002-2013),Kenya,Nairobi,Starehe,Nairobi,-1.283,36.817,0
KEN3015,2011-03-23,2011,Riots,Violent demonstration,Rioters (Kenya),Police Forces of Kenya (2002-2013),Kenya,Nairobi,Westlands,Nairobi - Westlands,-1.2379,36.7879,0
KEN3045,2011-05-14,2011,Battles,Armed clash,Police Forces of Kenya (2002-2013),Police Forces of Kenya (2002-2013),Kenya,Nairobi,Westlands,Nairobi - Westlands,-1.2379,36.7879,2
KEN3013,2011-03-21,2011,Protests,Protest with intervention,Protesters (Kenya),Police Forces of Kenya (2002-2013),Kenya,Mombasa,Mvita,Mombasa,-4.0547,39.6636,0
KEN3024,2011-04-09,2011,Protests,Protest with intervention,Protesters (Kenya),Police Forces of Kenya (2002-2013),Kenya,Mombasa,Mvita,Mombasa,-4.0547,39.6636,0
KEN3025,2011-04-11,2011,Violence against civilians,Attack,Police Forces of Kenya (2002-2013),Civilians (Kenya),Kenya,Mombasa,Mvita,Mombasa,-4.0547,39.6636,1
KEN3026,2011-04-12,2011,Protests,Protest with intervention,Protesters (Kenya),Police Forces of Kenya (2002-2013),Kenya,Mombasa,Mvita,Mombasa,-4.0547,39.6636,0
KEN3028,2011-04-16,2011,Protests,Protest with intervention,Protesters (Kenya),Police Forces of Kenya (2002-2013),Kenya,Mombasa,Mvita,Mombasa,-4.0547,39.6636,0
KEN3029,2011-04-19,2011,Protests,Protest with intervention,Protesters (Kenya),Police Forces of Kenya (2002-2013),Kenya,Mombasa,Mvita,Mombasa,-4.0547,39.6636,0
KEN3050,2011-05-25,2011,Protests,Protest with intervention,Protesters (Kenya),Police Forces of Kenya (2002-2013),Kenya,Mombasa,Mvita,Mombasa,-4.0547,39.6636,0
KEN3053,2011-06-04,2011,Explosions/Remote violence,Remote explosive/landmine/IED,Unidentified Armed Group (Kenya),Civilians (Kenya),Kenya,Nairobi,Starehe,Nairobi - Starehe,-1.2881,36.8236,2
KEN21222,2011-05-16,2011,Riots,Mob violence,Rioters (Kenya),Civilians (Kenya),Kenya,Kisumu,Kisumu West,Nyahera,-0.0169,34.719,2
KEN3070,2011-07-27,2011,Explosions/Remote violence,Remote explosive/landmine/IED,Al Shabaab,Police Forces of Kenya (2002-2013),Kenya,Mandera,Mandera East,Mandera,3.9357,41.8542,4
KEN3056,2011-06-17,2011,Strategic developments,Change to group/activity,Military Forces of Kenya (2002-2013),,Kenya,Turkana,Turkana North,Loruth,4.6167,35.8,0
KEN3057,2011-06-19,2011,Violence against civilians,Attack,Toposa Ethnic Militia (Kenya),Civilians (Kenya),Kenya,Turkana,Turkana Central,Lodwar,3.1191,35.5973,2
KEN3062,2011-06-25,2011,Violence against civilians,Attack,Samburu Ethnic Militia (Kenya),Civilians (Kenya),Kenya,Isiolo,Isiolo,Isiolo,0.3546,37.5822,10
KEN3063,2011-06-29,2011,Protests,Peaceful protest,Protesters (Kenya),,Kenya,Lamu,Lamu East,Milimani,-1.7758,40.8375,0
KEN3066,2011-07-01,2011,Riots,Violent demonstration,Rioters (Kenya),Police Forces of Kenya (2002-2013),Kenya,Garissa,Dadaab,Dadaab Refugee Camp,0.0514,40.3142,2
KEN3055,2011-06-12,2011,Violence against civilians,Attack,Toposa Ethnic Militia (Kenya),Civilians (Kenya),Kenya,Turkana,Turkana North,Loruth,4.6167,35.8,11
KEN3060,2011-06-23,2011,Battles,Armed clash,Police Forces of Kenya (2002-2013),Turkana Ethnic Militia (Kenya),Kenya,Turkana,Turkana Central,Lodwar,3.1191,35.5973,7
KEN6898,2011-06-18,2011,Violence against civilians,Attack,Unidentified Armed Group (Somalia),Civilians (Kenya),Kenya,Garissa,Fafi,Hagadera,0.0095,40.3756,0
KEN3071,2011-08-17,2011,Explosions/Remote violence,Remote explosive/landmine/IED,Unidentified Armed Group (Kenya),Civilians (Kenya),Kenya,Garissa,Garissa,Ade Dertu,-0.3505,39.7798,1
KEN3058,2011-06-20,2011,Battles,Armed clash,TPLF: Tigray People's Liberation Front,ONLA: Ogaden National Liberation Army,Kenya,Nairobi,Starehe,Nairobi,-1.283,36.817,1
KEN3059,2011-06-20,2011,Battles,Armed clash,Military Forces of Ethiopia (1991-2018),ONLA: Ogaden National Liberation Army,Kenya,Nairobi,Starehe,Nairobi,-1.283,36.817,0
KEN3067,2011-07-07,2011,Riots,Violent demonstration,Rioters (Kenya),,Kenya,Nairobi,Starehe,Nairobi,-1.283,36.817,0
KEN3068,2011-07-10,2011,Battles,Armed clash,Military Forces of the Republic of Congo (1997-),Police Forces of Kenya (2002-2013),Kenya,Nairobi,Starehe,Nairobi,-1.283,36.817,0
KEN3064,2011-06-29,2011,Violence against civilians,Attack,Unidentified Armed Group (Kenya),Civilians (Kenya),Kenya,Nairobi,Roysambu,Nairobi - Roysambu,-1.2067,36.8888,0
KEN3065,2011-06-30,2011,Riots,Mob violence,Police Forces of Kenya (2002-2013),Rioters (Somalia),Kenya,Garissa,Dadaab,Dadaab Refugee Camp,0.0514,40.3142,0
KEN3069,2011-07-22,2011,Strategic developments,Other,Al Shabaab,Police Forces of Kenya (2002-2013),Kenya,Marsabit,Moyale,Moyale,3.5094,39.0528,0
KEN3061,2011-06-23,2011,Violence against civilians,Attack,Unidentified Armed Group (Kenya),Civilians (Kenya),Kenya,Nairobi,Starehe,Nairobi - Starehe,-1.2881,36.8236,0
KEN3095,2011-11-20,2011,Violence against civilians,Abduction/forced disappearance,Unidentified Armed Group (Kenya),Civilians (Kenya),Kenya,Kilifi,Malindi,Malindi,-3.22,40.12,0
KEN3091,2011-11-06,2011,Battles,Armed clash,Unidentified Armed Group (Kenya),Police Forces of Kenya (2002-2013),Kenya,Mandera,Mandera South,El Wak,2.8094,40.9358,0
KEN3089,2011-11-05,2011,Battles,Armed clash,Al Shabaab,Police Forces of Kenya (2002-2013),Kenya,Mandera,Mandera East,Mandera,3.9357,41.8542,0
KEN3079,2011-10-20,2011,Battles,Armed clash,Unidentified Armed Group (Kenya),Military Forces of Kenya (2002-2013),Kenya,Lamu,Lamu East,Kiunga,-1.741,41.492,6
KEN3083,2011-10-27,2011,Explosions/Remote violence,Shelling/artillery/missile attack,Al Shabaab,Civilians (Kenya),Kenya,Mandera,Lafey,Damasa,3.1597,41.3256,4
KEN3093,2011-11-15,2011,Explosions/Remote violence,Remote explosive/landmine/IED,Al Shabaab,Civilians (Kenya),Kenya,Garissa,Dadaab,Dadaab Refugee Camp,0.0514,40.3142,1
KEN3077,2011-10-14,2011,Violence against civilians,Abduction/forced disappearance,Unidentified Armed Group (Somalia),Civilians (Somalia),Kenya,Garissa,Dadaab,Dadaab Refugee Camp,0.0514,40.3142,0
KEN3074,2011-09-10,2011,Violence against civilians,Attack,Al Shabaab,Civilians (International),Kenya,Lamu,Lamu East,Kiwayu,-2.012,41.27,1
KEN3088,2011-11-04,2011,Violence against civilians,Attack,Military Forces of Kenya (2002-2013),Civilians (Kenya),Kenya,Lamu,Lamu East,Kiunga,-1.741,41.492,7
KEN3086,2011-10-28,2011,Battles,Armed clash,Al Shabaab,Police Forces of Kenya (2002-2013),Kenya,Mandera,Mandera East,Mandera,3.9357,41.8542,0
KEN6899,2011-10-23,2011,Battles,Armed clash,Unidentified Tribal Militia (Kenya),Unidentified Tribal Militia (Kenya),Kenya,Isiolo,Isiolo,Isiolo,0.3546,37.5822,1
KEN3075,2011-10-01,2011,Battles,Armed clash,Unidentified Armed Group (Kenya),Police Forces of Kenya (2002-2013),Kenya,Lamu,Lamu West,Manda,-2.2722,40.9472,0
KEN3076,2011-10-01,2011,Violence against civilians,Attack,Unidentified Armed Group (Kenya),Civilians (International),Kenya,Lamu,Lamu West,Manda,-2.2722,40.9472,1
KEN3087,2011-11-04,2011,Violence against civilians,Attack,Unidentified Armed Group (Kenya),Civilians (Kenya),Kenya,Meru,Igembe North,Shaba National Reserve,0.4667,37.8333,1
KEN3094,2011-11-16,2011,Battles,Armed clash,Al Shabaab,Police Forces of Kenya (2002-2013),Kenya,Garissa,Garissa,Garissa,-0.4536,39.6461,12
KEN3092,2011-11-13,2011,Battles,Armed clash,Al Shabaab,Police Forces of Kenya (2002-2013),Kenya,Garissa,Garissa,Garissa,-0.4536,39.6461,6
KEN3090,2011-11-05,2011,Explosions/Remote violence,Grenade,Al Shabaab,Civilians (Kenya),Kenya,Garissa,Garissa,Garissa,-0.4536,39.6461,2
KEN3084,2011-10-28,2011,Explosions/Remote violence,Remote explosive/landmine/IED,Al Shabaab,Police Forces of Kenya (2002-2013) General Service Unit,Kenya,Garissa,Lagdera,Modikare,0.402,38.8944,0
KEN3078,2011-10-17,2011,Strategic developments,Arrests,Police Forces of Kenya (2002-2013),Civilians (International),Kenya,Garissa,Garissa,Garissa,-0.4536,39.6461,0
KEN3073,2011-09-06,2011,Protests,Peaceful protest,Protesters (Kenya),,Kenya,Nairobi,Starehe,Nairobi,-1.283,36.817,0
KEN3081,2011-10-24,2011,Explosions/Remote violence,Grenade,Al Shabaab,Civilians (Kenya),Kenya,Nairobi,Starehe,Nairobi - Starehe,-1.2881,36.8236,0
KEN3085,2011-10-28,2011,Protests,Peaceful protest,Protesters (Kenya),,Kenya,Nairobi,Starehe,Nairobi,-1.283,36.817,0
KEN3082,2011-10-25,2011,Strategic developments,Disrupted weapons use,Police Forces of Kenya (2002-2013),Al Shabaab,Kenya,Nairobi,Embakasi Central,Nairobi - Embakasi Central,-1.268,36.9148,0
KEN3080,2011-10-24,2011,Explosions/Remote violence,Grenade,Al Shabaab,Civilians (Kenya),Kenya,Nairobi,Starehe,Nairobi - Starehe,-1.2881,36.8236,1
KEN3126,2012-02-02,2012,Explosions/Remote violence,Remote explosive/landmine/IED,Unidentified Armed Group (Kenya),Police Forces of Kenya (2002-2013),Kenya,Mandera,Mandera East,Mandera,3.9357,41.8542,0
KEN3109,2012-01-01,2012,Battles,Armed clash,Tugen Ethnic Militia (Kenya),Pokot Ethnic Militia (Kenya),Kenya,Baringo,Baringo Central,Kabarnet,0.4919,35.743,0
KEN3107,2011-12-29,2011,Violence against civilians,Attack,Al Shabaab,Civilians (Kenya),Kenya,Garissa,Dadaab,Dadaab Refugee Camp,0.0514,40.3142,1
KEN3103,2011-12-19,2011,Explosions/Remote violence,Remote explosive/landmine/IED,Al Shabaab,Police Forces of Kenya (2002-2013),Kenya,Garissa,Fafi,Hagadera,0.0095,40.3756,1
KEN3098,2011-11-25,2011,Battles,Armed clash,Al Shabaab,Police Forces of Kenya (2002-2013),Kenya,Lamu,Lamu West,Lamu,-2.2717,40.902,0
KEN3106,2011-12-24,2011,Explosions/Remote violence,Grenade,Al Shabaab,Civilians (Kenya),Kenya,Wajir,Wajir East,Wajir,1.75,40.06,0
KEN3108,2012-01-01,2012,Violence against civilians,Attack,Unidentified Armed Group (Kenya),Civilians (Somalia),Kenya,Garissa,Dadaab,Dadaab Refugee Camp,0.0514,40.3142,2
KEN3112,2012-01-04,2012,Battles,Armed clash,Borana Ethnic Militia (Kenya),Garba Ethnic Militia (Kenya),Kenya,Marsabit,Moyale,Moyale,3.5094,39.0528,6
KEN3113,2012-01-05,2012,Strategic developments,Disrupted weapons use,Police Forces of Kenya (2002-2013),,Kenya,Garissa,Dadaab,Dadaab Refugee Camp,0.0514,40.3142,0
KEN3116,2012-01-11,2012,Battles,Armed clash,Unidentified Armed Group (Kenya),Police Forces of Kenya (2002-2013),Kenya,Wajir,Wajir East,Wajir,1.75,40.06,3
KEN3102,2011-12-14,2011,Riots,Violent demonstration,Rioters (Kenya),Police Forces of Kenya (2002-2013),Kenya,West Pokot,West Pokot,Masai Mara Reserve,1.27,35.03,0
KEN3111,2012-01-03,2012,Explosions/Remote violence,Remote explosive/landmine/IED,Unidentified Armed Group (Kenya),Civilians (Kenya),Kenya,Mandera,Mandera East,Mandera,3.9357,41.8542,0
KEN3100,2011-12-11,2011,Explosions/Remote violence,Remote explosive/landmine/IED,Al Shabaab,Police Forces of Kenya (2002-2013),Kenya,Mandera,Mandera East,Mandera,3.9357,41.8542,1
KEN3101,2011-12-11,2011,Explosions/Remote violence,Remote explosive/landmine/IED,Al Shabaab,Military Forces of Kenya (2002-2013),Kenya,Wajir,Wajir East,Wajir,1.75,40.06,0
KEN3097,2011-11-24,2011,Explosions/Remote violence,Remote explosive/landmine/IED,Al Shabaab,Military Forces of Kenya (2002-2013),Kenya,Mandera,Mandera East,Mandera,3.9357,41.8542,1
KEN3125,2012-01-29,2012,Battles,Armed clash,Borana Ethnic Militia (Kenya),Garba Ethnic Militia (Kenya),Kenya,Marsabit,Moyale,Moyale,3.5094,39.0528,2
KEN3123,2012-01-28,2012,Battles,Armed clash,Borana Ethnic Militia (Kenya),Garba Ethnic Militia (Kenya),Kenya,Marsabit,Moyale,Moyale,3.5094,39.0528,0
KEN3121,2012-01-27,2012,Battles,Armed clash,Borana Ethnic Militia (Kenya),Garba Ethnic Militia (Kenya),Kenya,Marsabit,Moyale,Moyale,3.5094,39.0528,0
KEN3120,2012-01-26,2012,Battles,Armed clash,Borana Ethnic Militia (Kenya),Garba Ethnic Militia (Kenya),Kenya,Marsabit,Moyale,Moyale,3.5094,39.0528,5
KEN3110,2012-01-01,2012,Battles,Armed clash,Al Qaeda,Military Forces of Kenya (2002-2013),Kenya,Lamu,Lamu East,Mkokoni,-1.967,41.296,3
KEN3099,2011-11-26,2011,Battles,Armed clash,Al Shabaab,Police Forces of Kenya (2002-2013),Kenya,Mandera,Mandera East,Mandera,3.9357,41.8542,0
KEN6902,2012-02-03,2012,Violence against civilians,Attack,Unidentified Armed Group (Kenya),Civilians (Kenya),Kenya,Garissa,Dadaab,Dadaab Refugee Camp,0.0514,40.3142,0
KEN3115,2012-01-11,2012,Violence against civilians,Attack,Police Forces of Kenya (2002-2013),Civilians (Somalia),Kenya,Garissa,Garissa,Garissa,-0.4536,39.6461,0
KEN6900,2012-01-28,2012,Violence against civilians,Attack,Unidentified Armed Group (Kenya),Civilians (Kenya),Kenya,Garissa,Garissa,Garissa,-0.4536,39.6461,0
KEN3096,2011-11-24,2011,Explosions/Remote violence,Grenade,Unidentified Armed Group (Kenya),Civilians (Kenya),Kenya,Garissa,Garissa,Garissa,-0.4536,39.6461,6
KEN3117,2012-01-11,2012,Battles,Armed clash,Al Shabaab,Police Forces of Kenya (2002-2013),Kenya,Wajir,Wajir South,Gerille,1.5963,40.877,6
KEN3118,2012-01-11,2012,Violence against civilians,Attack,Al Shabaab,Civilians (Kenya),Kenya,Garissa,Garissa,Garissa,-0.4536,39.6461,4
KEN3105,2011-12-22,2011,Battles,Armed clash,Al Shabaab,Police Forces of Kenya (2002-2013),Kenya,Nairobi,Starehe,Nairobi,-1.283,36.817,0
KEN3122,2012-01-28,2012,Violence against civilians,Attack,Police Forces of Kenya (2002-2013),Civilians (Kenya),Kenya,Nairobi,Starehe,Nairobi,-1.283,36.817,3
KEN3104,2011-12-22,2011,Battles,Armed clash,Al Shabaab,Police Forces of Kenya (2002-2013),Kenya,Mombasa,Mvita,Mombasa,-4.0547,39.6636,0
KEN3124,2012-01-29,2012,Battles,Armed clash,Al Shabaab,Police Forces of Kenya (2002-2013),Kenya,Mombasa,Mvita,Mombasa,-4.0547,39.6636,0
KEN17039,2012-01-15,2012,Violence against civilians,Abduction/forced disappearance,Al Shabaab,Civilians (Kenya),Kenya,Wajir,Wajir South,Gerille,1.5963,40.877,0
KEN3119,2012-01-13,2012,Battles,Armed clash,Al Shabaab,Police Forces of Kenya (2002-2013),Kenya,Nairobi,Kasarani,Nairobi - Kasarani,-1.2254,36.8977,0
KEN20430,2011-12-07,2011,Explosions/Remote violence,Remote explosive/landmine/IED,Al Shabaab,Police Forces of Kenya (2002-2013),Kenya,Garissa,Dadaab,Ifo,0.11,40.3135,2
KEN21249,2011-12-22,2011,Riots,Mob violence,Rioters (Kenya),Civilians (Kenya),Kenya,Kilifi,Malindi,Lango Baya,-3.1333,39.8333,2
KEN3189,2012-04-18,2012,Protests,Peaceful protest,Protesters (Kenya),,Kenya,Kakamega,Mumias West,Mumias,0.3351,34.4864,0
KEN3188,2012-04-16,2012,Battles,Armed clash,Police Forces of Kenya (2002-2013),Merrile Ethnic Militia (Ethiopia),Kenya,Turkana,Turkana North,Todenyang,4.5333,35.9333,2
KEN3184,2012-04-10,2012,Riots,Mob violence,Rioters (Kenya),Civilians (Kenya),Kenya,Kilifi,Kilifi North,Kilifi,-3.633,39.85,0
KEN3177,2012-03-25,2012,Protests,Peaceful protest,Protesters (Kenya),,Kenya,Busia,Teso North,Malaba,0.6346,34.2756,0
KEN3173,2012-03-24,2012,Violence against civilians,Attack,Police Forces of Kenya (2002-2013),Civilians (Somalia),Kenya,Mandera,Mandera East,Mandera,3.9357,41.8542,0
KEN3172,2012-03-24,2012,Battles,Armed clash,Police Forces of Kenya (2002-2013),MRC: Mombasa Republican Council,Kenya,Kilifi,Malindi,Malindi,-3.22,40.12,0
KEN3175,2012-03-24,2012,Violence against civilians,Attack,Pokot Ethnic Militia (Kenya),Civilians (Kenya),Kenya,Turkana,Loima,Kapelbok,3.0021,35.5322,6
KEN3176,2012-03-24,2012,Violence against civilians,Attack,Pokot Ethnic Militia (Kenya),Civilians (Kenya),Kenya,Turkana,Turkana West,Kataruk,3.1833,34.4667,1
KEN3174,2012-03-24,2012,Battles,Armed clash,Police Forces of Kenya (2002-2013),Pokot Ethnic Militia (Kenya),Kenya,Turkana,Loima,Kapelbok,3.0021,35.5322,1
KEN3164,2012-03-11,2012,Protests,Peaceful protest,Protesters (Kenya),,Kenya,Kiambu,Kikuyu,Nderi,-1.2167,36.65,0
KEN3165,2012-03-11,2012,Violence against civilians,Attack,Police Forces of Kenya (2002-2013),Civilians (Kenya),Kenya,Tana River,Garsen,Kilelengwani,-2.4779,40.4662,1
KEN3163,2012-03-11,2012,Protests,Peaceful protest,Protesters (Kenya),,Kenya,Muranga,Kigumo,Kigumo,-0.8167,36.9833,0
KEN3160,2012-03-08,2012,Protests,Peaceful protest,Protesters (Kenya),,Kenya,Kajiado,Kajiado East,Kitengela,-1.4761,36.9614,0
KEN3157,2012-02-29,2012,Battles,Armed clash,Police Forces of Kenya (2002-2013),MRC: Mombasa Republican Council,Kenya,Kilifi,Kaloleni,Kaloleni,-3.8167,39.6269,0
KEN3156,2012-02-28,2012,Battles,Armed clash,Police Forces of Kenya (2002-2013),Al Shabaab,Kenya,Mandera,Mandera East,Mandera,3.9357,41.8542,2
KEN3155,2012-02-28,2012,Explosions/Remote violence,Remote explosive/landmine/IED,Military Forces of Kenya (2002-2013),Al Shabaab,Kenya,Mandera,Mandera East,Mandera,3.9357,41.8542,0
KEN3153,2012-02-27,2012,Battles,Armed clash,Luo Ethnic Militia (Kenya),Kalenjin Ethnic Militia (Kenya),Kenya,Nandi,Tinderet,Tinderet,-0.0667,35.35,0
KEN3150,2012-02-26,2012,Battles,Armed clash,Luo Ethnic Militia (Kenya),Kalenjin Ethnic Militia (Kenya),Kenya,Nandi,Tinderet,Tinderet,-0.0667,35.35,0
KEN3147,2012-02-26,2012,Riots,Violent demonstration,Rioters (Kenya),Civilians (Kenya),Kenya,Kilifi,Malindi,Malindi,-3.22,40.12,0
KEN3145,2012-02-25,2012,Battles,Armed clash,Luo Ethnic Militia (Kenya),Kalenjin Ethnic Militia (Kenya),Kenya,Nandi,Tinderet,Tinderet,-0.0667,35.35,0
KEN3142,2012-02-24,2012,Battles,Armed clash,Luo Ethnic Militia (Kenya),Kalenjin Ethnic Militia (Kenya),Kenya,Nandi,Tinderet,Tinderet,-0.0667,35.35,0
KEN3137,2012-02-20,2012,Riots,Mob violence,Rioters (Kenya),Civilians (Kenya),Kenya,Kiambu,Thika Town,Thika,-1.05,37.0833,1
KEN3135,2012-02-18,2012,Protests,Peaceful protest,Protesters (Kenya),,Kenya,Taita Taveta,Taveta,Taveta,-3.3988,37.6834,0
KEN3136,2012-02-18,2012,Riots,Mob violence,Rioters (Kenya),Civilians (Kenya),Kenya,Kisumu,Kisumu East,Nyalenda,-0.15,34.75,1
KEN3132,2012-02-15,2012,Violence against civilians,Attack,Unidentified Armed Group (Kenya),Civilians (Kenya),Kenya,Isiolo,Garbatulla,Kaningo,0.8167,38.5333,5
KEN3128,2012-02-14,2012,Battles,Armed clash,Police Forces of Kenya (2002-2013),Pokot Ethnic Militia (Kenya),Kenya,Baringo,Tiaty,Kapedo,1.1692,36.0955,1
KEN3129,2012-02-14,2012,Battles,Armed clash,Pokot Ethnic Militia (Kenya),Turkana Ethnic Militia (Kenya),Kenya,Turkana,Turkana South,Lorogon,1.9307,35.4003,0
KEN3133,2012-02-17,2012,Battles,Armed clash,Police Forces of Kenya (2002-2013),Al Shabaab,Kenya,Garissa,Fafi,Fafi,-0.4209,40.2201,1
KEN3166,2012-03-13,2012,Violence against civilians,Attack,Unidentified Armed Group (Somalia),Civilians (Somalia),Kenya,Garissa,Dadaab,Dadaab Refugee Camp,0.0514,40.3142,2
KEN3146,2012-02-25,2012,Violence against civilians,Attack,Unidentified Ethnic Militia (Kenya),Civilians (Kenya),Kenya,Nandi,Chesumei,Kapsabet,0.2039,35.105,0
KEN3181,2012-04-04,2012,Protests,Peaceful protest,Protesters (Kenya),,Kenya,Kiambu,Kikuyu,Thogoto,-1.2692,36.6713,0
KEN3186,2012-04-11,2012,Violence against civilians,Attack,Unidentified Armed Group (Kenya),Civilians (Kenya),Kenya,Taita Taveta,Wundanyi,Wundanyi,-3.4,38.3667,0
KEN6746,2012-03-01,2012,Protests,Peaceful protest,Protesters (Kenya),,Kenya,Lamu,Lamu West,Lamu,-2.2717,40.902,0
KEN3170,2012-03-23,2012,Battles,Armed clash,Al Shabaab,Unidentified Communal Militia (Kenya),Kenya,Mandera,Mandera East,Mandera,3.9357,41.8542,3
KEN3171,2012-03-23,2012,Violence against civilians,Attack,Al Shabaab,Civilians (Kenya),Kenya,Mandera,Mandera East,Mandera,3.9357,41.8542,0
KEN3179,2012-03-31,2012,Explosions/Remote violence,Grenade,Unidentified Armed Group (Kenya),Civilians (Kenya),Kenya,Kilifi,Kilifi South,Mtwapa,-3.9499,39.745,3
KEN3190,2012-04-18,2012,Violence against civilians,Attack,Police Forces of Kenya (2002-2013),Civilians (Kenya),Kenya,Kiambu,Limuru,Limuru,-1.1136,36.6421,0
KEN6903,2012-03-03,2012,Violence against civilians,Attack,Unidentified Armed Group (Kenya),Civilians (Kenya),Kenya,Garissa,Garissa,Garissa,-0.4536,39.6461,1
KEN3202,2012-05-04,2012,Strategic developments,Disrupted weapons use,Unidentified Armed Group (Kenya),Police Forces of Kenya (2002-2013),Kenya,Garissa,Garissa,Garissa,-0.4536,39.6461,0
KEN3159,2012-03-06,2012,Riots,Violent demonstration,Police Forces of Kenya (2002-2013),Rioters (Kenya),Kenya,Garissa,Garissa,Garissa,-0.4536,39.6461,0
KEN3143,2012-02-25,2012,Battles,Armed clash,Luo Ethnic Militia (Kenya),Kalenjin Ethnic Militia (Kenya),Kenya,Siaya,Alego Usonga,Magombe Central,0.0833,34.0667,0
KEN3151,2012-02-27,2012,Battles,Armed clash,Luo Ethnic Militia (Kenya),Kalenjin Ethnic Militia (Kenya),Kenya,Siaya,Alego Usonga,Magombe Central,0.0833,34.0667,5
KEN3140,2012-02-24,2012,Battles,Armed clash,Luo Ethnic Militia (Kenya),Kalenjin Ethnic Militia (Kenya),Kenya,Siaya,Alego Usonga,Magombe Central,0.0833,34.0667,0
KEN3148,2012-02-26,2012,Battles,Armed clash,Luo Ethnic Militia (Kenya),Kalenjin Ethnic Militia (Kenya),Kenya,Siaya,Alego Usonga,Magombe Central,0.0833,34.0667,0
KEN3131,2012-02-15,2012,Protests,Peaceful protest,Protesters (Kenya),,Kenya,Nairobi,Starehe,Nairobi,-1.283,36.817,0
KEN3139,2012-02-22,2012,Riots,Violent demonstration,Rioters (Kenya),,Kenya,Nairobi,Starehe,Nairobi,-1.283,36.817,0
KEN3161,2012-03-09,2012,Protests,Peaceful protest,Protesters (Kenya),,Kenya,Nairobi,Starehe,Nairobi,-1.283,36.817,0
KEN3162,2012-03-10,2012,Explosions/Remote violence,Grenade,Al Shabaab,Civilians (Kenya),Kenya,Nairobi,Starehe,Nairobi,-1.283,36.817,9
KEN3168,2012-03-15,2012,Strategic developments,Change to group/activity,Al Shabaab,,Kenya,Nairobi,Starehe,Nairobi,-1.283,36.817,0
KEN3169,2012-03-21,2012,Protests,Peaceful protest,Protesters (Kenya),,Kenya,Nairobi,Starehe,Nairobi,-1.283,36.817,0
KEN3183,2012-04-09,2012,Violence against civilians,Attack,Unidentified Armed Group (Kenya),Civilians (Kenya),Kenya,Nairobi,Starehe,Nairobi,-1.283,36.817,0
KEN3200,2012-04-25,2012,Protests,Peaceful protest,Protesters (Kenya),,Kenya,Nairobi,Starehe,Nairobi,-1.283,36.817,0
KEN3201,2012-04-29,2012,Explosions/Remote violence,Grenade,Al Shabaab,Civilians (Kenya),Kenya,Nairobi,Starehe,Nairobi,-1.283,36.817,2
KEN3138,2012-02-22,2012,Riots,Violent demonstration,Rioters (Kenya),,Kenya,Mombasa,Mvita,Mombasa,-4.0547,39.6636,0
KEN3158,2012-03-06,2012,Protests,Peaceful protest,Protesters (Kenya),,Kenya,Mombasa,Mvita,Mombasa,-4.0547,39.6636,0
KEN3178,2012-03-31,2012,Explosions/Remote violence,Grenade,Unidentified Armed Group (Kenya),Civilians (Kenya),Kenya,Mombasa,Mvita,Mombasa,-4.0547,39.6636,0
KEN3185,2012-04-11,2012,Violence against civilians,Attack,Unidentified Armed Group (Kenya),Civilians (Kenya),Kenya,Mombasa,Likoni,Likoni,-4.0839,39.6616,1
KEN3198,2012-04-24,2012,Riots,Violent demonstration,Police Forces of Kenya (2002-2013),Rioters (Kenya),Kenya,Mombasa,Mvita,Mombasa,-4.0547,39.6636,1
KEN3199,2012-04-25,2012,Strategic developments,Change to group/activity,MRC: Mombasa Republican Council,,Kenya,Mombasa,Mvita,Mombasa,-4.0547,39.6636,0
KEN7944,2012-02-23,2012,Riots,Mob violence,Rioters (Kenya),Civilians (Kenya),Kenya,Mombasa,Likoni,Likoni,-4.0839,39.6616,0
KEN3141,2012-02-24,2012,Battles,Armed clash,Luo Ethnic Militia (Kenya),Kalenjin Ethnic Militia (Kenya),Kenya,Kisumu,Muhoroni,Muhoroni,-0.1567,35.1984,0
KEN3144,2012-02-25,2012,Battles,Armed clash,Luo Ethnic Militia (Kenya),Kalenjin Ethnic Militia (Kenya),Kenya,Kisumu,Muhoroni,Muhoroni,-0.1567,35.1984,0
KEN3149,2012-02-26,2012,Battles,Armed clash,Luo Ethnic Militia (Kenya),Kalenjin Ethnic Militia (Kenya),Kenya,Kisumu,Muhoroni,Muhoroni,-0.1567,35.1984,0
KEN3152,2012-02-27,2012,Battles,Armed clash,Luo Ethnic Militia (Kenya),Kalenjin Ethnic Militia (Kenya),Kenya,Kisumu,Muhoroni,Muhoroni,-0.1567,35.1984,0
KEN3203,2012-05-06,2012,Riots,Violent demonstration,Rioters (Kenya),Police Forces of Kenya (2002-2013),Kenya,Vihiga,Sabatia,Sabatia,0.1321,34.7934,0
KEN3167,2012-03-14,2012,Riots,Violent demonstration,Rioters (Kenya),,Kenya,Nairobi,Starehe,Nairobi - Starehe,-1.2881,36.8236,0
KEN3130,2012-02-14,2012,Violence against civilians,Attack,Unidentified Armed Group (Kenya),Civilians (Kenya),Kenya,Turkana,Loima,Loima,2.8558,35.0771,1
KEN3134,2012-02-17,2012,Violence against civilians,Attack,Unidentified Armed Group (Kenya),Civilians (Kenya),Kenya,Nairobi,Dagoretti North,Nairobi - Dagoretti North,-1.2793,36.7789,1
KEN3154,2012-02-28,2012,Riots,Mob violence,Rioters (Kenya),Al Shabaab,Kenya,Mandera,Mandera East,Mandera,3.9357,41.8542,1
KEN3255,2012-06-17,2012,Strategic developments,Looting/property destruction,MRC: Mombasa Republican Council,,Kenya,Kilifi,Malindi,Malindi,-3.22,40.12,0
KEN3254,2012-06-16,2012,Strategic developments,Change to group/activity,Al Shabaab,,Kenya,Lamu,Lamu West,Lamu,-2.2717,40.902,0
KEN3240,2012-06-13,2012,Violence against civilians,Attack,Unidentified Armed Group (Kenya),Civilians (Kenya),Kenya,Narok,Narok North,Narok,-1.0783,35.8601,0
KEN3220,2012-06-01,2012,Protests,Peaceful protest,Protesters (Kenya),,Kenya,Nyamira,Nyamira,Nyamira,-0.5666,34.9167,0
KEN3219,2012-05-30,2012,Explosions/Remote violence,Remote explosive/landmine/IED,Unidentified Armed Group (Kenya),Civilians (Kenya),Kenya,Wajir,Wajir East,Wajir,1.75,40.06,1
KEN3218,2012-05-29,2012,Battles,Armed clash,Unidentified Armed Group (Kenya),Police Forces of Kenya (2002-2013),Kenya,Garissa,Dadaab,Liboi,0.3534,40.8723,0
KEN3216,2012-05-26,2012,Explosions/Remote violence,Grenade,Unidentified Armed Group (Kenya),Civilians (Kenya),Kenya,Wajir,Wajir East,Wajir,1.75,40.06,0
KEN3214,2012-05-24,2012,Explosions/Remote violence,Grenade,Unidentified Armed Group (Kenya),Civilians (Kenya),Kenya,Garissa,Fafi,Hagadera Refugee Camp,0.0037,40.3746,0
KEN3208,2012-05-15,2012,Explosions/Remote violence,Remote explosive/landmine/IED,Unidentified Armed Group (Kenya),Civilians (Kenya),Kenya,Garissa,Dadaab,Dadaab Refugee Camp,0.0514,40.3142,1
KEN3207,2012-05-14,2012,Violence against civilians,Attack,Unidentified Armed Group (Kenya),Civilians (Kenya),Kenya,Kwale,Matuga,Kwale,-4.1738,39.4521,2
KEN3206,2012-05-08,2012,Violence against civilians,Attack,Unidentified Armed Group (Kenya),Civilians (Kenya),Kenya,Marsabit,North Horr,Jaldesa,4.1935,37.0775,3
KEN3212,2012-05-21,2012,Explosions/Remote violence,Remote explosive/landmine/IED,Unidentified Armed Group (Kenya),Military Forces of Kenya (2002-2013),Kenya,Mandera,Mandera East,Mandera,3.9357,41.8542,0
KEN3225,2012-06-03,2012,Violence against civilians,Attack,Unidentified Armed Group (Kenya),Civilians (Kenya),Kenya,Mombasa,Nyali,Nyali,-4.0525,39.6954,0
KEN3226,2012-06-05,2012,Battles,Armed clash,Unidentified Armed Group (Kenya),Unidentified Armed Group (Kenya),Kenya,Siaya,Ugunja,Bar Osimbo,0.1667,34.2667,2
KEN3227,2012-06-06,2012,Battles,Armed clash,Unidentified Ethnic Militia (Kenya),Unidentified Ethnic Militia (Kenya),Kenya,Bungoma,Sirisia,Lwakhakha,0.7911,34.3794,0
KEN3231,2012-06-09,2012,Protests,Peaceful protest,Protesters (Kenya),,Kenya,Kiambu,Kiambu Town,Thindigua,-1.2025,36.8314,0
KEN3233,2012-06-10,2012,Protests,Protest with intervention,Protesters (Kenya),Police Forces of Kenya (2002-2013),Kenya,Nyamira,Borabu,Sotik Tea Estate,-0.5862,35.0496,0
KEN3235,2012-06-11,2012,Protests,Protest with intervention,Protesters (Kenya),Police Forces of Kenya (2002-2013),Kenya,Nyamira,Borabu,Sotik Tea Estate,-0.5862,35.0496,0
KEN3238,2012-06-12,2012,Riots,Violent demonstration,Rioters (Kenya),,Kenya,Bungoma,Kanduyi,Kibabii,0.6199,34.5275,0
KEN3239,2012-06-12,2012,Protests,Protest with intervention,Protesters (Kenya),Police Forces of Kenya (2002-2013),Kenya,Nyamira,Borabu,Sotik Tea Estate,-0.5862,35.0496,0
KEN3242,2012-06-13,2012,Violence against civilians,Attack,Unidentified Armed Group (Kenya),Civilians (Kenya),Kenya,Busia,Nambale,Bukhayo,0.5,34.25,0
KEN3243,2012-06-13,2012,Violence against civilians,Attack,Unidentified Armed Group (Kenya),Civilians (Kenya),Kenya,Busia,Nambale,Bukhayo,0.5,34.25,0
KEN3244,2012-06-13,2012,Violence against civilians,Attack,Unidentified Armed Group (Kenya),Civilians (Kenya),Kenya,Busia,Nambale,Igara,0.5333,34.3667,0
KEN3245,2012-06-13,2012,Violence against civilians,Attack,Unidentified Armed Group (Kenya),Civilians (Kenya),Kenya,Busia,Nambale,Lupida,0.5,34.3333,0
KEN3248,2012-06-15,2012,Explosions/Remote violence,Remote explosive/landmine/IED,Unidentified Armed Group (Kenya),Civilians (Kenya),Kenya,Garissa,Dadaab,Dadaab Refugee Camp,0.0514,40.3142,0
KEN3221,2012-06-01,2012,Violence against civilians,Attack,Merrile Ethnic Militia (Ethiopia),Civilians (Kenya),Kenya,Turkana,Turkana North,Todenyang,4.5333,35.9333,1
KEN3241,2012-06-13,2012,Protests,Peaceful protest,Protesters (Kenya),,Kenya,Mombasa,Kisauni,Kisauni,-4.0333,39.6833,0
KEN3204,2012-05-07,2012,Protests,Peaceful protest,Protesters (Kenya),,Kenya,Nyandarua,Kinangop,Mai Mahiu,-0.5833,36.6167,0
KEN3229,2012-06-06,2012,Protests,Peaceful protest,Protesters (Kenya),,Kenya,Nakuru,Nakuru North,Nakuru,-0.2441,36.142,0
KEN3213,2012-05-23,2012,Battles,Armed clash,Unidentified Armed Group (Kenya),Unidentified Armed Group (Kenya),Kenya,Narok,Transmara West,Mara North Conservancy,-1.4167,34.9167,0
KEN3249,2012-06-15,2012,Violence against civilians,Attack,Unidentified Armed Group (Kenya),Civilians (Somalia),Kenya,Garissa,Dadaab,Dadaab Refugee Camp,0.0514,40.3142,0
KEN3246,2012-06-14,2012,Strategic developments,Change to group/activity,Police Forces of Kenya (2002-2013),,Kenya,Nairobi,Starehe,Nairobi,-1.283,36.817,0
KEN3205,2012-05-08,2012,Protests,Peaceful protest,Protesters (Kenya),,Kenya,Nairobi,Kamukunji,Nairobi - Kamukunji,-1.2759,36.8526,0
KEN3209,2012-05-15,2012,Explosions/Remote violence,Grenade,Unidentified Armed Group (Kenya),Civilians (Kenya),Kenya,Mombasa,Mvita,Mombasa,-4.0547,39.6636,1
KEN3210,2012-05-17,2012,Protests,Peaceful protest,Protesters (Kenya),,Kenya,Mombasa,Mvita,Mombasa,-4.0547,39.6636,0
KEN3224,2012-06-03,2012,Violence against civilians,Attack,Unidentified Armed Group (Kenya),Civilians (Kenya),Kenya,Mombasa,Mvita,Mombasa,-4.0547,39.6636,0
KEN3234,2012-06-11,2012,Protests,Peaceful protest,Protesters (Kenya),,Kenya,Mombasa,Mvita,Mombasa,-4.0547,39.6636,0
KEN3223,2012-06-03,2012,Violence against civilians,Attack,Unidentified Armed Group (Kenya),Civilians (Kenya),Kenya,Mombasa,Nyali,Ganjoni,-4.0644,39.6607,0
KEN3247,2012-06-14,2012,Strategic developments,Disrupted weapons use,Unidentified Armed Group (Kenya),Police Forces of Kenya (2002-2013),Kenya,Kiambu,Gatundu South,Gatundu,-1.0129,36.9049,0
KEN14011,2012-06-10,2012,Battles,Armed clash,Military Forces of the United Kingdom (2010-2024),Samburu Ethnic Militia (Kenya),Kenya,Samburu,Samburu East,Wamba,0.9802,37.3235,1
KEN3217,2012-05-28,2012,Explosions/Remote violence,Remote explosive/landmine/IED,Unidentified Armed Group (Kenya),Civilians (Kenya),Kenya,Nairobi,Starehe,Nairobi - Starehe,-1.2881,36.8236,1
KEN3211,2012-05-19,2012,Violence against civilians,Attack,Unidentified Armed Group (Kenya),Civilians (Kenya),Kenya,Garissa,Dadaab,Ifo,0.11,40.3135,2
KEN3215,2012-05-26,2012,Explosions/Remote violence,Grenade,Unidentified Armed Group (Kenya),Civilians (Kenya),Kenya,Garissa,Dadaab,Ifo,0.11,40.3135,0
KEN3236,2012-06-12,2012,Strategic developments,Other,Government of Kenya (2002-2013),,Kenya,Nairobi,Starehe,Nairobi,-1.283,36.817,0
KEN3303,2012-07-25,2012,Explosions/Remote violence,Remote explosive/landmine/IED,Al Shabaab,Civilians (Kenya),Kenya,Garissa,Dadaab,Dadaab Refugee Camp,0.0514,40.3142,0
KEN3291,2012-07-16,2012,Battles,Armed clash,Police Forces of Kenya (2002-2013),Al Shabaab,Kenya,Garissa,Dadaab,Liboi,0.3534,40.8723,1
KEN3264,2012-06-25,2012,Strategic developments,Disrupted weapons use,Unidentified Armed Group (Kenya),Police Forces of Kenya (2002-2013),Kenya,Kajiado,Loitokitok,Ongata Rongai,-2.75,37.3833,0
KEN3256,2012-06-19,2012,Strategic developments,Change to group/activity,MRC: Mombasa Republican Council,,Kenya,Kilifi,Kaloleni,Kaloleni,-3.8167,39.6269,0
KEN3259,2012-06-22,2012,Violence against civilians,Attack,Unidentified Armed Group (Somalia),Civilians (Somalia),Kenya,Garissa,Dadaab,Dadaab Refugee Camp,0.0514,40.3142,1
KEN3265,2012-06-26,2012,Protests,Peaceful protest,Protesters (Kenya),,Kenya,Kisumu,Kisumu Central,Kisumu,-0.1,34.75,0
KEN3266,2012-06-26,2012,Riots,Violent demonstration,Rioters (Kenya),Police Forces of Kenya (2002-2013),Kenya,Kisii,Nyaribari Masaba,Keroka,-0.7833,34.95,0
KEN3268,2012-06-27,2012,Protests,Peaceful protest,Protesters (Kenya),,Kenya,Kisumu,Nyando,Awasi,-0.16,35.0731,0
KEN3278,2012-07-01,2012,Violence against civilians,Attack,Unidentified Armed Group (Kenya),Civilians (Ethiopia),Kenya,Turkana,Turkana Central,Lake Turkana,3.5,36,3
KEN3281,2012-07-04,2012,Violence against civilians,Attack,Unidentified Armed Group (Kenya),Civilians (Kenya),Kenya,Isiolo,Isiolo,Isiolo,0.3546,37.5822,0
KEN3282,2012-07-04,2012,Violence against civilians,Attack,Unidentified Armed Group (Somalia),Civilians (Kenya),Kenya,Mandera,Mandera East,Mandera,3.9357,41.8542,1
KEN3285,2012-07-11,2012,Protests,Peaceful protest,Protesters (Kenya),,Kenya,Narok,Narok North,Narok,-1.0783,35.8601,0
KEN3286,2012-07-11,2012,Riots,Mob violence,Rioters (Kenya),Civilians (Somalia),Kenya,Busia,Matayos,Busia,0.46,34.112,0
KEN3288,2012-07-12,2012,Protests,Peaceful protest,Protesters (Kenya),,Kenya,Narok,Narok North,Narok,-1.0783,35.8601,0
KEN3292,2012-07-16,2012,Violence against civilians,Abduction/forced disappearance,Unidentified Armed Group (Kenya),Civilians (Kenya),Kenya,Busia,Teso North,Amagoro,0.6333,34.3333,0
KEN3294,2012-07-18,2012,Explosions/Remote violence,Grenade,Al Shabaab,Civilians (Kenya),Kenya,Wajir,Wajir East,Wajir,1.75,40.06,0
KEN3296,2012-07-21,2012,Strategic developments,Disrupted weapons use,Police Forces of Kenya (2002-2013),Al Shabaab,Kenya,Trans Nzoia,Saboti,Kitale,1.0167,35,0
KEN3301,2012-07-23,2012,Violence against civilians,Attack,Unidentified Armed Group (Kenya),Civilians (Kenya),Kenya,Turkana,Turkana South,Lorogon,1.9307,35.4003,0
KEN3305,2012-07-27,2012,Riots,Mob violence,Rioters (Kenya),Civilians (International),Kenya,Isiolo,Isiolo,Isiolo,0.3546,37.5822,0
KEN3289,2012-07-13,2012,Battles,Armed clash,Police Forces of Kenya (2002-2013),Al Shabaab,Kenya,Mandera,Lafey,Fino,3.3711,41.4468,1
KEN3284,2012-07-09,2012,Protests,Peaceful protest,Protesters (Kenya),,Kenya,Busia,Teso North,Malaba Hills,0.6328,34.2694,0
KEN3297,2012-07-22,2012,Protests,Peaceful protest,Protesters (Kenya),,Kenya,Nyamira,Borabu,Nyando,-0.7166,35.0333,0
KEN3258,2012-06-21,2012,Strategic developments,Disrupted weapons use,Al Shabaab,,Kenya,Garissa,Dadaab,Liboi,0.3534,40.8723,0
KEN3272,2012-06-29,2012,Battles,Armed clash,Al Shabaab,Police Forces of Kenya (2002-2013),Kenya,Mandera,Lafey,Fino,3.3711,41.4468,0
KEN3271,2012-06-29,2012,Battles,Armed clash,Al Shabaab,Police Forces of Kenya (2002-2013),Kenya,Mandera,Mandera East,Mandera,3.9357,41.8542,0
KEN3263,2012-06-24,2012,Riots,Mob violence,Rioters (Kenya),Civilians (Kenya),Kenya,Kilifi,Kilifi North,Kilifi,-3.633,39.85,1
KEN3260,2012-06-23,2012,Explosions/Remote violence,Remote explosive/landmine/IED,Police Forces of Kenya (2002-2013),Al Shabaab,Kenya,Mandera,Mandera East,Mandera,3.9357,41.8542,0
KEN3277,2012-07-01,2012,Violence against civilians,Attack,Al Shabaab,Civilians (Kenya),Kenya,Garissa,Garissa,Garissa,-0.4536,39.6461,17
KEN3274,2012-06-29,2012,Violence against civilians,Attack,Al Shabaab,Civilians (Kenya),Kenya,Garissa,Dadaab,Dadaab Refugee Camp,0.0514,40.3142,1
KEN3257,2012-06-20,2012,Strategic developments,Arrests,Police Forces of Kenya (2002-2013),Unidentified Armed Group (International),Kenya,Nairobi,Starehe,Nairobi,-1.283,36.817,0
KEN3287,2012-07-12,2012,Protests,Peaceful protest,Protesters (Kenya),,Kenya,Nairobi,Starehe,Nairobi,-1.283,36.817,0
KEN3290,2012-07-15,2012,Strategic developments,Change to group/activity,Al Hijra Muslim Youth Centre Militia,,Kenya,Nairobi,Starehe,Nairobi,-1.283,36.817,0
KEN3299,2012-07-22,2012,Riots,Mob violence,Rioters (Kenya),Civilians (Kenya),Kenya,Nairobi,Starehe,Nairobi,-1.283,36.817,1
KEN3302,2012-07-24,2012,Violence against civilians,Abduction/forced disappearance,Unidentified Armed Group (Kenya),Civilians (Kenya),Kenya,Nairobi,Starehe,Nairobi,-1.283,36.817,0
KEN3298,2012-07-22,2012,Riots,Mob violence,Rioters (Kenya),Civilians (Kenya),Kenya,Nairobi,Kibra,Nairobi - Kibra,-1.3061,36.7857,1
KEN3262,2012-06-24,2012,Explosions/Remote violence,Grenade,Al Shabaab,Civilians (Kenya),Kenya,Mombasa,Mvita,Mombasa,-4.0547,39.6636,3
KEN3267,2012-06-26,2012,Violence against civilians,Abduction/forced disappearance,Police Forces of Kenya (2002-2013),Civilians (Kenya),Kenya,Mombasa,Mvita,Makupa,-4.0338,39.6515,0
KEN3280,2012-07-04,2012,Protests,Protest with intervention,Police Forces of Kenya (2002-2013),Protesters (Kenya),Kenya,Mombasa,Mvita,Mombasa,-4.0547,39.6636,0
KEN3269,2012-06-28,2012,Protests,Peaceful protest,Protesters (Kenya),,Kenya,Nairobi,Starehe,Nairobi - Starehe,-1.2881,36.8236,0
KEN6905,2012-07-15,2012,Explosions/Remote violence,Remote explosive/landmine/IED,Unidentified Armed Group (Kenya),Civilians (Kenya),Kenya,Garissa,Dadaab,Dagahaley,0.1891,40.2832,0
KEN3261,2012-06-23,2012,Strategic developments,Disrupted weapons use,Unidentified Armed Group (Kenya),,Kenya,Nairobi,Dagoretti North,Nairobi - Dagoretti North,-1.2793,36.7789,0
KEN3295,2012-07-20,2012,Battles,Armed clash,Degodia Clan Militia (Kenya),Garre Clan Militia (Kenya),Kenya,Mandera,Banissa,Banissa,3.9439,40.3445,3
KEN3304,2012-07-27,2012,Battles,Armed clash,Degodia Clan Militia (Kenya),Garre Clan Militia (Kenya),Kenya,Mandera,Banissa,Banissa,3.9439,40.3445,3
KEN19945,2012-07-25,2012,Riots,Mob violence,Rioters (Kenya),Civilians (Kenya),Kenya,Kakamega,Butere,Butere,0.2064,34.4935,1
KEN3396,2012-10-03,2012,Strategic developments,Change to group/activity,Police Forces of Kenya (2002-2013),MRC: Mombasa Republican Council,Kenya,Kwale,Matuga,Kwale,-4.1738,39.4521,0
KEN3384,2012-09-28,2012,Strategic developments,Disrupted weapons use,Police Forces of Kenya (2002-2013),Al Shabaab,Kenya,Machakos,Yatta,Matuu,-1.146,37.5475,0
KEN3377,2012-09-24,2012,Violence against civilians,Attack,Police Forces of Kenya (2002-2013),Civilians (Kenya),Kenya,Lamu,Lamu West,Witu,-2.3889,40.4382,0
KEN3375,2012-09-23,2012,Violence against civilians,Attack,Police Forces of Kenya (2002-2013),Civilians (Kenya),Kenya,Lamu,Lamu West,Witu,-2.3889,40.4382,0
KEN3312,2012-08-10,2012,Protests,Peaceful protest,Protesters (Kenya),,Kenya,Trans Nzoia,Saboti,Kitale,1.0167,35,0
KEN3316,2012-08-15,2012,Battles,Armed clash,Police Forces of Kenya (2002-2013),Al Shabaab,Kenya,Lamu,Lamu West,Lamu,-2.2717,40.902,3
KEN3327,2012-08-22,2012,Protests,Peaceful protest,Protesters (Kenya),,Kenya,Nandi,Chesumei,Kapsabet,0.2039,35.105,0
KEN3335,2012-08-27,2012,Riots,Violent demonstration,Police Forces of Kenya (2002-2013),Rioters (Kenya),Kenya,Mombasa,Mvita,Majengo,-4.0486,39.6706,0
KEN3336,2012-08-27,2012,Violence against civilians,Attack,Unidentified Armed Group (Kenya),Civilians (Kenya),Kenya,Mombasa,Kisauni,Bamburi,-4,39.7167,1
KEN3338,2012-08-28,2012,Battles,Armed clash,Police Forces of Kenya (2002-2013),Muslim Militia (Kenya),Kenya,Mombasa,Nyali,Mwandoni,-4.02,39.6947,3
KEN3339,2012-08-28,2012,Riots,Violent demonstration,Police Forces of Kenya (2002-2013),Rioters (Kenya),Kenya,Mombasa,Kisauni,Bamburi,-4,39.7167,0
KEN3341,2012-08-28,2012,Riots,Violent demonstration,Police Forces of Kenya (2002-2013),Rioters (Kenya),Kenya,Mombasa,Mvita,Majengo,-4.0486,39.6706,0
KEN3344,2012-08-29,2012,Riots,Violent demonstration,Police Forces of Kenya (2002-2013),Rioters (Kenya),Kenya,Mombasa,Mvita,Majengo,-4.0486,39.6706,0
KEN3347,2012-08-30,2012,Riots,Violent demonstration,Police Forces of Kenya (2002-2013),Rioters (Kenya),Kenya,Mombasa,Mvita,Majengo,-4.0486,39.6706,0
KEN3349,2012-08-30,2012,Riots,Violent demonstration,Police Forces of Kenya (2002-2013),Rioters (Kenya),Kenya,Kilifi,Kilifi South,Mwembe Tayari,-3.85,39.75,0
KEN3350,2012-08-31,2012,Protests,Peaceful protest,Protesters (Kenya),,Kenya,Kiambu,Gatundu North,Kieni,-0.85,36.6833,0
KEN3358,2012-09-10,2012,Battles,Armed clash,Police Forces of Kenya (2002-2013),Pokomo Ethnic Militia (Kenya),Kenya,Tana River,Garsen,Kilelengwani,-2.4779,40.4662,9
KEN3359,2012-09-10,2012,Violence against civilians,Attack,Pokomo Ethnic Militia (Kenya),Civilians (Kenya),Kenya,Tana River,Garsen,Kilelengwani,-2.4779,40.4662,29
KEN3360,2012-09-11,2012,Violence against civilians,Attack,Orma Ethnic Militia (Kenya),Civilians (Kenya),Kenya,Tana River,Garsen,Laini Village,-2.51,40.28,0
KEN3361,2012-09-11,2012,Violence against civilians,Attack,Orma Ethnic Militia (Kenya),Civilians (Kenya),Kenya,Tana River,Garsen,Nduru,-2.5065,40.2726,0
KEN3362,2012-09-11,2012,Violence against civilians,Attack,Orma Ethnic Militia (Kenya),Civilians (Kenya),Kenya,Tana River,Garsen,Shirikisho,-2.5006,40.3247,0
KEN3366,2012-09-14,2012,Battles,Armed clash,Police Forces of Kenya (2002-2013),MRC: Mombasa Republican Council,Kenya,Kwale,Kinango,Dzombo Forest,-3.9167,39.4333,1
KEN3367,2012-09-15,2012,Explosions/Remote violence,Remote explosive/landmine/IED,Police Forces of Kenya (2002-2013),Al Shabaab,Kenya,Mandera,Mandera East,Mandera,3.9357,41.8542,0
KEN3372,2012-09-17,2012,Violence against civilians,Attack,Police Forces of Kenya (2002-2013),Civilians (Kenya),Kenya,Tana River,Garsen,Ozi,-2.5093,40.4558,0
KEN3373,2012-09-20,2012,Riots,Mob violence,Rioters (Kenya),Civilians (Kenya),Kenya,Kericho,Ainamoi,Kericho,-0.3677,35.2831,0
KEN3383,2012-09-28,2012,Riots,Mob violence,Rioters (Kenya),MRC: Mombasa Republican Council,Kenya,Kwale,Kinango,Silaloni,-3.6169,39.2869,4
KEN3398,2012-10-04,2012,Riots,Mob violence,Rioters (Kenya),MRC: Mombasa Republican Council,Kenya,Kilifi,Kilifi South,Mtwapa,-3.9499,39.745,3
KEN3399,2012-10-04,2012,Violence against civilians,Attack,MRC: Mombasa Republican Council,Civilians (Kenya),Kenya,Kilifi,Kilifi South,Mtwapa,-3.9499,39.745,1
KEN3408,2012-10-12,2012,Riots,Violent demonstration,Rioters (Kenya),,Kenya,Embu,Manyatta,Embu,-0.5333,37.45,0
KEN3409,2012-10-13,2012,Riots,Violent demonstration,Rioters (Kenya),,Kenya,Embu,Manyatta,Embu,-0.5333,37.45,0
KEN3411,2012-10-14,2012,Riots,Violent demonstration,Rioters (Kenya),,Kenya,Embu,Manyatta,Embu,-0.5333,37.45,0
KEN3414,2012-10-15,2012,Battles,Armed clash,Police Forces of Kenya (2002-2013),MRC: Mombasa Republican Council,Kenya,Kwale,Matuga,Kombani,-4.1999,39.5811,2
KEN3415,2012-10-15,2012,Violence against civilians,Attack,MRC: Mombasa Republican Council,Civilians (Kenya),Kenya,Kwale,Matuga,Kombani,-4.1999,39.5811,1
KEN3416,2012-10-15,2012,Protests,Peaceful protest,Protesters (Kenya),,Kenya,Nyandarua,Kinangop,Nyandarua,-0.55,36.6167,0
KEN3424,2012-10-20,2012,Battles,Armed clash,Police Forces of Kenya (2002-2013),MRC: Mombasa Republican Council,Kenya,Kilifi,Kaloleni,Kaloleni,-3.8167,39.6269,0
KEN3425,2012-10-20,2012,Violence against civilians,Attack,Police Forces of Kenya (2002-2013),Civilians (Kenya),Kenya,Kilifi,Kaloleni,Kaloleni,-3.8167,39.6269,0
KEN3426,2012-10-20,2012,Violence against civilians,Attack,Turkana Ethnic Militia (Kenya),Civilians (Kenya),Kenya,Samburu,Samburu Central,Maralal,1.0968,36.698,0
KEN3364,2012-09-13,2012,Protests,Peaceful protest,Protesters (Kenya),,Kenya,Muranga,Kandara,Nguruaini,-0.88,37.07,0
KEN3405,2012-10-09,2012,Protests,Peaceful protest,Protesters (Kenya),,Kenya,Embu,Mbeere South,Mbeere,-0.6961,37.6861,0
KEN3323,2012-08-20,2012,Battles,Armed clash,Maasai Ethnic Militia (Kenya),Sonjo Ethnic Militia (Kenya),Kenya,Siaya,Ugunja,Naam,0.2167,34.3,0
KEN3322,2012-08-19,2012,Violence against civilians,Attack,Unidentified Ethnic Militia (Kenya),Civilians (Kenya),Kenya,Wajir,Wajir South,Dera Bombi,0.822,39.8966,3
KEN3351,2012-09-03,2012,Protests,Protest with intervention,Police Forces of Kenya (2002-2013),Protesters (Kenya),Kenya,Muranga,Kiharu,Muranga,-0.7166,37.15,0
KEN3328,2012-08-23,2012,Violence against civilians,Attack,Unidentified Ethnic Militia (Kenya),Civilians (Kenya),Kenya,Mandera,Mandera North,Rhamu,3.9208,41.2192,5
KEN3353,2012-09-04,2012,Riots,Mob violence,Rioters (Kenya),Civilians (Kenya),Kenya,Siaya,Alego Usonga,Siaya,0.06,34.2861,0
KEN3355,2012-09-06,2012,Violence against civilians,Attack,Orma Ethnic Militia (Kenya),Civilians (Kenya),Kenya,Tana River,Garsen,Tarasaa,-2.4676,40.0978,11
KEN3369,2012-09-15,2012,Explosions/Remote violence,Remote explosive/landmine/IED,Police Forces of Kenya (2002-2013),Civilians (Kenya),Kenya,Mandera,Mandera East,Mandera,3.9357,41.8542,0
KEN3354,2012-09-07,2012,Battles,Armed clash,Orma Ethnic Militia (Kenya),Police Forces of Kenya (2002-2013),Kenya,Tana River,Garsen,Chamwanamuma,-2.5097,40.2977,0
KEN3380,2012-09-27,2012,Violence against civilians,Attack,MRC: Mombasa Republican Council,Civilians (Kenya),Kenya,Kilifi,Kaloleni,Kaloleni,-3.8167,39.6269,1
KEN3420,2012-10-17,2012,Violence against civilians,Attack,Al Shabaab,Civilians (Kenya),Kenya,Garissa,Dadaab,Liboi,0.3534,40.8723,1
KEN3381,2012-09-27,2012,Riots,Mob violence,Rioters (Kenya),Civilians (Kenya),Kenya,Kilifi,Kaloleni,Kaloleni,-3.8167,39.6269,11
KEN3337,2012-08-28,2012,Explosions/Remote violence,Grenade,Police Forces of Kenya (2002-2013),Muslim Militia (Kenya),Kenya,Mombasa,Kisauni,Kisauni,-4.0333,39.6833,1
KEN3318,2012-08-15,2012,Strategic developments,Other,Kalenjin Ethnic Militia (Kenya),,Kenya,Nakuru,Nakuru North,Nakuru,-0.2441,36.142,0
KEN3371,2012-09-15,2012,Strategic developments,Other,Kikuyu Ethnic Militia (Kenya),,Kenya,Nakuru,Nakuru North,Nakuru,-0.2441,36.142,0
KEN3389,2012-10-01,2012,Violence against civilians,Attack,Police Forces of Kenya (2002-2013),Civilians (Kenya),Kenya,Garissa,Garissa,Garissa,-0.4536,39.6461,0
KEN3319,2012-08-15,2012,Strategic developments,Other,Kikuyu Ethnic Militia (Kenya),,Kenya,Nakuru,Nakuru North,Nakuru,-0.2441,36.142,0
KEN3370,2012-09-15,2012,Strategic developments,Other,Kalenjin Ethnic Militia (Kenya),,Kenya,Nakuru,Nakuru North,Nakuru,-0.2441,36.142,0
KEN3422,2012-10-19,2012,Battles,Armed clash,Police Forces of Kenya (2002-2013),Al Shabaab,Kenya,Garissa,Garissa,Garissa,-0.4536,39.6461,0
KEN3423,2012-10-19,2012,Violence against civilians,Attack,Police Forces of Kenya (2002-2013),Civilians (Kenya),Kenya,Garissa,Garissa,Garissa,-0.4536,39.6461,0
KEN3390,2012-10-02,2012,Battles,Armed clash,Police Forces of Kenya (2002-2013),Al Shabaab,Kenya,Garissa,Garissa,Garissa,-0.4536,39.6461,2
KEN3378,2012-09-24,2012,Violence against civilians,Attack,Police Forces of Kenya (2002-2013),Civilians (Kenya),Kenya,Machakos,Machakos,Machakos,-1.5167,37.2667,0
KEN3388,2012-10-01,2012,Explosions/Remote violence,Grenade,Police Forces of Kenya (2002-2013),Al Shabaab,Kenya,Garissa,Garissa,Garissa,-0.4536,39.6461,0
KEN3340,2012-08-28,2012,Riots,Violent demonstration,Police Forces of Kenya (2002-2013),Rioters (Kenya),Kenya,Mombasa,Kisauni,Kisauni,-4.0333,39.6833,0
KEN3391,2012-10-02,2012,Strategic developments,Looting/property destruction,Police Forces of Kenya (2002-2013),Unidentified Armed Group (Kenya),Kenya,Garissa,Garissa,Garissa,-0.4536,39.6461,0
KEN3374,2012-09-21,2012,Explosions/Remote violence,Remote explosive/landmine/IED,Police Forces of Kenya (2002-2013),Al Shabaab,Kenya,Garissa,Garissa,Garissa,-0.4536,39.6461,0
KEN3386,2012-09-30,2012,Battles,Armed clash,Police Forces of Kenya (2002-2013),Al Shabaab,Kenya,Garissa,Garissa,Garissa,-0.4536,39.6461,2
KEN3313,2012-08-13,2012,Violence against civilians,Attack,Orma Ethnic Militia (Kenya),Civilians (Kenya),Kenya,Tana River,Garsen,Kau,-2.488,40.4385,2
KEN3314,2012-08-13,2012,Violence against civilians,Attack,Orma Ethnic Militia (Kenya),Civilians (Kenya),Kenya,Tana River,Garsen,Kilelengwani,-2.4779,40.4662,2
KEN3326,2012-08-21,2012,Violence against civilians,Attack,Pokomo Ethnic Militia (Kenya),Civilians (Kenya),Kenya,Tana River,Garsen,Reketa,-2.4414,40.3865,53
KEN3317,2012-08-15,2012,Violence against civilians,Attack,Unidentified Armed Group (Kenya),Civilians (Kenya),Kenya,Nairobi,Starehe,Nairobi,-1.283,36.817,1
KEN3352,2012-09-03,2012,Protests,Peaceful protest,Protesters (Kenya),,Kenya,Nairobi,Starehe,Nairobi,-1.283,36.817,0
KEN3379,2012-09-25,2012,Protests,Peaceful protest,Protesters (Kenya),,Kenya,Nairobi,Starehe,Nairobi,-1.283,36.817,0
KEN3404,2012-10-09,2012,Protests,Peaceful protest,Protesters (Kenya),,Kenya,Nairobi,Starehe,Nairobi,-1.283,36.817,0
KEN3407,2012-10-12,2012,Protests,Peaceful protest,Protesters (Kenya),,Kenya,Nairobi,Starehe,Nairobi,-1.283,36.817,0
KEN3410,2012-10-14,2012,Protests,Protest with intervention,Police Forces of Kenya (2002-2013),Protesters (Kenya),Kenya,Nairobi,Starehe,Nairobi,-1.283,36.817,0
KEN3413,2012-10-15,2012,Protests,Peaceful protest,Protesters (Kenya),,Kenya,Nairobi,Starehe,Nairobi,-1.283,36.817,0
KEN3307,2012-08-01,2012,Explosions/Remote violence,Remote explosive/landmine/IED,Al Shabaab,Civilians (Kenya),Kenya,Nairobi,Kamukunji,Nairobi - Kamukunji,-1.2759,36.8526,0
KEN3310,2012-08-03,2012,Explosions/Remote violence,Suicide bomb,Al Shabaab,Civilians (Kenya),Kenya,Nairobi,Kamukunji,Nairobi - Kamukunji,-1.2759,36.8526,1
KEN3320,2012-08-16,2012,Protests,Peaceful protest,Protesters (Kenya),,Kenya,Nairobi,Kamukunji,Nairobi - Kamukunji,-1.2759,36.8526,0
KEN3321,2012-08-18,2012,Violence against civilians,Attack,Police Forces of Kenya (2002-2013),Civilians (Kenya),Kenya,Nairobi,Embakasi North,Nairobi - Embakasi North,-1.2517,36.8995,1
KEN3376,2012-09-24,2012,Battles,Armed clash,Maasai Ethnic Militia (Kenya),Unidentified Ethnic Militia (Kenya),Kenya,Nairobi,Embakasi Central,Nairobi - Embakasi Central,-1.268,36.9148,2
KEN3385,2012-09-30,2012,Riots,Mob violence,Rioters (Kenya),Civilians (Kenya),Kenya,Nairobi,Kamukunji,Nairobi - Kamukunji,-1.2759,36.8526,0
KEN3406,2012-10-12,2012,Explosions/Remote violence,Remote explosive/landmine/IED,Unidentified Armed Group (Kenya),Civilians (Kenya),Kenya,Nairobi,Kamukunji,Nairobi - Kamukunji,-1.2759,36.8526,0
KEN3306,2012-07-29,2012,Violence against civilians,Attack,Al Shabaab,Civilians (Kenya),Kenya,Mandera,Mandera East,Mandera,3.9357,41.8542,1
KEN3308,2012-08-01,2012,Protests,Peaceful protest,Protesters (Kenya),,Kenya,Mombasa,Mvita,Mombasa,-4.0547,39.6636,0
KEN3332,2012-08-25,2012,Violence against civilians,Attack,Unidentified Armed Group (Kenya),Civilians (Kenya),Kenya,Mombasa,Mvita,Mombasa,-4.0547,39.6636,0
KEN3342,2012-08-28,2012,Riots,Violent demonstration,Police Forces of Kenya (2002-2013),Rioters (Kenya),Kenya,Mombasa,Mvita,Mombasa,-4.0547,39.6636,1
KEN3343,2012-08-29,2012,Explosions/Remote violence,Grenade,Police Forces of Kenya (2002-2013),Muslim Militia (Kenya),Kenya,Mombasa,Mvita,Mombasa,-4.0547,39.6636,1
KEN3348,2012-08-30,2012,Riots,Violent demonstration,Police Forces of Kenya (2002-2013),Rioters (Kenya),Kenya,Mombasa,Mvita,Makupa,-4.0338,39.6515,0
KEN3392,2012-10-02,2012,Riots,Mob violence,Rioters (Kenya),Civilians (Kenya),Kenya,Mombasa,Mvita,Mombasa,-4.0547,39.6636,0
KEN3421,2012-10-17,2012,Battles,Armed clash,Police Forces of Kenya (2002-2013),Al Shabaab,Kenya,Mombasa,Likoni,Likoni,-4.0839,39.6616,4
KEN3333,2012-08-26,2012,Protests,Peaceful protest,Protesters (Kenya),,Kenya,Kiambu,Gatundu South,Gatundu,-1.0129,36.9049,0
KEN3330,2012-08-24,2012,Protests,Peaceful protest,Protesters (Kenya),,Kenya,Tana River,Galole,Hola,-1.5036,40.0333,0
KEN3357,2012-09-09,2012,Violence against civilians,Attack,Orma Ethnic Militia (Kenya),Civilians (Kenya),Kenya,Tana River,Galole,Hola,-1.5036,40.0333,1
KEN3363,2012-09-11,2012,Violence against civilians,Attack,Orma Ethnic Militia (Kenya),Civilians (Kenya),Kenya,Tana River,Galole,Hola,-1.5036,40.0333,4
KEN3387,2012-09-30,2012,Explosions/Remote violence,Grenade,Al Shabaab,Civilians (Kenya),Kenya,Nairobi,Starehe,Nairobi - Starehe,-1.2881,36.8236,1
KEN3403,2012-10-08,2012,Violence against civilians,Attack,Unidentified Armed Group (Kenya),Civilians (Somalia),Kenya,Garissa,Dadaab,Ifo,0.11,40.3135,1
KEN3412,2012-10-15,2012,Violence against civilians,Attack,Al Shabaab,Civilians (Kenya),Kenya,Garissa,Dadaab,Ifo,0.11,40.3135,1
KEN3394,2012-10-03,2012,Strategic developments,Change to group/activity,Muyeye Movement,,Kenya,Kilifi,Ganze,Arabuko Sokoke,-3.3333,39.8667,0
KEN3324,2012-08-20,2012,Violence against civilians,Attack,Garre Clan Militia (Ethiopia),Civilians (Kenya),Kenya,Mandera,Banissa,Banissa,3.9439,40.3445,5
KEN3325,2012-08-21,2012,Violence against civilians,Attack,Garre Clan Militia (Ethiopia),Civilians (Kenya),Kenya,Mandera,Mandera North,Rhamu,3.9208,41.2192,5
KEN3329,2012-08-23,2012,Violence against civilians,Attack,Degodia Clan Militia (Kenya),Civilians (Kenya),Kenya,Wajir,Wajir East,Wajir,1.75,40.06,1
KEN3331,2012-08-25,2012,Battles,Armed clash,Degodia Clan Militia (Kenya),Garre Clan Militia (Kenya),Kenya,Wajir,Wajir East,Wajir,1.75,40.06,0
KEN3334,2012-08-26,2012,Violence against civilians,Attack,Garre Clan Militia (Ethiopia),Civilians (Kenya),Kenya,Mandera,Banissa,Banissa,3.9439,40.3445,5
KEN3430,2012-10-24,2012,Violence against civilians,Attack,Unidentified Armed Group (Kenya),Civilians (Kenya),Kenya,Tana River,Bura,Mbalambala,-0.0961,39.0426,3
KEN3431,2012-10-24,2012,Protests,Peaceful protest,Protesters (Kenya),,Kenya,Kisumu,Kisumu Central,Kisumu,-0.1,34.75,0
KEN3432,2012-10-26,2012,Battles,Armed clash,Police Forces of Kenya (2002-2013),Unidentified Armed Group (Kenya),Kenya,Garissa,Fafi,Hagadera Refugee Camp,0.0037,40.3746,1
KEN3434,2012-10-27,2012,Strategic developments,Disrupted weapons use,Police Forces of Kenya (2002-2013),Unidentified Armed Group (Kenya),Kenya,Kilifi,Kaloleni,Kaloleni,-3.8167,39.6269,0
KEN3435,2012-10-28,2012,Battles,Armed clash,Police Forces of Kenya (2002-2013),Muslim Militia (Kenya),Kenya,Mombasa,Mvita,Majengo,-4.0486,39.6706,2
KEN3436,2012-10-29,2012,Riots,Violent demonstration,Police Forces of Kenya (2002-2013),Rioters (Kenya),Kenya,Kisumu,Kisumu Central,Kisumu,-0.1,34.75,4
KEN3437,2012-10-29,2012,Violence against civilians,Attack,Unidentified Armed Group (Kenya),Civilians (Kenya),Kenya,Kisumu,Kisumu Central,Kisumu,-0.1,34.75,0
KEN3438,2012-10-30,2012,Riots,Violent demonstration,Police Forces of Kenya (2002-2013),Rioters (Kenya),Kenya,Kisumu,Kisumu Central,Kisumu,-0.1,34.75,0
KEN3441,2012-10-31,2012,Riots,Violent demonstration,Police Forces of Kenya (2002-2013),Rioters (Kenya),Kenya,Kisumu,Kisumu Central,Kisumu,-0.1,34.75,0
KEN3443,2012-10-31,2012,Violence against civilians,Attack,Pokot Ethnic Militia (Kenya),Civilians (Kenya),Kenya,Baringo,Marigat,Marigat,0.4667,35.9833,2
KEN3445,2012-11-01,2012,Riots,Violent demonstration,Police Forces of Kenya (2002-2013),Rioters (Kenya),Kenya,Kisumu,Kisumu Central,Kisumu,-0.1,34.75,3
KEN3451,2012-11-05,2012,Battles,Armed clash,Turkana Ethnic Militia (Kenya),Samburu Ethnic Militia (Kenya),Kenya,Samburu,Samburu Central,Maralal,1.0968,36.698,12
KEN3457,2012-11-10,2012,Protests,Peaceful protest,Protesters (Kenya),,Kenya,Trans Nzoia,Kwanza,Kwanza,1.1684,34.9926,0
KEN3458,2012-11-11,2012,Protests,Peaceful protest,Protesters (Kenya),,Kenya,Trans Nzoia,Kwanza,Kwanza,1.1684,34.9926,0
KEN3459,2012-11-12,2012,Protests,Peaceful protest,Protesters (Kenya),,Kenya,Trans Nzoia,Kwanza,Kwanza,1.1684,34.9926,0
KEN3463,2012-11-14,2012,Strategic developments,Other,Al Shabaab,,Kenya,Mombasa,Mvita,Majengo,-4.0486,39.6706,0
KEN3469,2012-11-16,2012,Explosions/Remote violence,Grenade,Al Shabaab,Civilians (Kenya),Kenya,Kwale,Matuga,Ngombeni,-4.1293,39.6284,0
KEN3485,2012-11-26,2012,Protests,Peaceful protest,Protesters (Kenya),,Kenya,Kitui,Kitui Central,Kitui,-1.3667,38.0167,0
KEN3486,2012-11-27,2012,Protests,Peaceful protest,Protesters (Kenya),,Kenya,Kitui,Kitui Central,Kitui,-1.3667,38.0167,0
KEN3488,2012-11-29,2012,Battles,Armed clash,Police Forces of Kenya (2002-2013),Samburu Ethnic Militia (Kenya),Kenya,Isiolo,Merti,Kom,1.0833,38.0333,0
KEN3489,2012-11-29,2012,Violence against civilians,Attack,Samburu Ethnic Militia (Kenya),Civilians (Kenya),Kenya,Isiolo,Merti,Kom,1.0833,38.0333,2
KEN3497,2012-12-09,2012,Riots,Mob violence,Rioters (Kenya),Civilians (Kenya),Kenya,Trans Nzoia,Cherangany,Cherangani,0.9833,35.2167,1
KEN3498,2012-12-10,2012,Battles,Armed clash,Nyuki Movement,Police Forces of Kenya (2002-2013),Kenya,Kilifi,Rabai,Mbungoni,-3.85,39.6333,3
KEN3500,2012-12-10,2012,Protests,Peaceful protest,Protesters (Kenya),,Kenya,Muranga,Kangema,Kangema,-0.6833,36.9667,0
KEN3502,2012-12-11,2012,Protests,Peaceful protest,Protesters (Kenya),,Kenya,Taita Taveta,Voi,Sagalla,-3.5101,38.5746,0
KEN3504,2012-12-11,2012,Riots,Mob violence,Rioters (Kenya),Civilians (Kenya),Kenya,Nyeri,Mathira East,Karatina,-0.4817,37.1251,1
KEN3514,2012-12-16,2012,Riots,Violent demonstration,Rioters (Kenya),Civilians (Kenya),Kenya,Embu,Runyenjes,Gichiche,-0.4335,37.5869,0
KEN3519,2012-12-18,2012,Violence against civilians,Attack,Unidentified Armed Group (Kenya),Civilians (Kenya),Kenya,Meru,Tigania East,Mikinduri,0.1231,37.8358,0
KEN3522,2012-12-20,2012,Strategic developments,Disrupted weapons use,Police Forces of Kenya (2002-2013),Unidentified Armed Group (Kenya),Kenya,Mandera,Mandera East,Mandera,3.9357,41.8542,0
KEN3523,2012-12-20,2012,Protests,Peaceful protest,Protesters (Kenya),,Kenya,Kisumu,Kisumu Central,Kisumu,-0.1,34.75,0
KEN3526,2012-12-21,2012,Riots,Violent demonstration,Rioters (Kenya),Police Forces of Kenya (2002-2013),Kenya,Tana River,Garsen,Kipao,-2.4167,40.1667,0
KEN3528,2012-12-21,2012,Violence against civilians,Attack,Pokomo Ethnic Militia (Kenya),Civilians (Kenya),Kenya,Tana River,Garsen,Kipao,-2.4167,40.1667,45
KEN3529,2012-12-21,2012,Riots,Violent demonstration,Police Forces of Kenya (2002-2013),Rioters (Kenya),Kenya,Kiambu,Juja,Twiga,-1.05,37.0333,4
KEN3531,2012-12-23,2012,Riots,Mob violence,Rioters (Kenya),Civilians (Kenya),Kenya,Embu,Mbeere South,Mbeere,-0.6961,37.6861,1
KEN3532,2012-12-24,2012,Violence against civilians,Attack,Turkana Ethnic Militia (Kenya),Civilians (Kenya),Kenya,Baringo,Marigat,Ewaso Ronkai,0.4562,36.1954,4
KEN3533,2012-12-24,2012,Riots,Mob violence,Rioters (Kenya),Civilians (Kenya),Kenya,Embu,Mbeere South,Mbeere,-0.6961,37.6861,0
KEN3535,2012-12-26,2012,Battles,Armed clash,Police Forces of Kenya (2002-2013),Unidentified Armed Group (Kenya),Kenya,Migori,Kuria West,Suba Kuria,-1.1667,34.45,1
KEN3536,2012-12-27,2012,Battles,Armed clash,Police Forces of Kenya (2002-2013),Al Shabaab,Kenya,Mandera,Mandera East,Mandera,3.9357,41.8542,1
KEN3542,2012-12-31,2012,Violence against civilians,Attack,Mungiki Militia,Civilians (Kenya),Kenya,Nyeri,Nyeri Central,Nyeri,-0.4167,36.95,0
KEN3543,2013-01-01,2013,Protests,Peaceful protest,Protesters (Kenya),,Kenya,Bomet,Bomet East,Bomet,-0.7833,35.35,0
KEN3544,2013-01-01,2013,Protests,Protest with intervention,Protesters (Kenya),Police Forces of Kenya (2002-2013),Kenya,Kiambu,Gatundu North,Gituamba,-0.9667,36.95,0
KEN3545,2013-01-01,2013,Violence against civilians,Attack,Unidentified Armed Group (Kenya),Civilians (Kenya),Kenya,Laikipia,Laikipia North,Oldoinyo Loloip,0.477,36.4316,0
KEN3546,2013-01-02,2013,Protests,Peaceful protest,Protesters (Kenya),,Kenya,Nyeri,Nyeri Central,Nyeri,-0.4167,36.95,0
KEN3549,2013-01-03,2013,Riots,Mob violence,Rioters (Kenya),Civilians (Kenya),Kenya,Embu,Manyatta,Kirigi,-0.45,37.4667,1
KEN3550,2013-01-03,2013,Riots,Mob violence,Rioters (Kenya),Civilians (Kenya),Kenya,Kitui,Kitui South,Mugui,-1.7667,38.25,1
KEN3551,2013-01-04,2013,Riots,Violent demonstration,Rioters (Kenya),,Kenya,Busia,Nambale,Nambale,0.4459,34.2519,0
KEN3553,2013-01-04,2013,Protests,Peaceful protest,Protesters (Kenya),,Kenya,Narok,Narok North,Melili,-0.8333,35.9667,0
KEN3561,2013-01-07,2013,Riots,Mob violence,Rioters (Kenya),Rioters (Kenya),Kenya,Nyandarua,Ndaragwa,Shamata,-0.1167,36.55,0
KEN3562,2013-01-07,2013,Protests,Peaceful protest,Protesters (Kenya),,Kenya,Isiolo,Isiolo,Isiolo,0.3546,37.5822,0
KEN3564,2013-01-08,2013,Battles,Armed clash,Pokot Ethnic Militia (Kenya),Tugen Ethnic Militia (Kenya),Kenya,Baringo,Marigat,Marigat,0.4667,35.9833,10
KEN3566,2013-01-08,2013,Protests,Peaceful protest,Protesters (Kenya),,Kenya,Muranga,Mathioya,Kiriaini,-0.6,36.95,0
KEN3567,2013-01-08,2013,Riots,Violent demonstration,Rioters (Kenya),Police Forces of Kenya (2002-2013),Kenya,Tana River,Galole,Teso,-1.3,39.6667,0
KEN3568,2013-01-08,2013,Protests,Peaceful protest,Protesters (Kenya),,Kenya,Kilifi,Kilifi North,Kilifi,-3.633,39.85,0
KEN3569,2013-01-08,2013,Protests,Peaceful protest,Protesters (Kenya),,Kenya,Embu,Runyenjes,Runyenjes,-0.4167,37.5667,0
KEN3572,2013-01-09,2013,Violence against civilians,Attack,Unidentified Armed Group (Kenya),Civilians (Kenya),Kenya,Kilifi,Kaloleni,Kaloleni,-3.8167,39.6269,0
KEN3573,2013-01-09,2013,Riots,Violent demonstration,Police Forces of Kenya (2002-2013),Rioters (Kenya),Kenya,Kisumu,Kisumu Central,Kisumu,-0.1,34.75,0
KEN3575,2013-01-09,2013,Protests,Peaceful protest,Protesters (Kenya),,Kenya,Embu,Mbeere South,Mbeere,-0.6961,37.6861,0
KEN3576,2013-01-09,2013,Riots,Violent demonstration,Rioters (Kenya),Police Forces of Kenya (2002-2013),Kenya,Tana River,Garsen,Nduru,-2.5065,40.2726,0
KEN3582,2013-01-10,2013,Riots,Violent demonstration,Rioters (Kenya),Police Forces of Kenya (2002-2013),Kenya,Kisii,Nyaribari Chache,Kisii,-0.6833,34.7667,0
KEN3583,2013-01-10,2013,Riots,Violent demonstration,Rioters (Kenya),Police Forces of Kenya (2002-2013),Kenya,Kwale,Matuga,Tanganyika,-4.3324,39.4042,0
KEN3584,2013-01-10,2013,Violence against civilians,Abduction/forced disappearance,Unidentified Armed Group (Kenya),Civilians (Kenya),Kenya,Kiambu,Ruiru,Ruiru,-1.15,36.9667,0
KEN3586,2013-01-11,2013,Violence against civilians,Attack,Al Shabaab,Civilians (Kenya),Kenya,Wajir,Wajir East,Bagala,1.8578,40.7226,2
KEN3587,2013-01-11,2013,Battles,Armed clash,Police Forces of Kenya (2002-2013),Unidentified Armed Group (Kenya),Kenya,Garissa,Dadaab,Dadaab Refugee Camp,0.0514,40.3142,1
KEN3588,2013-01-11,2013,Protests,Peaceful protest,Protesters (Kenya),,Kenya,Kiambu,Gatundu North,Gituamba,-0.9667,36.95,0
KEN3589,2013-01-11,2013,Protests,Peaceful protest,Protesters (Kenya),,Kenya,Kiambu,Ruiru,Ruiru,-1.15,36.9667,0
KEN3590,2013-01-11,2013,Riots,Violent demonstration,Rioters (Kenya),Police Forces of Kenya (2002-2013),Kenya,Kisii,Nyaribari Chache,Kisii,-0.6833,34.7667,0
KEN3591,2013-01-11,2013,Violence against civilians,Attack,PNU: Party of National Unity,Civilians (Kenya),Kenya,Uasin Gishu,Kapseret,Kiambaa,0.45,35.2833,0
KEN3428,2012-10-22,2012,Violence against civilians,Attack,Unidentified Ethnic Militia (Kenya),Civilians (Kenya),Kenya,Samburu,Samburu North,Baragoi,1.7833,36.7833,0
KEN3452,2012-11-05,2012,Riots,Violent demonstration,Rioters (Kenya),Police Forces of Kenya (2002-2013),Kenya,Embu,Runyenjes,Kanja,-0.3786,37.5295,0
KEN3578,2013-01-09,2013,Explosions/Remote violence,Grenade,Unidentified Armed Group (Somalia),Civilians (International),Kenya,Mandera,Mandera East,Mandera,3.9357,41.8542,0
KEN3579,2013-01-10,2013,Violence against civilians,Attack,Orma Ethnic Militia (Kenya),Civilians (Kenya),Kenya,Tana River,Garsen,Kibusu,-2.3518,40.1424,11
KEN3559,2013-01-07,2013,Protests,Peaceful protest,Protesters (Kenya),,Kenya,Kisumu,Kisumu Central,Kisumu,-0.1,34.75,0
KEN3570,2013-01-09,2013,Violence against civilians,Attack,Pokomo Ethnic Militia (Kenya),Civilians (Kenya),Kenya,Tana River,Garsen,Nduru,-2.5065,40.2726,8
KEN3534,2012-12-26,2012,Explosions/Remote violence,Grenade,Al Shabaab,Civilians (Kenya),Kenya,Mandera,Mandera East,Mandera,3.9357,41.8542,0
KEN3525,2012-12-21,2012,Violence against civilians,Attack,Unidentified Armed Group (Somalia),Civilians (Somalia),Kenya,Garissa,Dadaab,Dadaab Refugee Camp,0.0514,40.3142,4
KEN3537,2012-12-30,2012,Riots,Mob violence,Rioters (Kenya),Rioters (Kenya),Kenya,Nyeri,Mathira West,Kirinyaga,-0.1667,37.3,0
KEN3482,2012-11-20,2012,Protests,Protest with intervention,Police Forces of Kenya (2002-2013),Protesters (Kenya),Kenya,Garissa,Garissa,Garissa,-0.4536,39.6461,0
KEN3477,2012-11-19,2012,Violence against civilians,Attack,Military Forces of Kenya (2002-2013),Civilians (Kenya),Kenya,Garissa,Garissa,Garissa,-0.4536,39.6461,0
KEN3476,2012-11-19,2012,Battles,Armed clash,Al Shabaab,Military Forces of Kenya (2002-2013),Kenya,Garissa,Garissa,Garissa,-0.4536,39.6461,3
KEN3483,2012-11-20,2012,Violence against civilians,Attack,Police Forces of Kenya (2002-2013),Civilians (Kenya),Kenya,Garissa,Garissa,Garissa,-0.4536,39.6461,1
KEN3447,2012-11-04,2012,Explosions/Remote violence,Grenade,Al Shabaab,Civilians (Kenya),Kenya,Garissa,Garissa,Garissa,-0.4536,39.6461,1
KEN3468,2012-11-16,2012,Battles,Armed clash,Police Forces of Kenya (2002-2013),Al Shabaab,Kenya,Garissa,Garissa,Garissa,-0.4536,39.6461,2
KEN3496,2012-12-09,2012,Battles,Armed clash,Al Shabaab,Military Forces of Kenya (2002-2013),Kenya,Garissa,Garissa,Garissa,-0.4536,39.6461,1
KEN3499,2012-12-10,2012,Strategic developments,Change to group/activity,MRC: Mombasa Republican Council,,Kenya,Mombasa,Kisauni,Kisauni,-4.0333,39.6833,0
KEN3527,2012-12-21,2012,Violence against civilians,Attack,Unidentified Armed Group (Kenya),Civilians (Kenya),Kenya,Garissa,Garissa,Garissa,-0.4536,39.6461,6
KEN3492,2012-12-03,2012,Explosions/Remote violence,Grenade,Police Forces of Kenya (2002-2013),Unidentified Armed Group (Kenya),Kenya,Mombasa,Kisauni,Kisauni,-4.0333,39.6833,0
KEN3524,2012-12-20,2012,Violence against civilians,Attack,Unidentified Armed Group (Kenya),Civilians (Kenya),Kenya,Garissa,Garissa,Garissa,-0.4536,39.6461,3
KEN3433,2012-10-26,2012,Protests,Peaceful protest,Protesters (Kenya),,Kenya,Nakuru,Nakuru North,Nakuru,-0.2441,36.142,0
KEN3563,2013-01-07,2013,Protests,Peaceful protest,Protesters (Kenya),,Kenya,Kakamega,Lurambi,Kakamega,0.2833,34.7384,0
KEN3506,2012-12-13,2012,Riots,Violent demonstration,Rioters (Kenya),Police Forces of Kenya (2002-2013),Kenya,Kakamega,Lurambi,Kakamega,0.2833,34.7384,0
KEN3560,2013-01-07,2013,Riots,Mob violence,Rioters (Kenya),Civilians (Kenya),Kenya,Nakuru,Nakuru North,Nakuru,-0.2441,36.142,0
KEN3580,2013-01-10,2013,Riots,Violent demonstration,Rioters (Kenya),,Kenya,Migori,Suna West,Migori,-1.0667,34.4667,0
KEN3565,2013-01-08,2013,Protests,Peaceful protest,Protesters (Kenya),,Kenya,Kakamega,Lurambi,Kakamega,0.2833,34.7384,0
KEN3581,2013-01-10,2013,Protests,Peaceful protest,Protesters (Kenya),,Kenya,Kakamega,Lurambi,Kakamega,0.2833,34.7384,0
KEN3552,2013-01-04,2013,Protests,Peaceful protest,Protesters (Kenya),,Kenya,Kakamega,Lurambi,Kakamega,0.2833,34.7384,0
KEN3557,2013-01-06,2013,Protests,Peaceful protest,Protesters (Kenya),,Kenya,Kakamega,Lurambi,Kakamega,0.2833,34.7384,0
KEN3574,2013-01-09,2013,Protests,Peaceful protest,Protesters (Kenya),,Kenya,Kakamega,Lurambi,Kakamega,0.2833,34.7384,0
KEN3555,2013-01-05,2013,Protests,Peaceful protest,Protesters (Kenya),,Kenya,Kakamega,Lurambi,Kakamega,0.2833,34.7384,0
KEN3520,2012-12-18,2012,Riots,Mob violence,Rioters (Kenya),Civilians (Kenya),Kenya,Kirinyaga,Kirinyaga Central,Kerugoya,-0.4989,37.2803,1
KEN3444,2012-10-31,2012,Riots,Violent demonstration,Rioters (Kenya),Police Forces of Kenya (2002-2013),Kenya,Migori,Suna East,Got-Jope,-1.05,34.5333,0
KEN3439,2012-10-30,2012,Battles,Armed clash,Police Forces of Kenya (2002-2013),Unidentified Armed Group (Kenya),Kenya,Garissa,Garissa,Garissa,-0.4536,39.6461,1
KEN3558,2013-01-07,2013,Battles,Armed clash,Police Forces of Kenya (2002-2013),Al Shabaab,Kenya,Garissa,Garissa,Garissa,-0.4536,39.6461,0
KEN3440,2012-10-30,2012,Violence against civilians,Attack,Samburu Ethnic Militia (Kenya),Civilians (Kenya),Kenya,Samburu,Samburu North,Nachola,1.8348,36.603,13
KEN3465,2012-11-15,2012,Strategic developments,Change to group/activity,Turkana Ethnic Militia (Kenya),,Kenya,Samburu,Samburu North,Nachola,1.8348,36.603,0
KEN3530,2012-12-22,2012,Protests,Peaceful protest,Protesters (Kenya),,Kenya,Bomet,Bomet East,Bomet,-0.7833,35.35,0
KEN3571,2013-01-09,2013,Violence against civilians,Attack,CORD: Coalition for Reforms and Democracy,Civilians (Kenya),Kenya,Busia,Butula,Bumala,0.3036,34.2014,1
KEN3455,2012-11-08,2012,Violence against civilians,Attack,Unidentified Armed Group (Kenya),Civilians (Kenya),Kenya,Nairobi,Starehe,Nairobi,-1.283,36.817,0
KEN3487,2012-11-29,2012,Protests,Protest with intervention,Protesters (Kenya),Police Forces of Kenya (2002-2013),Kenya,Nairobi,Starehe,Nairobi,-1.283,36.817,0
KEN3490,2012-11-30,2012,Riots,Violent demonstration,Rioters (Kenya),,Kenya,Nairobi,Starehe,Nairobi,-1.283,36.817,0
KEN3491,2012-11-30,2012,Protests,Protest with intervention,Protesters (Kenya),Police Forces of Kenya (2002-2013),Kenya,Nairobi,Starehe,Nairobi,-1.283,36.817,0
KEN3501,2012-12-10,2012,Protests,Peaceful protest,Protesters (Kenya),,Kenya,Nairobi,Starehe,Nairobi,-1.283,36.817,0
KEN3505,2012-12-13,2012,Riots,Violent demonstration,Police Forces of Kenya (2002-2013),Rioters (Kenya),Kenya,Nairobi,Starehe,Nairobi,-1.283,36.817,0
KEN3516,2012-12-17,2012,Riots,Violent demonstration,Rioters (Kenya),,Kenya,Nairobi,Starehe,Nairobi,-1.283,36.817,0
KEN3540,2012-12-30,2012,Riots,Violent demonstration,Rioters (Kenya),Police Forces of Kenya (2002-2013),Kenya,Nairobi,Starehe,Nairobi,-1.283,36.817,0
KEN3453,2012-11-06,2012,Explosions/Remote violence,Remote explosive/landmine/IED,Al Shabaab,Civilians (Kenya),Kenya,Nairobi,Kamukunji,Nairobi - Kamukunji,-1.2759,36.8526,0
KEN3461,2012-11-14,2012,Explosions/Remote violence,Grenade,Unidentified Armed Group (Kenya),Civilians (Kenya),Kenya,Nairobi,Kamukunji,Nairobi - Kamukunji,-1.2759,36.8526,0
KEN3470,2012-11-18,2012,Riots,Mob violence,Rioters (Kenya),Rioters (Kenya),Kenya,Nairobi,Kamukunji,Nairobi - Kamukunji,-1.2759,36.8526,0
KEN3471,2012-11-18,2012,Explosions/Remote violence,Grenade,Al Shabaab,Civilians (Kenya),Kenya,Nairobi,Kamukunji,Nairobi - Kamukunji,-1.2759,36.8526,10
KEN3474,2012-11-19,2012,Explosions/Remote violence,Grenade,Police Forces of Kenya (2002-2013),Civilians (Somalia),Kenya,Nairobi,Kamukunji,Nairobi - Kamukunji,-1.2759,36.8526,1
KEN3475,2012-11-19,2012,Riots,Mob violence,Rioters (Kenya),Civilians (Kenya),Kenya,Nairobi,Kamukunji,Nairobi - Kamukunji,-1.2759,36.8526,0
KEN3478,2012-11-20,2012,Riots,Mob violence,Rioters (Kenya),Rioters (Kenya),Kenya,Nairobi,Kamukunji,Nairobi - Kamukunji,-1.2759,36.8526,0
KEN3479,2012-11-20,2012,Explosions/Remote violence,Grenade,Police Forces of Kenya (2002-2013),Civilians (Somalia),Kenya,Nairobi,Kamukunji,Nairobi - Kamukunji,-1.2759,36.8526,0
KEN3493,2012-12-05,2012,Explosions/Remote violence,Grenade,Al Shabaab,Civilians (Kenya),Kenya,Nairobi,Kamukunji,Nairobi - Kamukunji,-1.2759,36.8526,1
KEN3494,2012-12-07,2012,Explosions/Remote violence,Grenade,Al Shabaab,Civilians (Kenya),Kenya,Nairobi,Kamukunji,Nairobi - Kamukunji,-1.2759,36.8526,5
KEN3512,2012-12-16,2012,Explosions/Remote violence,Grenade,Unidentified Armed Group (International),Civilians (Kenya),Kenya,Nairobi,Kamukunji,Nairobi - Kamukunji,-1.2759,36.8526,0
KEN3538,2012-12-30,2012,Riots,Violent demonstration,Rioters (Kenya),Police Forces of Kenya (2002-2013),Kenya,Nairobi,Ruaraka,Nairobi - Ruaraka,-1.2456,36.8799,0
KEN3541,2012-12-31,2012,Riots,Violent demonstration,Rioters (Kenya),Police Forces of Kenya (2002-2013),Kenya,Nairobi,Embakasi North,Nairobi - Embakasi North,-1.2517,36.8995,0
KEN3577,2013-01-09,2013,Protests,Peaceful protest,Protesters (Kenya),,Kenya,Nairobi,Roysambu,Nairobi - Roysambu,-1.2067,36.8888,0
KEN3446,2012-11-02,2012,Battles,Armed clash,Al Shabaab,Military Forces of Kenya (2002-2013),Kenya,Mandera,Mandera East,Mandera,3.9357,41.8542,1
KEN3442,2012-10-31,2012,Explosions/Remote violence,Remote explosive/landmine/IED,Al Shabaab,Civilians (Kenya),Kenya,Nairobi,Kamukunji,Nairobi - Kamukunji,-1.2759,36.8526,0
KEN3429,2012-10-24,2012,Strategic developments,Change to group/activity,MRC: Mombasa Republican Council,,Kenya,Mombasa,Mvita,Mombasa,-4.0547,39.6636,0
KEN3460,2012-11-13,2012,Riots,Mob violence,Rioters (Kenya),Rioters (Kenya),Kenya,Mombasa,Mvita,Mombasa,-4.0547,39.6636,0
KEN3517,2012-12-18,2012,Violence against civilians,Attack,Pokot Ethnic Militia (Kenya),Civilians (Kenya),Kenya,Baringo,Baringo North,Bartabwa,0.8378,35.8099,0
KEN3518,2012-12-18,2012,Riots,Violent demonstration,Rioters (Kenya),,Kenya,Mombasa,Mvita,Mombasa,-4.0547,39.6636,0
KEN3547,2013-01-02,2013,Violence against civilians,Attack,Unidentified Armed Group (Kenya),Civilians (Kenya),Kenya,Baringo,Baringo North,Bartabwa,0.8378,35.8099,0
KEN3548,2013-01-03,2013,Protests,Peaceful protest,Protesters (Kenya),,Kenya,Mombasa,Mvita,Mombasa,-4.0547,39.6636,0
KEN7945,2012-12-24,2012,Riots,Mob violence,Rioters (Kenya),Civilians (Kenya),Kenya,Mombasa,Mvita,Mombasa,-4.0547,39.6636,0
KEN14070,2012-10-28,2012,Violence against civilians,Attack,Police Forces of Kenya (2002-2013),Civilians (Kenya),Kenya,Mombasa,Mvita,Mombasa,-4.0547,39.6636,1
KEN3427,2012-10-22,2012,Violence against civilians,Attack,Pokot Ethnic Militia (Kenya),Civilians (Kenya),Kenya,Baringo,Mogotio,Mochongoi,0.3075,36.1924,0
KEN3539,2012-12-30,2012,Riots,Violent demonstration,Rioters (Kenya),Police Forces of Kenya (2002-2013),Kenya,Nairobi,Mathare,Nairobi - Mathare,-1.2604,36.8607,0
KEN3556,2013-01-05,2013,Protests,Peaceful protest,Protesters (Kenya),,Kenya,Narok,Narok South,Olololunga,-1.003,35.664,0
KEN3515,2012-12-17,2012,Protests,Peaceful protest,Protesters (Kenya),,Kenya,Nairobi,Starehe,Nairobi - Starehe,-1.2881,36.8236,0
KEN3521,2012-12-19,2012,Explosions/Remote violence,Grenade,Al Shabaab,Civilians (Kenya),Kenya,Nairobi,Starehe,Nairobi - Starehe,-1.2881,36.8236,0
KEN3456,2012-11-10,2012,Battles,Armed clash,Turkana Ethnic Militia (Kenya),Police Forces of Kenya (2002-2013),Kenya,Turkana,Turkana East,Suguta,2.1667,36.5167,42
KEN3464,2012-11-15,2012,Battles,Armed clash,Police Forces of Kenya (2002-2013),Turkana Ethnic Militia (Kenya),Kenya,Turkana,Turkana East,Suguta,2.1667,36.5167,0
KEN3554,2013-01-04,2013,Explosions/Remote violence,Grenade,Unidentified Armed Group (Somalia),Civilians (Kenya),Kenya,Garissa,Dadaab,Dagahaley,0.1891,40.2832,2
KEN3507,2012-12-14,2012,Explosions/Remote violence,Remote explosive/landmine/IED,Unidentified Armed Group (Kenya),Civilians (Kenya),Kenya,Garissa,Dadaab,Ifo,0.11,40.3135,0
KEN3509,2012-12-15,2012,Violence against civilians,Attack,Unidentified Armed Group (Somalia),Civilians (Somalia),Kenya,Garissa,Dadaab,Ifo,0.11,40.3135,2
KEN3448,2012-11-04,2012,Violence against civilians,Attack,Degodia Clan Militia (Kenya),Civilians (Kenya),Kenya,Mandera,Mandera North,Rhamu,3.9208,41.2192,4
KEN3450,2012-11-05,2012,Battles,Armed clash,Degodia Clan Militia (Kenya),Garre Clan Militia (Kenya),Kenya,Mandera,Mandera East,Mandera,3.9357,41.8542,2
KEN3454,2012-11-06,2012,Battles,Armed clash,Degodia Clan Militia (Kenya),Garre Clan Militia (Kenya),Kenya,Mandera,Mandera East,Mandera,3.9357,41.8542,2
KEN3593,2013-01-13,2013,Protests,Peaceful protest,Protesters (Kenya),,Kenya,Muranga,Kangema,Kangema,-0.6833,36.9667,0
KEN3594,2013-01-13,2013,Violence against civilians,Attack,Unidentified Armed Group (Kenya),Civilians (Kenya),Kenya,Migori,Kuria West,Suba Kuria,-1.1667,34.45,1
KEN3601,2013-01-17,2013,Riots,Violent demonstration,Rioters (Kenya),,Kenya,Homa Bay,Homa Bay Town,Homa Bay,-0.5273,34.4571,0
KEN3607,2013-01-18,2013,Violence against civilians,Abduction/forced disappearance,ODM: Orange Democratic Movement,Civilians (Kenya),Kenya,Siaya,Alego Usonga,Siaya,0.06,34.2861,0
KEN3609,2013-01-19,2013,Violence against civilians,Abduction/forced disappearance,ODM: Orange Democratic Movement,Civilians (Kenya),Kenya,Homa Bay,Homa Bay Town,Homa Bay,-0.5273,34.4571,0
KEN3615,2013-01-20,2013,Riots,Violent demonstration,Rioters (Kenya),Police Forces of Kenya (2002-2013),Kenya,Kisumu,Kisumu West,Maseno,-0.0042,34.6095,0
KEN3617,2013-01-20,2013,Violence against civilians,Attack,Unidentified Armed Group (Kenya),Civilians (Kenya),Kenya,Mombasa,Nyali,Nyali,-4.0525,39.6954,0
KEN3620,2013-01-21,2013,Protests,Peaceful protest,Protesters (Kenya),,Kenya,Kiambu,Kiambu Town,Kiambu,-1.1667,36.8333,0
KEN3621,2013-01-22,2013,Protests,Peaceful protest,Protesters (Kenya),,Kenya,Nyandarua,Kinangop,Kipipiri,-0.5333,36.65,0
KEN3623,2013-01-22,2013,Protests,Peaceful protest,Protesters (Kenya),,Kenya,Siaya,Alego Usonga,Siaya,0.06,34.2861,0
KEN3624,2013-01-22,2013,Riots,Mob violence,Rioters (Kenya),Civilians (Kenya),Kenya,Taita Taveta,Mwatate,Mwatate,-3.4995,38.3762,0
KEN3625,2013-01-22,2013,Protests,Peaceful protest,Protesters (Kenya),,Kenya,Uasin Gishu,Moiben,Eldoret,0.5167,35.2833,0
KEN3627,2013-01-22,2013,Riots,Violent demonstration,Rioters (Kenya),Police Forces of Kenya (2002-2013),Kenya,Nyeri,Nyeri South,Kagere,-0.5068,36.9451,0
KEN3628,2013-01-22,2013,Riots,Violent demonstration,Rioters (Kenya),Police Forces of Kenya (2002-2013),Kenya,Kakamega,Mumias West,Mumias,0.3351,34.4864,0
KEN3631,2013-01-23,2013,Riots,Violent demonstration,Rioters (Kenya),Police Forces of Kenya (2002-2013),Kenya,Nyeri,Nyeri South,Kagere,-0.5068,36.9451,0
KEN3632,2013-01-23,2013,Riots,Violent demonstration,Rioters (Kenya),Police Forces of Kenya (2002-2013),Kenya,Narok,Narok North,Narok,-1.0783,35.8601,0
KEN3635,2013-01-23,2013,Riots,Mob violence,Rioters (Kenya),Civilians (Kenya),Kenya,Busia,Matayos,Busia,0.46,34.112,0
KEN3636,2013-01-23,2013,Riots,Mob violence,Rioters (Kenya),Civilians (Kenya),Kenya,Tana River,Galole,Teso,-1.3,39.6667,1
KEN3637,2013-01-24,2013,Violence against civilians,Attack,Amani Coalition,Civilians (Kenya),Kenya,Busia,Butula,Butula,0.3392,34.3342,1
KEN3638,2013-01-25,2013,Protests,Peaceful protest,Protesters (Kenya),,Kenya,Muranga,Kiharu,Muranga,-0.7166,37.15,0
KEN3640,2013-01-26,2013,Violence against civilians,Attack,Police Forces of Kenya (2002-2013),Civilians (Kenya),Kenya,Muranga,Kiharu,Muranga,-0.7166,37.15,1
KEN3645,2013-01-30,2013,Battles,Armed clash,Unidentified Armed Group (Ethiopia),Unidentified Armed Group (Kenya),Kenya,Turkana,Turkana Central,Lodwar,3.1191,35.5973,7
KEN3648,2013-01-30,2013,Protests,Protest with intervention,Protesters (Kenya),Police Forces of Kenya (2002-2013),Kenya,Kiambu,Gatundu South,Gathugu,-1.0069,36.8138,0
KEN3652,2013-01-31,2013,Protests,Peaceful protest,Protesters (Kenya),,Kenya,Laikipia,Laikipia West,Ngarua,0.3696,36.449,0
KEN3653,2013-01-31,2013,Protests,Peaceful protest,Protesters (Kenya),,Kenya,Laikipia,Laikipia West,Nyahururu,0.0333,36.3667,0
KEN3655,2013-02-01,2013,Riots,Violent demonstration,Police Forces of Kenya (2002-2013),Rioters (Kenya),Kenya,Migori,Nyatike,Macalder,-0.9689,34.2915,0
KEN3656,2013-02-02,2013,Explosions/Remote violence,Grenade,Military Forces of Kenya (2002-2013),Unidentified Armed Group (Kenya),Kenya,Wajir,Wajir East,Wajir,1.75,40.06,1
KEN3657,2013-02-02,2013,Riots,Violent demonstration,Police Forces of Kenya (2002-2013),Rioters (Kenya),Kenya,Migori,Nyatike,Macalder,-0.9689,34.2915,0
KEN3658,2013-02-03,2013,Battles,Armed clash,Police Forces of Kenya (2002-2013),Unidentified Armed Group (Kenya),Kenya,Baringo,Baringo Central,Kabarnet,0.4919,35.743,4
KEN3660,2013-02-03,2013,Violence against civilians,Attack,Unidentified Armed Group (Kenya),Civilians (Kenya),Kenya,Mombasa,Nyali,Nyali,-4.0525,39.6954,0
KEN3661,2013-02-03,2013,Violence against civilians,Attack,Unidentified Armed Group (Kenya),Civilians (Kenya),Kenya,Baringo,Baringo Central,Kabarnet,0.4919,35.743,3
KEN3662,2013-02-03,2013,Riots,Mob violence,Rioters (Kenya),Civilians (Kenya),Kenya,Embu,Manyatta,Embu,-0.5333,37.45,1
KEN3663,2013-02-03,2013,Riots,Mob violence,Rioters (Kenya),Civilians (Kenya),Kenya,Kilifi,Ganze,Vitengeni,-3.3611,39.7113,0
KEN3666,2013-02-04,2013,Riots,Mob violence,Rioters (Kenya),Police Forces of Kenya (2002-2013),Kenya,Nyeri,Nyeri Central,Nyeri,-0.4167,36.95,0
KEN3668,2013-02-05,2013,Protests,Peaceful protest,Protesters (Kenya),,Kenya,Kilifi,Malindi,Malindi,-3.22,40.12,0
KEN3671,2013-02-05,2013,Riots,Violent demonstration,Rioters (Kenya),Police Forces of Kenya (2002-2013),Kenya,Nakuru,Naivasha,Naivasha,-0.7202,36.4285,0
KEN3672,2013-02-05,2013,Violence against civilians,Attack,Unidentified Armed Group (Kenya),Civilians (Kenya),Kenya,Kajiado,Kajiado North,Kiserian,-1.4212,36.6887,1
KEN3677,2013-02-06,2013,Riots,Violent demonstration,Rioters (Kenya),Police Forces of Kenya (2002-2013),Kenya,Homa Bay,Homa Bay Town,Homa Bay,-0.5273,34.4571,0
KEN3681,2013-02-08,2013,Strategic developments,Change to group/activity,Turkana Ethnic Militia (Kenya),,Kenya,Turkana,Turkana Central,Lodwar,3.1191,35.5973,0
KEN3682,2013-02-09,2013,Protests,Peaceful protest,Protesters (Kenya),,Kenya,Meru,Imenti North,Meru,0.05,37.65,0
KEN3683,2013-02-09,2013,Violence against civilians,Attack,Unidentified Armed Group (Kenya),Civilians (Kenya),Kenya,Nyeri,Nyeri Central,Gitathi-ini,-0.433,36.9333,1
KEN3685,2013-02-10,2013,Violence against civilians,Attack,Unidentified Armed Group (Kenya),Civilians (Kenya),Kenya,Turkana,Turkana Central,Kalabata,2.5441,36.2516,1
KEN3686,2013-02-12,2013,Battles,Armed clash,Police Forces of Kenya (2002-2013),Al Shabaab,Kenya,Mandera,Mandera East,Mandera,3.9357,41.8542,0
KEN3687,2013-02-13,2013,Protests,Peaceful protest,Protesters (Kenya),,Kenya,Trans Nzoia,Saboti,Kitale,1.0167,35,0
KEN3688,2013-02-13,2013,Protests,Peaceful protest,Protesters (Kenya),,Kenya,Nyeri,Nyeri Central,Nyeri,-0.4167,36.95,0
KEN3689,2013-02-13,2013,Riots,Mob violence,Rioters (Kenya),Civilians (Kenya),Kenya,Bungoma,Kanduyi,Bungoma,0.5635,34.5606,0
KEN3690,2013-02-14,2013,Battles,Armed clash,Abanyabasi Ethnic Militia (Kenya),Abairege Ethnic Militia (Kenya),Kenya,Migori,Kuria West,Suba Kuria,-1.1667,34.45,0
KEN3691,2013-02-14,2013,Battles,Armed clash,Abanyabasi Ethnic Militia (Kenya),Abairege Ethnic Militia (Kenya),Kenya,Homa Bay,Ndhiwa,Magena,-0.6833,34.5167,1
KEN3692,2013-02-14,2013,Riots,Violent demonstration,Rioters (Kenya),Police Forces of Kenya (2002-2013),Kenya,Laikipia,Laikipia West,Nyahururu,0.0333,36.3667,0
KEN3694,2013-02-16,2013,Riots,Mob violence,Rioters (Kenya),Civilians (Kenya),Kenya,Kajiado,Kajiado East,Kitengela,-1.4761,36.9614,0
KEN3698,2013-02-17,2013,Protests,Peaceful protest,Protesters (Kenya),,Kenya,Kiambu,Kiambu Town,Kiambu,-1.1667,36.8333,0
KEN3699,2013-02-17,2013,Violence against civilians,Attack,Police Forces of Kenya (2002-2013),Civilians (Kenya),Kenya,Kiambu,Kiambu Town,Kiambu,-1.1667,36.8333,0
KEN3700,2013-02-18,2013,Protests,Peaceful protest,Protesters (Kenya),,Kenya,Nakuru,Naivasha,Naivasha,-0.7202,36.4285,0
KEN3701,2013-02-18,2013,Violence against civilians,Attack,Moran Ethnic Militia (Kenya),Civilians (Kenya),Kenya,Isiolo,Isiolo,Isiolo,0.3546,37.5822,0
KEN3702,2013-02-19,2013,Riots,Mob violence,Rioters (Kenya),Civilians (Kenya),Kenya,Homa Bay,Kasipul,Oyugis,-0.509,34.7358,0
KEN3704,2013-02-21,2013,Violence against civilians,Attack,Al Shabaab,Civilians (Kenya),Kenya,Garissa,Dadaab,Liboi,0.3534,40.8723,7
KEN3705,2013-02-22,2013,Battles,Armed clash,Police Forces of Kenya (2002-2013),Al Shabaab,Kenya,Mombasa,Mvita,Majengo,-4.0486,39.6706,1
KEN3958,2013-02-07,2013,Battles,Armed clash,Police Forces of Kenya (2002-2013),Police Forces of Uganda (1986-),Kenya,Migori,Nyatike,Migingo Island,-0.8827,33.9385,0
KEN3600,2013-01-17,2013,Strategic developments,Disrupted weapons use,Al Shabaab,,Kenya,Garissa,Fafi,Hagadera Refugee Camp,0.0037,40.3746,2
KEN3592,2013-01-12,2013,Violence against civilians,Attack,Orma Ethnic Militia (Kenya),Civilians (Kenya),Kenya,Tana River,Garsen,Oda,-2.4699,40.1908,0
KEN3626,2013-01-22,2013,Protests,Peaceful protest,Protesters (Kenya),,Kenya,Nakuru,Naivasha,Naivasha,-0.7202,36.4285,0
KEN3634,2013-01-23,2013,Violence against civilians,Attack,Kipsigi Ethnic Militia (Kenya),Civilians (Kenya),Kenya,Migori,Kuria West,Suba Kuria,-1.1667,34.45,0
KEN3667,2013-02-05,2013,Protests,Peaceful protest,Protesters (Kenya),,Kenya,Busia,Nambale,Igara,0.5333,34.3667,0
KEN3670,2013-02-05,2013,Riots,Violent demonstration,Rioters (Kenya),Police Forces of Kenya (2002-2013),Kenya,Uasin Gishu,Moiben,Eldoret,0.5167,35.2833,1
KEN3675,2013-02-06,2013,Protests,Peaceful protest,Protesters (Kenya),,Kenya,Kiambu,Kiambu Town,Kiambu,-1.1667,36.8333,0
KEN3684,2013-02-10,2013,Protests,Peaceful protest,Protesters (Kenya),,Kenya,Kilifi,Kilifi North,Kilifi,-3.633,39.85,0
KEN3614,2013-01-20,2013,Riots,Violent demonstration,Rioters (Kenya),Police Forces of Kenya (2002-2013),Kenya,Kisumu,Kisumu Central,Kisumu,-0.1,34.75,0
KEN3650,2013-01-31,2013,Battles,Armed clash,Police Forces of Kenya (2002-2013),Unidentified Armed Group (Kenya),Kenya,Garissa,Dadaab,Dadaab Refugee Camp,0.0514,40.3142,1
KEN3651,2013-01-31,2013,Explosions/Remote violence,Remote explosive/landmine/IED,Unidentified Armed Group (Kenya),Police Forces of Kenya (2002-2013),Kenya,Garissa,Dadaab,Dadaab Refugee Camp,0.0514,40.3142,0
KEN3674,2013-02-06,2013,Violence against civilians,Attack,Unidentified Armed Group (Kenya),Civilians (Kenya),Kenya,Baringo,Baringo Central,Kabarnet,0.4919,35.743,1
KEN3680,2013-02-08,2013,Violence against civilians,Attack,Pokot Ethnic Militia (Kenya),Civilians (Kenya),Kenya,Turkana,Turkana Central,Lodwar,3.1191,35.5973,10
KEN3697,2013-02-17,2013,Violence against civilians,Attack,Abairege Ethnic Militia (Kenya),Civilians (Kenya),Kenya,Migori,Kuria West,Suba Kuria,-1.1667,34.45,2
KEN3608,2013-01-19,2013,Protests,Peaceful protest,Protesters (Kenya),,Kenya,Siaya,Alego Usonga,Siaya,0.06,34.2861,0
KEN3679,2013-02-07,2013,Riots,Mob violence,Rioters (Kenya),Civilians (Kenya),Kenya,Embu,Mbeere South,Mbeere,-0.6961,37.6861,0
KEN3696,2013-02-17,2013,Protests,Peaceful protest,Protesters (Kenya),,Kenya,Migori,Suna West,Migori,-1.0667,34.4667,0
KEN3598,2013-01-16,2013,Violence against civilians,Attack,Al Shabaab,Civilians (Kenya),Kenya,Garissa,Garissa,Garissa,-0.4536,39.6461,5
KEN3647,2013-01-30,2013,Protests,Peaceful protest,Protesters (Kenya),,Kenya,Garissa,Garissa,Garissa,-0.4536,39.6461,0
KEN3611,2013-01-19,2013,Riots,Violent demonstration,Rioters (Kenya),Police Forces of Kenya (2002-2013),Kenya,Migori,Suna West,Migori,-1.0667,34.4667,0
KEN3678,2013-02-07,2013,Violence against civilians,Attack,Unidentified Armed Group (Kenya),Civilians (Kenya),Kenya,Garissa,Garissa,Garissa,-0.4536,39.6461,1
KEN3665,2013-02-04,2013,Battles,Armed clash,Police Forces of Kenya (2002-2013),Unidentified Armed Group (Kenya),Kenya,Garissa,Garissa,Garissa,-0.4536,39.6461,1
KEN3604,2013-01-18,2013,Protests,Peaceful protest,Protesters (Kenya),,Kenya,Garissa,Garissa,Garissa,-0.4536,39.6461,0
KEN3659,2013-02-03,2013,Riots,Mob violence,Rioters (Kenya),Civilians (Kenya),Kenya,West Pokot,West Pokot,Kapenguria,1.2333,35.1167,0
KEN3673,2013-02-05,2013,Riots,Mob violence,Rioters (Kenya),Civilians (Kenya),Kenya,Homa Bay,Mbita,Nyakweri,-0.45,34.0167,1
KEN3639,2013-01-26,2013,Riots,Violent demonstration,Rioters (Kenya),Police Forces of Kenya (2002-2013),Kenya,Migori,Suna West,Migori,-1.0667,34.4667,0
KEN3664,2013-02-04,2013,Battles,Armed clash,Unidentified Armed Group (Kenya),Police Forces of Kenya (2002-2013),Kenya,West Pokot,West Pokot,Kapenguria,1.2333,35.1167,3
KEN3695,2013-02-17,2013,Strategic developments,Disrupted weapons use,Al Shabaab,,Kenya,Garissa,Garissa,Garissa,-0.4536,39.6461,3
KEN3703,2013-02-20,2013,Violence against civilians,Attack,TNA: The National Alliance,Civilians (Kenya),Kenya,Kiambu,Kiambu Town,Kiambu,-1.1667,36.8333,0
KEN3642,2013-01-27,2013,Violence against civilians,Attack,Turkana Ethnic Militia (Kenya),Civilians (Kenya),Kenya,West Pokot,Pokot North,Kases,2.1167,35.0167,1
KEN3649,2013-01-30,2013,Riots,Mob violence,Rioters (Kenya),Civilians (Kenya),Kenya,Mombasa,Nyali,Nyali,-4.0525,39.6954,0
KEN3693,2013-02-15,2013,Riots,Mob violence,Rioters (Kenya),Civilians (Kenya),Kenya,Embu,Manyatta,Embu,-0.5333,37.45,0
KEN3596,2013-01-14,2013,Protests,Peaceful protest,Protesters (Kenya),,Kenya,Nairobi,Starehe,Nairobi,-1.283,36.817,0
KEN3610,2013-01-19,2013,Violence against civilians,Attack,FORD-Kenya: Forum for the Restoration of Democracy-Kenya,Civilians (Kenya),Kenya,Nairobi,Starehe,Nairobi,-1.283,36.817,1
KEN3630,2013-01-23,2013,Protests,Peaceful protest,Protesters (Kenya),,Kenya,Nairobi,Starehe,Nairobi,-1.283,36.817,0
KEN3676,2013-02-06,2013,Protests,Peaceful protest,Protesters (Kenya),,Kenya,Nairobi,Starehe,Nairobi,-1.283,36.817,0
KEN3603,2013-01-18,2013,Violence against civilians,Attack,Unidentified Armed Group (Kenya),Civilians (Kenya),Kenya,Nairobi,Langata,Nairobi - Langata,-1.3508,36.7589,0
KEN3612,2013-01-20,2013,Riots,Violent demonstration,Rioters (Kenya),Police Forces of Kenya (2002-2013),Kenya,Nairobi,Kibra,Nairobi - Kibra,-1.3061,36.7857,0
KEN3613,2013-01-20,2013,Violence against civilians,Attack,Police Forces of Kenya (2002-2013),Civilians (Kenya),Kenya,Nairobi,Kibra,Nairobi - Kibra,-1.3061,36.7857,0
KEN3616,2013-01-20,2013,Riots,Mob violence,Rioters (Kenya),Civilians (Kenya),Kenya,Nairobi,Dagoretti South,Nairobi - Dagoretti South,-1.2828,36.7131,1
KEN3618,2013-01-21,2013,Violence against civilians,Attack,Police Forces of Kenya (2002-2013),Civilians (Kenya),Kenya,Nairobi,Kibra,Nairobi - Kibra,-1.3061,36.7857,0
KEN3629,2013-01-23,2013,Violence against civilians,Abduction/forced disappearance,Unidentified Armed Group (Kenya),Civilians (Kenya),Kenya,Nairobi,Langata,Nairobi - Langata,-1.3508,36.7589,0
KEN3595,2013-01-14,2013,Protests,Peaceful protest,Protesters (Kenya),,Kenya,Mombasa,Mvita,Mombasa,-4.0547,39.6636,0
KEN3606,2013-01-18,2013,Protests,Peaceful protest,Protesters (Kenya),,Kenya,Mombasa,Mvita,Mombasa,-4.0547,39.6636,0
KEN3622,2013-01-22,2013,Protests,Peaceful protest,Protesters (Kenya),,Kenya,Mombasa,Mvita,Mombasa,-4.0547,39.6636,0
KEN3633,2013-01-23,2013,Violence against civilians,Attack,Unidentified Armed Group (Kenya),Civilians (Kenya),Kenya,Baringo,Baringo North,Bartabwa,0.8378,35.8099,0
KEN3669,2013-02-05,2013,Protests,Peaceful protest,Protesters (Kenya),,Kenya,Mombasa,Mvita,Mombasa,-4.0547,39.6636,0
KEN3706,2013-02-22,2013,Protests,Peaceful protest,Protesters (Kenya),,Kenya,Kwale,Kinango,Miritini,-4,39.5667,0
KEN3646,2013-01-30,2013,Riots,Violent demonstration,Rioters (Kenya),,Kenya,Kiambu,Gatundu South,Gatundu,-1.0129,36.9049,0
KEN3644,2013-01-28,2013,Riots,Violent demonstration,Rioters (Kenya),Police Forces of Kenya (2002-2013),Kenya,Narok,Narok North,Olpusimoru,-0.6581,35.7328,0
KEN3599,2013-01-16,2013,Protests,Peaceful protest,Protesters (Kenya),,Kenya,Nairobi,Starehe,Nairobi - Starehe,-1.2881,36.8236,0
KEN3605,2013-01-18,2013,Riots,Mob violence,Rioters (Kenya),Police Forces of Kenya (2002-2013),Kenya,Kitui,Mwingi Central Sub- County,Mwingi,-0.9333,38.0667,0
KEN3643,2013-01-28,2013,Violence against civilians,Attack,Unidentified Armed Group (Kenya),Civilians (Kenya),Kenya,Garissa,Dadaab,Ifo,0.11,40.3135,0
KEN3597,2013-01-16,2013,Violence against civilians,Abduction/forced disappearance,Unidentified Armed Group (Kenya),Civilians (Kenya),Kenya,Nairobi,Dagoretti North,Nairobi - Dagoretti North,-1.2793,36.7789,0
KEN3619,2013-01-21,2013,Riots,Mob violence,Rioters (Kenya),Police Forces of Kenya (2002-2013),Kenya,Nairobi,Dagoretti North,Nairobi - Dagoretti North,-1.2793,36.7789,0
KEN3743,2013-03-05,2013,Explosions/Remote violence,Grenade,Unidentified Armed Group (Kenya),Civilians (Kenya),Kenya,Wajir,Wajir East,Wajir,1.75,40.06,0
KEN3708,2013-02-24,2013,Protests,Peaceful protest,Protesters (Kenya),,Kenya,Trans Nzoia,Saboti,Kitale,1.0167,35,0
KEN3710,2013-02-25,2013,Strategic developments,Looting/property destruction,Toposa Ethnic Militia (South Sudan),,Kenya,Turkana,Turkana West,Nadapal,4.4051,34.2837,0
KEN3714,2013-02-27,2013,Protests,Peaceful protest,Protesters (Kenya),,Kenya,Busia,Teso North,Amagoro,0.6333,34.3333,0
KEN3715,2013-02-27,2013,Protests,Peaceful protest,Protesters (Kenya),,Kenya,Busia,Teso South,Amukura,0.5684,34.2737,0
KEN3716,2013-02-28,2013,Violence against civilians,Attack,Unidentified Armed Group (Kenya),Civilians (Kenya),Kenya,Kwale,Msambweni,Mwaembe,-4.4926,39.4645,0
KEN3717,2013-02-28,2013,Riots,Mob violence,Rioters (Kenya),Civilians (Kenya),Kenya,Nyeri,Nyeri Central,Thunguma,-0.4375,36.9891,1
KEN3719,2013-03-01,2013,Strategic developments,Change to group/activity,MRC: Mombasa Republican Council,,Kenya,Kwale,Matuga,Tiribe,-4.3195,39.2549,0
KEN3720,2013-03-01,2013,Violence against civilians,Attack,MRC: Mombasa Republican Council,Civilians (Kenya),Kenya,Kilifi,Malindi,Malindi,-3.22,40.12,1
KEN3721,2013-03-01,2013,Violence against civilians,Attack,MRC: Mombasa Republican Council,Civilians (Kenya),Kenya,Kilifi,Magarini,Mikuyuni,-3.15,39.8833,2
KEN3722,2013-03-01,2013,Violence against civilians,Attack,Unidentified Armed Group (Kenya),Civilians (Kenya),Kenya,Kilifi,Kaloleni,Kaloleni,-3.8167,39.6269,0
KEN3724,2013-03-01,2013,Violence against civilians,Attack,Pokot Ethnic Militia (Kenya),Civilians (Kenya),Kenya,Laikipia,Laikipia North,Laikipia,0.4167,36.75,1
KEN3725,2013-03-02,2013,Violence against civilians,Attack,Unidentified Ethnic Militia (Kenya),Civilians (Kenya),Kenya,Laikipia,Laikipia North,Laikipia,0.4167,36.75,0
KEN3728,2013-03-03,2013,Strategic developments,Looting/property destruction,Unidentified Armed Group (Kenya),Police Forces of Kenya (2002-2013),Kenya,Kilifi,Kaloleni,Kaloleni,-3.8167,39.6269,0
KEN3737,2013-03-04,2013,Battles,Armed clash,MRC: Mombasa Republican Council,Police Forces of Kenya (2002-2013),Kenya,Kilifi,Kilifi South,Chonyi,-3.7806,39.6791,2
KEN3738,2013-03-04,2013,Protests,Peaceful protest,Protesters (Kenya),,Kenya,Nakuru,Subukia,Subukia,-0.0062,36.1733,0
KEN3739,2013-03-04,2013,Violence against civilians,Attack,MRC: Mombasa Republican Council,Civilians (Kenya),Kenya,Kilifi,Kilifi North,Kilifi,-3.633,39.85,0
KEN3741,2013-03-04,2013,Violence against civilians,Attack,MRC: Mombasa Republican Council,Civilians (Kenya),Kenya,Kwale,Matuga,Tiribe,-4.3195,39.2549,2
KEN3742,2013-03-04,2013,Violence against civilians,Attack,Unidentified Armed Group (Kenya),Civilians (Kenya),Kenya,Nyeri,Mukurweini,Tambaya,-0.5285,37.0202,0
KEN3745,2013-03-05,2013,Protests,Peaceful protest,Protesters (Kenya),,Kenya,Nyeri,Nyeri South,Othaya,-0.5666,36.95,0
KEN3746,2013-03-05,2013,Strategic developments,Disrupted weapons use,MRC: Mombasa Republican Council,,Kenya,Kwale,Msambweni,Ukunda,-4.2875,39.5661,0
KEN3748,2013-03-06,2013,Riots,Violent demonstration,Rioters (Kenya),,Kenya,Muranga,Kiharu,Mathioya,-0.7167,37.25,0
KEN3749,2013-03-06,2013,Protests,Peaceful protest,Protesters (Kenya),,Kenya,Kwale,Kinango,Mariakani,-3.8667,39.4667,0
KEN3753,2013-03-07,2013,Riots,Violent demonstration,Rioters (Kenya),Police Forces of Kenya (2002-2013),Kenya,Embu,Manyatta,Embu,-0.5333,37.45,0
KEN3754,2013-03-07,2013,Protests,Protest with intervention,Protesters (Kenya),Police Forces of Kenya (2002-2013),Kenya,Kisumu,Kisumu Central,Kisumu,-0.1,34.75,0
KEN3756,2013-03-09,2013,Riots,Violent demonstration,Rioters (Kenya),Police Forces of Kenya (2002-2013),Kenya,Kisumu,Kisumu Central,Kisumu,-0.1,34.75,0
KEN3757,2013-03-09,2013,Riots,Violent demonstration,Rioters (Kenya),Police Forces of Kenya (2002-2013),Kenya,Trans Nzoia,Saboti,Kitale,1.0167,35,0
KEN3759,2013-03-11,2013,Riots,Mob violence,Police Forces of Kenya (2002-2013),Rioters (Kenya),Kenya,Bomet,Sotik,Kaplong,-0.6833,35.1333,0
KEN3760,2013-03-11,2013,Protests,Protest with intervention,Protesters (Kenya),Police Forces of Kenya (2002-2013),Kenya,Kiambu,Lari,Kinare,-0.9019,36.6319,0
KEN3761,2013-03-12,2013,Battles,Armed clash,TNA: The National Alliance,CORD: Coalition for Reforms and Democracy,Kenya,Kisii,Bomachoge Borabu,Mokubo,-0.9,34.7167,1
KEN3762,2013-03-12,2013,Protests,Peaceful protest,Protesters (Kenya),,Kenya,Embu,Mbeere South,Mwea,-0.75,37.4833,0
KEN3764,2013-03-14,2013,Violence against civilians,Attack,Unidentified Armed Group (Kenya),Civilians (Kenya),Kenya,Isiolo,Isiolo,Shimba Hills,0.4381,37.5316,1
KEN3768,2013-03-15,2013,Battles,Armed clash,Abanyabasi Ethnic Militia (Kenya),Abairege Ethnic Militia (Kenya),Kenya,Migori,Kuria West,Suba Kuria,-1.1667,34.45,0
KEN3769,2013-03-15,2013,Protests,Peaceful protest,Protesters (Kenya),,Kenya,Bomet,Bomet East,Bomet,-0.7833,35.35,0
KEN3774,2013-03-18,2013,Battles,Armed clash,Al Shabaab,Unidentified Armed Group (Kenya),Kenya,Mombasa,Mvita,Majengo,-4.0486,39.6706,1
KEN3775,2013-03-18,2013,Battles,Armed clash,Abanyabasi Ethnic Militia (Kenya),Abairege Ethnic Militia (Kenya),Kenya,Migori,Kuria West,Suba Kuria,-1.1667,34.45,2
KEN3776,2013-03-18,2013,Violence against civilians,Attack,Unidentified Armed Group (Kenya),Civilians (Kenya),Kenya,Muranga,Muranga South,Wempa,-0.9667,37.1667,1
KEN3781,2013-03-19,2013,Riots,Mob violence,Rioters (Kenya),Civilians (Kenya),Kenya,Kajiado,Loitokitok,Olkaria,-2.95,37.6,0
KEN3782,2013-03-20,2013,Battles,Armed clash,Maasai Ethnic Militia (Kenya),Kikuyu Ethnic Militia (Kenya),Kenya,Nakuru,Naivasha,Naivasha,-0.7202,36.4285,0
KEN3783,2013-03-20,2013,Protests,Peaceful protest,Protesters (Kenya),,Kenya,Kajiado,Loitokitok,Olkaria,-2.95,37.6,0
KEN3785,2013-03-20,2013,Violence against civilians,Attack,Unidentified Ethnic Militia (Kenya),Civilians (Kenya),Kenya,Baringo,Baringo Central,Kabarnet,0.4919,35.743,1
KEN3786,2013-03-20,2013,Violence against civilians,Attack,Unidentified Ethnic Militia (Kenya),Civilians (Kenya),Kenya,Turkana,Turkana Central,Lodwar,3.1191,35.5973,4
KEN3787,2013-03-20,2013,Riots,Mob violence,Rioters (Kenya),Civilians (Kenya),Kenya,Narok,Narok North,Narok,-1.0783,35.8601,0
KEN3788,2013-03-21,2013,Riots,Mob violence,Rioters (Kenya),Civilians (Kenya),Kenya,Kericho,Kipkelion West,Kabirer,-0.1198,35.4005,0
KEN3790,2013-03-22,2013,Violence against civilians,Attack,MRC: Mombasa Republican Council,Civilians (Kenya),Kenya,Kilifi,Kilifi North,Kilifi,-3.633,39.85,0
KEN3801,2013-03-30,2013,Riots,Violent demonstration,Rioters (Kenya),Police Forces of Kenya (2002-2013),Kenya,Migori,Awendo,Awendo,-0.9,34.5333,0
KEN3808,2013-03-31,2013,Violence against civilians,Attack,Unidentified Armed Group (Kenya),Civilians (Kenya),Kenya,Baringo,Baringo Central,Kabarnet,0.4919,35.743,2
KEN3809,2013-03-31,2013,Violence against civilians,Attack,Unidentified Armed Group (Kenya),Civilians (Kenya),Kenya,Baringo,Marigat,Marigat,0.4667,35.9833,1
KEN3810,2013-03-31,2013,Violence against civilians,Attack,Abanyabasi Ethnic Militia (Kenya),Civilians (Kenya),Kenya,Migori,Kuria East,Matare,-1.3167,34.6667,1
KEN3812,2013-04-01,2013,Protests,Peaceful protest,Protesters (Kenya),,Kenya,Machakos,Matungulu,Donyo Sabuk,-1.1,37.25,0
KEN3813,2013-04-01,2013,Protests,Peaceful protest,Protesters (Kenya),,Kenya,Bungoma,Webuye West,Kituni,0.6333,34.75,0
KEN3814,2013-04-01,2013,Protests,Peaceful protest,Protesters (Kenya),,Kenya,Kakamega,Mumias East,Malaha,0.3667,34.5667,0
KEN3816,2013-04-01,2013,Violence against civilians,Attack,Abanyabasi Ethnic Militia (Kenya),Civilians (Kenya),Kenya,Migori,Kuria East,Matare,-1.3167,34.6667,0
KEN3817,2013-04-01,2013,Violence against civilians,Attack,Samburu Ethnic Militia (Kenya),Civilians (Kenya),Kenya,Meru,Tigania West,Tigania,0.1667,37.75,1
KEN3821,2013-04-02,2013,Riots,Mob violence,Rioters (Kenya),Civilians (Kenya),Kenya,Kajiado,Kajiado North,Ngong,-1.3667,36.65,1
KEN3822,2013-04-03,2013,Protests,Peaceful protest,Protesters (Kenya),,Kenya,Uasin Gishu,Moiben,Eldoret,0.5167,35.2833,0
KEN3823,2013-04-03,2013,Protests,Peaceful protest,Protesters (Kenya),,Kenya,Nakuru,Naivasha,Naivasha,-0.7202,36.4285,0
KEN3826,2013-04-04,2013,Protests,Peaceful protest,Protesters (Kenya),,Kenya,Elgeyo Marakwet,Marakwet East,Embobut,1.2167,35.6333,0
KEN3828,2013-04-04,2013,Protests,Peaceful protest,Protesters (Kenya),,Kenya,Nyeri,Nyeri Central,Nyeri,-0.4167,36.95,0
KEN3830,2013-04-04,2013,Riots,Mob violence,Rioters (Kenya),Civilians (Kenya),Kenya,Busia,Nambale,Bukhayo,0.5,34.25,1
KEN3831,2013-04-04,2013,Riots,Mob violence,Rioters (Kenya),Civilians (Kenya),Kenya,Kitui,Kitui Central,Kitui,-1.3667,38.0167,1
KEN3733,2013-03-04,2013,Explosions/Remote violence,Grenade,Unidentified Armed Group (Kenya),Civilians (Kenya),Kenya,Mandera,Mandera East,Mandera,3.9357,41.8542,0
KEN3771,2013-03-16,2013,Violence against civilians,Attack,Unidentified Armed Group (Kenya),Civilians (Kenya),Kenya,Bungoma,Kanduyi,Bungoma,0.5635,34.5606,0
KEN3779,2013-03-19,2013,Protests,Peaceful protest,Protesters (Kenya),,Kenya,Narok,Narok North,Narok,-1.0783,35.8601,0
KEN3789,2013-03-22,2013,Protests,Protest with intervention,Protesters (Kenya),Police Forces of Kenya (2002-2013),Kenya,Tana River,Galole,Teso,-1.3,39.6667,0
KEN3819,2013-04-02,2013,Protests,Peaceful protest,Protesters (Kenya),,Kenya,Nyeri,Mathira East,Karatina,-0.4817,37.1251,0
KEN3765,2013-03-15,2013,Battles,Armed clash,Unidentified Armed Group (Kenya),Police Forces of Kenya (2002-2013),Kenya,Kiambu,Ruiru,Ruiru,-1.15,36.9667,0
KEN3777,2013-03-19,2013,Explosions/Remote violence,Remote explosive/landmine/IED,Police Forces of Kenya (2002-2013),Unidentified Armed Group (Kenya),Kenya,Mandera,Mandera East,Mandera,3.9357,41.8542,1
KEN3794,2013-03-30,2013,Riots,Violent demonstration,Rioters (Kenya),Police Forces of Kenya (2002-2013),Kenya,Homa Bay,Homa Bay Town,Homa Bay,-0.5273,34.4571,0
KEN3792,2013-03-28,2013,Battles,Armed clash,Police Forces of Kenya (2002-2013),MRC: Mombasa Republican Council,Kenya,Kilifi,Malindi,Malindi,-3.22,40.12,9
KEN3806,2013-03-31,2013,Riots,Violent demonstration,Rioters (Kenya),Police Forces of Kenya (2002-2013),Kenya,Kisumu,Kisumu Central,Kisumu,-0.1,34.75,0
KEN3797,2013-03-30,2013,Riots,Violent demonstration,Rioters (Kenya),Police Forces of Kenya (2002-2013),Kenya,Kisumu,Kisumu Central,Kisumu,-0.1,34.75,2
KEN3729,2013-03-03,2013,Strategic developments,Other,Unidentified Armed Group (Kenya),Civilians (Kenya),Kenya,Kilifi,Kilifi South,Chonyi,-3.7806,39.6791,0
KEN3820,2013-04-02,2013,Protests,Protest with intervention,Protesters (Kenya),Police Forces of Kenya (2002-2013),Kenya,Embu,Manyatta,Embu,-0.5333,37.45,0
KEN3778,2013-03-19,2013,Protests,Peaceful protest,Protesters (Kenya),,Kenya,Kiambu,Kiambu Town,Kiambu,-1.1667,36.8333,0
KEN3726,2013-03-03,2013,Explosions/Remote violence,Grenade,Unidentified Armed Group (Kenya),Civilians (Kenya),Kenya,Garissa,Garissa,Garissa,-0.4536,39.6461,1
KEN3799,2013-03-30,2013,Riots,Violent demonstration,Rioters (Kenya),Police Forces of Kenya (2002-2013),Kenya,Migori,Suna West,Migori,-1.0667,34.4667,0
KEN3818,2013-04-02,2013,Battles,Armed clash,Police Forces of Kenya (2002-2013),Al Shabaab,Kenya,Garissa,Garissa,Garissa,-0.4536,39.6461,3
KEN3791,2013-03-26,2013,Violence against civilians,Attack,Unidentified Armed Group (Kenya),Civilians (Kenya),Kenya,Garissa,Garissa,Garissa,-0.4536,39.6461,2
KEN3740,2013-03-04,2013,Violence against civilians,Attack,MRC: Mombasa Republican Council,Civilians (Kenya),Kenya,Mombasa,Kisauni,Kisauni,-4.0333,39.6833,0
KEN3780,2013-03-19,2013,Riots,Mob violence,Rioters (Kenya),Civilians (Kenya),Kenya,Migori,Suna West,Bondo Nyironge,-1.1,34.4,1
KEN3827,2013-04-04,2013,Riots,Violent demonstration,Rioters (Kenya),Police Forces of Kenya (2002-2013),Kenya,Machakos,Machakos,Machakos,-1.5167,37.2667,0
KEN3829,2013-04-04,2013,Violence against civilians,Attack,Unidentified Armed Group (Kenya),Civilians (Kenya),Kenya,Garissa,Garissa,Garissa,-0.4536,39.6461,1
KEN3815,2013-04-01,2013,Protests,Peaceful protest,Protesters (Kenya),,Kenya,Busia,Bunyala,Bulemia,0.1167,34,0
KEN3727,2013-03-03,2013,Violence against civilians,Attack,Unidentified Armed Group (Kenya),Civilians (Kenya),Kenya,Kakamega,Lurambi,Kakamega,0.2833,34.7384,0
KEN3735,2013-03-04,2013,Violence against civilians,Attack,Unidentified Armed Group (Kenya),Civilians (Kenya),Kenya,Nairobi,Starehe,Nairobi,-1.283,36.817,1
KEN3750,2013-03-06,2013,Riots,Violent demonstration,Rioters (Kenya),Private Security Forces (Kenya),Kenya,Nairobi,Starehe,Nairobi,-1.283,36.817,0
KEN3763,2013-03-12,2013,Riots,Violent demonstration,Rioters (Kenya),Police Forces of Kenya (2002-2013),Kenya,Nairobi,Starehe,Nairobi,-1.283,36.817,0
KEN3800,2013-03-30,2013,Riots,Violent demonstration,Rioters (Kenya),Police Forces of Kenya (2002-2013),Kenya,Nairobi,Starehe,Nairobi,-1.283,36.817,0
KEN3804,2013-03-31,2013,Riots,Violent demonstration,Rioters (Kenya),Police Forces of Kenya (2002-2013),Kenya,Nairobi,Starehe,Nairobi,-1.283,36.817,0
KEN3824,2013-04-03,2013,Violence against civilians,Attack,Akorino Sect Militia (Kenya),Civilians (Kenya),Kenya,Nairobi,Starehe,Nairobi,-1.283,36.817,0
KEN3711,2013-02-26,2013,Riots,Violent demonstration,Rioters (Kenya),Police Forces of Kenya (2002-2013),Kenya,Nairobi,Kibra,Nairobi - Kibra,-1.3061,36.7857,0
KEN3712,2013-02-26,2013,Riots,Mob violence,Rioters (Kenya),Civilians (Kenya),Kenya,Nairobi,Embakasi North,Nairobi - Embakasi North,-1.2517,36.8995,1
KEN3713,2013-02-26,2013,Riots,Mob violence,Rioters (Kenya),Civilians (Kenya),Kenya,Nairobi,Westlands,Nairobi - Westlands,-1.2379,36.7879,1
KEN3744,2013-03-05,2013,Explosions/Remote violence,Remote explosive/landmine/IED,Unidentified Armed Group (Somalia),Civilians (Kenya),Kenya,Nairobi,Kamukunji,Nairobi - Kamukunji,-1.2759,36.8526,0
KEN3758,2013-03-10,2013,Battles,Armed clash,Police Forces of Kenya (2002-2013),Unidentified Armed Group (Kenya),Kenya,Nairobi,Embakasi West,Nairobi - Embakasi West,-1.2692,36.8917,0
KEN3793,2013-03-30,2013,Riots,Violent demonstration,Rioters (Kenya),Police Forces of Kenya (2002-2013),Kenya,Nairobi,Embakasi North,Nairobi - Embakasi North,-1.2517,36.8995,3
KEN3796,2013-03-30,2013,Riots,Violent demonstration,Rioters (Kenya),Police Forces of Kenya (2002-2013),Kenya,Nairobi,Kibra,Nairobi - Kibra,-1.3061,36.7857,0
KEN3807,2013-03-31,2013,Strategic developments,Disrupted weapons use,Unidentified Armed Group (Kenya),Police Forces of Kenya (2002-2013),Kenya,Nairobi,Ruaraka,Nairobi - Ruaraka,-1.2456,36.8799,0
KEN3707,2013-02-24,2013,Riots,Mob violence,Rioters (Kenya),Rioters (Kenya),Kenya,Mombasa,Mvita,Mombasa,-4.0547,39.6636,0
KEN3709,2013-02-24,2013,Violence against civilians,Attack,UDF: United Democratic Front,Civilians (Kenya),Kenya,Kakamega,Mumias East,Shianda,0.3198,34.576,0
KEN3730,2013-03-03,2013,Violence against civilians,Abduction/forced disappearance,MRC: Mombasa Republican Council,Civilians (Kenya),Kenya,Mombasa,Mvita,Mombasa,-4.0547,39.6636,0
KEN3732,2013-03-04,2013,Battles,Armed clash,MRC: Mombasa Republican Council,Police Forces of Kenya (2002-2013),Kenya,Mombasa,Mvita,Mombasa,-4.0547,39.6636,7
KEN3736,2013-03-04,2013,Battles,Armed clash,MRC: Mombasa Republican Council,Police Forces of Kenya (2002-2013),Kenya,Mombasa,Changamwe,Changamwe,-4.0166,39.6333,8
KEN3825,2013-04-04,2013,Violence against civilians,Attack,Pokot Ethnic Militia (Kenya),Civilians (Kenya),Kenya,Turkana,Turkana South,Nakwamoru,2.1259,35.4052,1
KEN3802,2013-03-30,2013,Riots,Violent demonstration,Rioters (Kenya),Police Forces of Kenya (2002-2013),Kenya,Migori,Rongo,Rongo,-0.7556,34.5995,0
KEN3734,2013-03-04,2013,Violence against civilians,Attack,Unidentified Armed Group (Kenya),Civilians (Kenya),Kenya,Nairobi,Mathare,Nairobi - Mathare,-1.2604,36.8607,0
KEN3755,2013-03-09,2013,Protests,Peaceful protest,Protesters (Kenya),,Kenya,Nairobi,Mathare,Nairobi - Mathare,-1.2604,36.8607,0
KEN3798,2013-03-30,2013,Riots,Violent demonstration,Rioters (Kenya),Police Forces of Kenya (2002-2013),Kenya,Nairobi,Mathare,Nairobi - Mathare,-1.2604,36.8607,0
KEN3803,2013-03-31,2013,Riots,Violent demonstration,Rioters (Kenya),Police Forces of Kenya (2002-2013),Kenya,Nairobi,Mathare,Nairobi - Mathare,-1.2604,36.8607,0
KEN3772,2013-03-16,2013,Battles,Armed clash,Police Forces of Kenya (2002-2013),Unidentified Armed Group (Kenya),Kenya,Narok,Narok East,Ntulelei,-1.0959,36.0857,3
KEN3811,2013-04-01,2013,Strategic developments,Disrupted weapons use,Unidentified Armed Group (Kenya),Police Forces of Kenya (2002-2013),Kenya,Nakuru,Rongai,Rongai,-0.1666,35.85,0
KEN16295,2013-03-06,2013,Riots,Mob violence,Rioters (Kenya),Civilians (Kenya),Kenya,Vihiga,Luanda,Ebusakami,0.0147,34.5815,1
KEN3752,2013-03-07,2013,Protests,Peaceful protest,Protesters (Kenya),,Kenya,Muranga,Kigumo,Kangare,-0.7833,36.8667,0
KEN3766,2013-03-15,2013,Riots,Violent demonstration,Rioters (Kenya),,Kenya,Nairobi,Starehe,Nairobi - Starehe,-1.2881,36.8236,0
KEN3731,2013-03-04,2013,Violence against civilians,Attack,Unidentified Armed Group (Kenya),Civilians (Kenya),Kenya,Garissa,Garissa,Garissa,-0.4536,39.6461,1
KEN3747,2013-03-06,2013,Riots,Violent demonstration,Rioters (Kenya),Police Forces of Kenya (2002-2013),Kenya,Garissa,Garissa,Garissa,-0.4536,39.6461,1
KEN3770,2013-03-16,2013,Protests,Excessive force against protesters,Police Forces of Kenya (2002-2013),Protesters (Kenya),Kenya,Nairobi,Starehe,Nairobi,-1.283,36.817,0
KEN3795,2013-03-30,2013,Riots,Violent demonstration,Rioters (Kenya),Police Forces of Kenya (2002-2013),Kenya,Nairobi,Dagoretti North,Nairobi - Dagoretti North,-1.2793,36.7789,0
KEN3805,2013-03-31,2013,Strategic developments,Disrupted weapons use,Unidentified Armed Group (Kenya),Police Forces of Kenya (2002-2013),Kenya,Nairobi,Starehe,Nairobi,-1.283,36.817,0
KEN3718,2013-03-01,2013,Battles,Armed clash,Degodia Clan Militia (Kenya),Police Forces of Kenya (2002-2013),Kenya,Mandera,Mandera North,Rhamu,3.9208,41.2192,4
KEN3723,2013-03-01,2013,Violence against civilians,Attack,Degodia Clan Militia (Kenya),Civilians (Kenya),Kenya,Mandera,Mandera North,Rhamu,3.9208,41.2192,0
KEN3832,2013-04-06,2013,Protests,Peaceful protest,Protesters (Kenya),,Kenya,Kwale,Kinango,Mariakani,-3.8667,39.4667,0
KEN3838,2013-04-10,2013,Riots,Mob violence,Rioters (Kenya),Civilians (Kenya),Kenya,Migori,Uriri,Oruba,-0.9688,34.5314,0
KEN3841,2013-04-10,2013,Riots,Mob violence,Rioters (Kenya),Civilians (Kenya),Kenya,Nandi,Aldai,Kobujoi,0.0545,34.976,1
KEN3842,2013-04-11,2013,Protests,Peaceful protest,Protesters (Kenya),,Kenya,Kisumu,Kisumu Central,Kisumu,-0.1,34.75,0
KEN3843,2013-04-11,2013,Riots,Mob violence,Rioters (Kenya),Civilians (Kenya),Kenya,Busia,Nambale,Nambale,0.4459,34.2519,1
KEN3844,2013-04-12,2013,Violence against civilians,Attack,Unidentified Ethnic Militia (Kenya),Civilians (Kenya),Kenya,Laikipia,Laikipia West,Tandar,0.3813,36.2933,4
KEN3845,2013-04-13,2013,Riots,Mob violence,Rioters (Kenya),Civilians (Kenya),Kenya,Embu,Mbeere South,Kiamuringa,-0.5698,37.5318,1
KEN3848,2013-04-14,2013,Violence against civilians,Attack,Pokot Ethnic Militia (Kenya),Civilians (Kenya),Kenya,Baringo,Baringo Central,Kabarnet,0.4919,35.743,4
KEN3854,2013-04-16,2013,Protests,Peaceful protest,Protesters (Kenya),,Kenya,Trans Nzoia,Saboti,Kitale,1.0167,35,0
KEN3865,2013-04-24,2013,Violence against civilians,Attack,Unidentified Ethnic Militia (Kenya),Civilians (Kenya),Kenya,Baringo,Baringo Central,Kabarnet,0.4919,35.743,0
KEN3866,2013-04-24,2013,Violence against civilians,Attack,Unidentified Ethnic Militia (Kenya),Civilians (Kenya),Kenya,Samburu,Samburu East,Wamba,0.9802,37.3235,0
KEN3867,2013-04-26,2013,Violence against civilians,Attack,Unidentified Armed Group (Kenya),Civilians (Kenya),Kenya,Bungoma,Kanduyi,Bungoma,0.5635,34.5606,2
KEN3874,2013-04-30,2013,Violence against civilians,Attack,Turkana Ethnic Militia (Kenya),Civilians (Kenya),Kenya,West Pokot,Pokot North,Kacheliba,1.4833,35.0167,1
KEN3877,2013-05-01,2013,Protests,Peaceful protest,Protesters (Kenya),,Kenya,Elgeyo Marakwet,Keiyo North,Iten,0.6702,35.5077,0
KEN3879,2013-05-02,2013,Violence against civilians,Attack,Unidentified Ethnic Militia (Kenya),Civilians (Kenya),Kenya,Laikipia,Laikipia North,Laikipia,0.4167,36.75,1
KEN3881,2013-05-04,2013,Violence against civilians,Attack,Sonjo Ethnic Militia (Tanzania),Civilians (Kenya),Kenya,Narok,Narok West,Naikara,-1.6,35.6333,2
KEN3883,2013-05-05,2013,Violence against civilians,Attack,Sonjo Ethnic Militia (Tanzania),Civilians (Kenya),Kenya,Narok,Narok West,Naikara,-1.6,35.6333,3
KEN3887,2013-05-09,2013,Violence against civilians,Attack,Unidentified Ethnic Militia (Kenya),Civilians (Kenya),Kenya,Kiambu,Gatundu North,Kieni,-0.85,36.6833,1
KEN3897,2013-05-16,2013,Protests,Peaceful protest,Protesters (Kenya),,Kenya,Kilifi,Kilifi North,Watamu,-3.3543,40.0209,0
KEN3872,2013-04-29,2013,Violence against civilians,Attack,Toposa Ethnic Militia (South Sudan),Civilians (Kenya),Kenya,Turkana,Turkana West,Lokichoggio,4.2,34.35,4
KEN3873,2013-04-30,2013,Protests,Peaceful protest,Protesters (Kenya),,Kenya,Turkana,Turkana West,Lokichoggio,4.2,34.35,0
KEN3886,2013-05-08,2013,Violence against civilians,Attack,Unidentified Armed Group (Kenya),Civilians (Kenya),Kenya,Bungoma,Kanduyi,Bungoma,0.5635,34.5606,1
KEN3875,2013-05-01,2013,Violence against civilians,Attack,Unidentified Armed Group (Kenya),Civilians (Kenya),Kenya,Bungoma,Kanduyi,Bungoma,0.5635,34.5606,3
KEN3876,2013-05-01,2013,Violence against civilians,Attack,Unidentified Armed Group (Kenya),Civilians (Kenya),Kenya,Busia,Teso South,Ochude,0.5333,34.25,2
KEN3870,2013-04-28,2013,Violence against civilians,Attack,Unidentified Armed Group (Kenya),Civilians (Kenya),Kenya,Bungoma,Kanduyi,Kibabii,0.6199,34.5275,1
KEN3871,2013-04-28,2013,Violence against civilians,Attack,Unidentified Armed Group (Kenya),Civilians (Kenya),Kenya,Busia,Teso South,Ochude,0.5333,34.25,1
KEN3869,2013-04-28,2013,Violence against civilians,Attack,Unidentified Armed Group (Kenya),Civilians (Kenya),Kenya,Bungoma,Kanduyi,Bungoma,0.5635,34.5606,0
KEN3882,2013-05-04,2013,Protests,Peaceful protest,Protesters (Kenya),,Kenya,Kilifi,Kilifi North,Shariani,-3.7714,39.8319,0
KEN3884,2013-05-06,2013,Protests,Peaceful protest,Protesters (Kenya),,Kenya,Kiambu,Limuru,Limuru,-1.1136,36.6421,0
KEN3880,2013-05-03,2013,Riots,Mob violence,Rioters (Kenya),Civilians (Kenya),Kenya,Kilifi,Kilifi North,Shariani,-3.7714,39.8319,1
KEN3856,2013-04-18,2013,Violence against civilians,Attack,Unidentified Armed Group (Kenya),Civilians (Kenya),Kenya,Garissa,Garissa,Garissa,-0.4536,39.6461,10
KEN3855,2013-04-17,2013,Protests,Peaceful protest,Protesters (Kenya),,Kenya,Machakos,Machakos,Machakos,-1.5167,37.2667,0
KEN3858,2013-04-18,2013,Protests,Peaceful protest,Protesters (Kenya),,Kenya,Kakamega,Lurambi,Kakamega,0.2833,34.7384,0
KEN3839,2013-04-10,2013,Protests,Peaceful protest,Protesters (Kenya),,Kenya,Machakos,Machakos,Machakos,-1.5167,37.2667,0
KEN3836,2013-04-09,2013,Protests,Peaceful protest,Protesters (Kenya),,Kenya,Nakuru,Nakuru North,Nakuru,-0.2441,36.142,0
KEN3835,2013-04-08,2013,Violence against civilians,Attack,Unidentified Armed Group (Kenya),Civilians (Kenya),Kenya,Mombasa,Kisauni,Kisauni,-4.0333,39.6833,0
KEN3834,2013-04-06,2013,Riots,Mob violence,Rioters (Kenya),Civilians (Kenya),Kenya,Muranga,Kangema,Nyangiti,-0.6833,37.05,2
KEN3840,2013-04-10,2013,Riots,Violent demonstration,Rioters (Kenya),Police Forces of Kenya (2013-2022),Kenya,Migori,Suna West,Migori,-1.0667,34.4667,0
KEN3847,2013-04-14,2013,Riots,Mob violence,Rioters (Kenya),Police Forces of Kenya (2013-2022),Kenya,Bomet,Bomet East,Mulot,-0.9333,35.4167,0
KEN3852,2013-04-15,2013,Violence against civilians,Attack,Police Forces of Kenya (2013-2022),Civilians (Kenya),Kenya,Mombasa,Kisauni,Kisauni,-4.0333,39.6833,1
KEN3853,2013-04-16,2013,Riots,Mob violence,Rioters (Kenya),Civilians (Kenya),Kenya,Uasin Gishu,Moiben,Eldoret,0.5167,35.2833,0
KEN3857,2013-04-18,2013,Battles,Armed clash,Unidentified Armed Group (South Sudan),Military Forces of Kenya (2013-2022),Kenya,Turkana,Turkana Central,Lodwar,3.1191,35.5973,0
KEN3859,2013-04-18,2013,Riots,Violent demonstration,Police Forces of Kenya (2013-2022),Rioters (Kenya),Kenya,Uasin Gishu,Moiben,Eldoret,0.5167,35.2833,0
KEN3860,2013-04-19,2013,Riots,Violent demonstration,Police Forces of Kenya (2013-2022),Rioters (Kenya),Kenya,Uasin Gishu,Moiben,Eldoret,0.5167,35.2833,0
KEN3863,2013-04-22,2013,Violence against civilians,Attack,Police Forces of Kenya (2013-2022),Civilians (Kenya),Kenya,Garissa,Garissa,Garissa,-0.4536,39.6461,0
KEN3868,2013-04-28,2013,Battles,Armed clash,Police Forces of Kenya (2013-2022),Unidentified Armed Group (Kenya),Kenya,Mombasa,Kisauni,Kisauni,-4.0333,39.6833,0
KEN3892,2013-05-11,2013,Battles,Armed clash,Police Forces of Kenya (2013-2022),Al Shabaab,Kenya,Mandera,Mandera East,Mandera,3.9357,41.8542,2
KEN3837,2013-04-10,2013,Battles,Armed clash,Police Forces of Kenya (2013-2022),Unidentified Armed Group (Kenya),Kenya,Nairobi,Starehe,Nairobi,-1.283,36.817,1
KEN3849,2013-04-15,2013,Protests,Peaceful protest,Protesters (Kenya),,Kenya,Nairobi,Starehe,Nairobi,-1.283,36.817,0
KEN3851,2013-04-15,2013,Violence against civilians,Abduction/forced disappearance,Unidentified Armed Group (Kenya),Civilians (Kenya),Kenya,Nairobi,Starehe,Nairobi,-1.283,36.817,0
KEN3890,2013-05-10,2013,Protests,Peaceful protest,Protesters (Kenya),,Kenya,Nairobi,Starehe,Nairobi,-1.283,36.817,0
KEN3896,2013-05-15,2013,Violence against civilians,Attack,Police Forces of Kenya (2013-2022),Civilians (Kenya),Kenya,Nairobi,Starehe,Nairobi,-1.283,36.817,1
KEN3833,2013-04-06,2013,Riots,Mob violence,Rioters (Kenya),Civilians (Kenya),Kenya,Nairobi,Embakasi Central,Nairobi - Embakasi Central,-1.268,36.9148,3
KEN3846,2013-04-14,2013,Protests,Peaceful protest,Protesters (Kenya),,Kenya,Nairobi,Roysambu,Nairobi - Roysambu,-1.2067,36.8888,0
KEN3850,2013-04-15,2013,Protests,Peaceful protest,Protesters (Kenya),,Kenya,Nairobi,Roysambu,Nairobi - Roysambu,-1.2067,36.8888,0
KEN3861,2013-04-20,2013,Violence against civilians,Abduction/forced disappearance,Police Forces of Kenya (2013-2022),Civilians (Kenya),Kenya,Nairobi,Ruaraka,Nairobi - Ruaraka,-1.2456,36.8799,0
KEN3895,2013-05-14,2013,Violence against civilians,Attack,Garre Clan Militia (Kenya),Civilians (Kenya),Kenya,Mandera,Banissa,Banissa,3.9439,40.3445,1
KEN3898,2013-05-16,2013,Violence against civilians,Attack,Garre Clan Militia (Kenya),Civilians (Kenya),Kenya,Mandera,Banissa,Malka Mari,4.2667,40.7833,3
KEN3862,2013-04-22,2013,Protests,Peaceful protest,Protesters (Kenya),,Kenya,Kitui,Mwingi Central Sub- County,Mwingi,-0.9333,38.0667,0
KEN3864,2013-04-23,2013,Protests,Peaceful protest,Protesters (Kenya),,Kenya,Kitui,Mwingi Central Sub- County,Mwingi,-0.9333,38.0667,0
KEN3885,2013-05-06,2013,Violence against civilians,Attack,Unidentified Armed Group (Kenya),Civilians (Kenya),Kenya,Bungoma,Kanduyi,Kanduyi,0.5851,34.5588,0
KEN3889,2013-05-10,2013,Battles,Armed clash,Police Forces of Kenya (2013-2022),Unidentified Armed Group (Kenya),Kenya,Garissa,Dadaab,Ifo,0.11,40.3135,1
KEN3878,2013-05-01,2013,Violence against civilians,Attack,COTU: Central Organisation of Trade Unions,Civilians (Kenya),Kenya,Nairobi,Dagoretti North,Nairobi - Dagoretti North,-1.2793,36.7789,0
KEN3894,2013-05-14,2013,Protests,Protest with intervention,Protesters (Kenya),Police Forces of Kenya (2013-2022),Kenya,Nairobi,Starehe,Nairobi,-1.283,36.817,0
KEN3888,2013-05-10,2013,Battles,Armed clash,Garre Clan Militia (Kenya),Degodia Clan Militia (Kenya),Kenya,Mandera,Mandera North,Rhamu,3.9208,41.2192,7
KEN3891,2013-05-11,2013,Battles,Armed clash,Garre Clan Militia (Kenya),Degodia Clan Militia (Kenya),Kenya,Mandera,Mandera North,Rhamu,3.9208,41.2192,0
KEN3905,2013-05-19,2013,Protests,Peaceful protest,Protesters (Kenya),,Kenya,Kwale,Msambweni,Diani,-4.279,39.594,0
KEN3908,2013-05-20,2013,Violence against civilians,Attack,Unidentified Ethnic Militia (Kenya),Civilians (Kenya),Kenya,Laikipia,Laikipia West,Mutaro,0.0253,36.6249,0
KEN3909,2013-05-21,2013,Protests,Peaceful protest,Protesters (Kenya),,Kenya,Kwale,Kinango,Mariakani,-3.8667,39.4667,0
KEN3918,2013-05-31,2013,Violence against civilians,Attack,Unidentified Armed Group (Kenya),Civilians (Kenya),Kenya,Meru,Imenti North,Meru,0.05,37.65,2
KEN3919,2013-05-31,2013,Violence against civilians,Attack,Toposa Ethnic Militia (South Sudan),Civilians (Kenya),Kenya,Turkana,Kibish,Lorumor,4.5893,35.1617,5
KEN3928,2013-06-11,2013,Violence against civilians,Attack,Unidentified Armed Group (Kenya),Civilians (Kenya),Kenya,Mandera,Mandera East,Mandera,3.9357,41.8542,6
KEN3931,2013-06-12,2013,Protests,Peaceful protest,Protesters (Kenya),,Kenya,Busia,Teso North,Malaba Hills,0.6328,34.2694,0
KEN3916,2013-05-27,2013,Protests,Peaceful protest,Protesters (Kenya),,Kenya,Elgeyo Marakwet,Keiyo North,Iten,0.6702,35.5077,0
KEN3934,2013-06-17,2013,Violence against civilians,Attack,Unidentified Ethnic Militia (Kenya),Civilians (Kenya),Kenya,Mandera,Mandera South,Bur Mayo,2.9833,40.2667,2
KEN3906,2013-05-20,2013,Violence against civilians,Attack,Al Shabaab,Civilians (Kenya),Kenya,Mandera,Lafey,Fino,3.3711,41.4468,0
KEN3921,2013-06-03,2013,Violence against civilians,Attack,Al Shabaab,Civilians (Kenya),Kenya,Garissa,Dadaab,Liboi,0.3534,40.8723,0
KEN6906,2013-05-21,2013,Battles,Armed clash,Unidentified Armed Group (Kenya),Private Security Forces (Kenya),Kenya,Uasin Gishu,Moiben,Eldoret,0.5167,35.2833,1
KEN3911,2013-05-22,2013,Violence against civilians,Attack,Unidentified Armed Group (Kenya),Civilians (Kenya),Kenya,Garissa,Garissa,Garissa,-0.4536,39.6461,2
KEN3935,2013-06-17,2013,Battles,Armed clash,Nuer Ethnic Militia (South Sudan),Merrile Ethnic Militia (Ethiopia),Kenya,Turkana,Turkana West,Kakuma,3.717,34.867,4
KEN3914,2013-05-25,2013,Battles,Armed clash,Police Forces of Kenya (2013-2022),Al Shabaab,Kenya,Garissa,Dadaab,Liboi,0.3534,40.8723,5
KEN3920,2013-06-02,2013,Riots,Mob violence,Rioters (Kenya),Police Forces of Kenya (2013-2022),Kenya,Trans Nzoia,Kiminini,Kiminini,0.8931,34.9241,3
KEN3936,2013-06-17,2013,Battles,Armed clash,Police Forces of Kenya (2013-2022),Al Shabaab,Kenya,Mombasa,Kisauni,Kisauni,-4.0333,39.6833,1
KEN3940,2013-06-18,2013,Battles,Armed clash,Police Forces of Kenya (2013-2022),Unidentified Armed Group (Kenya),Kenya,Wajir,Wajir East,Wajir,1.75,40.06,1
KEN3941,2013-06-18,2013,Protests,Excessive force against protesters,Police Forces of Kenya (2013-2022),Protesters (Kenya),Kenya,Laikipia,Laikipia East,Nanyuki,0.0167,37.0667,0
KEN3951,2013-06-25,2013,Battles,Armed clash,Police Forces of Kenya (2013-2022),Unidentified Ethnic Militia (Kenya),Kenya,Marsabit,Moyale,Guba,3.2794,38.6544,1
KEN3952,2013-06-25,2013,Violence against civilians,Attack,Garre Clan Militia (Kenya),Civilians (Kenya),Kenya,Wajir,Wajir East,Wajir,1.75,40.06,5
KEN3924,2013-06-07,2013,Violence against civilians,Attack,Police Forces of Kenya (2013-2022),Civilians (Kenya),Kenya,Nairobi,Starehe,Nairobi,-1.283,36.817,1
KEN3927,2013-06-09,2013,Explosions/Remote violence,Grenade,Al Shabaab,Civilians (Kenya),Kenya,Nairobi,Starehe,Nairobi,-1.283,36.817,0
KEN3929,2013-06-11,2013,Protests,Peaceful protest,Protesters (Kenya),,Kenya,Nairobi,Starehe,Nairobi,-1.283,36.817,0
KEN3933,2013-06-16,2013,Violence against civilians,Attack,Unidentified Armed Group (Kenya),Civilians (Somalia),Kenya,Nairobi,Starehe,Nairobi,-1.283,36.817,0
KEN3938,2013-06-17,2013,Violence against civilians,Attack,Police Forces of Kenya (2013-2022),Civilians (Kenya),Kenya,Nairobi,Starehe,Nairobi,-1.283,36.817,1
KEN3942,2013-06-19,2013,Protests,Peaceful protest,Protesters (Kenya),,Kenya,Nairobi,Starehe,Nairobi,-1.283,36.817,0
KEN3900,2013-05-18,2013,Violence against civilians,Attack,Police Forces of Kenya (2013-2022),Civilians (Kenya),Kenya,Nairobi,Roysambu,Nairobi - Roysambu,-1.2067,36.8888,2
KEN3904,2013-05-19,2013,Battles,Armed clash,Al Shabaab,Police Forces of Kenya (2013-2022),Kenya,Nairobi,Roysambu,Nairobi - Roysambu,-1.2067,36.8888,2
KEN3930,2013-06-11,2013,Battles,Armed clash,Police Forces of Kenya (2013-2022),Al Shabaab,Kenya,Nairobi,Kamukunji,Nairobi - Kamukunji,-1.2759,36.8526,1
KEN3939,2013-06-18,2013,Riots,Violent demonstration,Rioters (Kenya),Police Forces of Kenya (2013-2022),Kenya,Nairobi,Ruaraka,Nairobi - Ruaraka,-1.2456,36.8799,0
KEN3953,2013-06-25,2013,Riots,Violent demonstration,Rioters (Kenya),Police Forces of Kenya (2013-2022),Kenya,Nairobi,Kibra,Nairobi - Kibra,-1.3061,36.7857,0
KEN3954,2013-06-26,2013,Riots,Violent demonstration,Rioters (Kenya),Police Forces of Kenya (2013-2022),Kenya,Nairobi,Kibra,Nairobi - Kibra,-1.3061,36.7857,0
KEN3944,2013-06-20,2013,Strategic developments,Disrupted weapons use,Police Forces of Kenya (2013-2022),Al Shabaab,Kenya,Wajir,Wajir East,Wajir,1.75,40.06,0
KEN3915,2013-05-26,2013,Battles,Armed clash,Al Shabaab,Police Forces of Kenya (2013-2022),Kenya,Mombasa,Mvita,Mombasa,-4.0547,39.6636,1
KEN3922,2013-06-05,2013,Protests,Peaceful protest,Protesters (Kenya),,Kenya,Mombasa,Mvita,Mombasa,-4.0547,39.6636,0
KEN3926,2013-06-09,2013,Explosions/Remote violence,Grenade,Al Shabaab,Civilians (Kenya),Kenya,Mombasa,Likoni,Likoni,-4.0839,39.6616,0
KEN3932,2013-06-14,2013,Violence against civilians,Attack,Police Forces of Kenya (2013-2022),Civilians (Kenya),Kenya,Mombasa,Mvita,Mombasa,-4.0547,39.6636,0
KEN3937,2013-06-17,2013,Battles,Armed clash,Police Forces of Kenya (2013-2022),Al Shabaab,Kenya,Mombasa,Mvita,Mombasa,-4.0547,39.6636,1
KEN3917,2013-05-31,2013,Violence against civilians,Attack,Unidentified Armed Group (Kenya),Civilians (Kenya),Kenya,Vihiga,Sabatia,Chavakali,0.1163,34.7325,0
KEN3907,2013-05-20,2013,Violence against civilians,Attack,Garre Clan Militia (Kenya),Civilians (Kenya),Kenya,Marsabit,Moyale,Guba,3.2794,38.6544,1
KEN3943,2013-06-19,2013,Protests,Peaceful protest,Protesters (Kenya),,Kenya,Nairobi,Starehe,Nairobi - Starehe,-1.2881,36.8236,0
KEN3925,2013-06-08,2013,Strategic developments,Looting/property destruction,Unidentified Armed Group (Kenya),,Kenya,Garissa,Dadaab,Dagahaley,0.1891,40.2832,0
KEN3910,2013-05-22,2013,Battles,Armed clash,Private Security Forces (Kenya),Unidentified Armed Group (Somalia),Kenya,Garissa,Dadaab,Ifo,0.11,40.3135,3
KEN3899,2013-05-18,2013,Battles,Armed clash,Garre Clan Militia (Kenya),Police Forces of Kenya (2013-2022),Kenya,Wajir,Wajir East,Wajir,1.75,40.06,1
KEN3901,2013-05-19,2013,Violence against civilians,Attack,Garre Clan Militia (Kenya),Civilians (Kenya),Kenya,Mandera,Banissa,Banissa,3.9439,40.3445,2
KEN3902,2013-05-19,2013,Violence against civilians,Attack,Garre Clan Militia (Kenya),Civilians (Kenya),Kenya,Mandera,Banissa,Lulis,4.021,40.3343,2
KEN3912,2013-05-25,2013,Violence against civilians,Attack,Degodia Clan Militia (Kenya),Civilians (Kenya),Kenya,Mandera,Banissa,Banissa,3.9439,40.3445,3
KEN3913,2013-05-25,2013,Violence against civilians,Attack,Garre Clan Militia (Kenya),Civilians (Kenya),Kenya,Mandera,Banissa,Malka Mari,4.2667,40.7833,2
KEN3923,2013-06-06,2013,Violence against civilians,Attack,Garre Clan Militia (Kenya),Civilians (Kenya),Kenya,Mandera,Mandera North,Rhamu,3.9208,41.2192,2
KEN3945,2013-06-21,2013,Violence against civilians,Attack,Degodia Clan Militia (Kenya),Civilians (Kenya),Kenya,Mandera,Mandera East,Mandera,3.9357,41.8542,4
KEN3946,2013-06-21,2013,Violence against civilians,Attack,Garre Clan Militia (Kenya),Civilians (Kenya),Kenya,Wajir,Wajir East,Wajir,1.75,40.06,5
KEN3947,2013-06-22,2013,Violence against civilians,Attack,Garre Clan Militia (Kenya),Civilians (Kenya),Kenya,Mandera,Banissa,Banissa,3.9439,40.3445,1
KEN3948,2013-06-22,2013,Violence against civilians,Attack,Garre Clan Militia (Kenya),Civilians (Kenya),Kenya,Marsabit,Moyale,Guba,3.2794,38.6544,3
KEN3949,2013-06-23,2013,Explosions/Remote violence,Grenade,Garre Clan Militia (Kenya),Civilians (Kenya),Kenya,Mandera,Banissa,Banissa,3.9439,40.3445,16
KEN3950,2013-06-24,2013,Violence against civilians,Attack,Degodia Clan Militia (Kenya),Civilians (Kenya),Kenya,Wajir,Wajir East,Wajir,1.75,40.06,1
KEN3972,2013-07-22,2013,Riots,Mob violence,Rioters (Kenya),Civilians (Kenya),Kenya,Kwale,Kinango,Mariakani,-3.8667,39.4667,1
KEN3963,2013-07-13,2013,Protests,Peaceful protest,Protesters (Kenya),,Kenya,Kiambu,Ruiru,Ruiru,-1.15,36.9667,0
KEN3964,2013-07-15,2013,Protests,Peaceful protest,Protesters (Kenya),,Kenya,Wajir,Wajir East,Wajir,1.75,40.06,0
KEN3986,2013-08-03,2013,Protests,Peaceful protest,Protesters (Kenya),,Kenya,Nyandarua,Olkalou,Ol Kalou,-0.2709,36.3792,0
KEN3987,2013-08-06,2013,Riots,Mob violence,Rioters (Kenya),Civilians (Kenya),Kenya,Uasin Gishu,Moiben,Karuna,0.7292,35.472,1
KEN3990,2013-08-08,2013,Riots,Mob violence,Rioters (Kenya),Civilians (Kenya),Kenya,Meru,Imenti North,Meru,0.05,37.65,0
KEN3976,2013-07-26,2013,Riots,Mob violence,Rioters (Kenya),Civilians (Kenya),Kenya,Muranga,Kiharu,Muranga,-0.7166,37.15,1
KEN3960,2013-07-03,2013,Violence against civilians,Attack,Unidentified Armed Group (Kenya),Civilians (Kenya),Kenya,Machakos,Mwala,Nyaanyaa,-1.2667,37.4167,15
KEN3981,2013-07-31,2013,Protests,Peaceful protest,Protesters (Kenya),,Kenya,Taita Taveta,Wundanyi,Wundanyi,-3.4,38.3667,0
KEN3989,2013-08-08,2013,Protests,Peaceful protest,Protesters (Kenya),,Kenya,Narok,Narok North,Narok,-1.0783,35.8601,0
KEN3985,2013-08-02,2013,Violence against civilians,Attack,Murle Ethnic Militia (Ethiopia),Civilians (Kenya),Kenya,Turkana,Turkana Central,Lake Turkana,3.5,36,4
KEN3983,2013-07-31,2013,Violence against civilians,Attack,Unidentified Armed Group (Kenya),Civilians (Kenya),Kenya,Mombasa,Kisauni,Kisauni,-4.0333,39.6833,0
KEN4088,2013-07-10,2013,Protests,Peaceful protest,Protesters (Kenya),,Kenya,Kakamega,Likuyani,Turbo,0.6432,35.049,0
KEN3967,2013-07-17,2013,Protests,Peaceful protest,Protesters (Kenya),,Kenya,Garissa,Garissa,Garissa,-0.4536,39.6461,0
KEN3980,2013-07-30,2013,Violence against civilians,Attack,Pokot Ethnic Militia (Kenya),Civilians (Kenya),Kenya,Samburu,Samburu North,Nachola,1.8348,36.603,0
KEN3961,2013-07-03,2013,Violence against civilians,Abduction/forced disappearance,Al Shabaab,Civilians (Kenya),Kenya,Garissa,Hulugho,Hulugho,-1.15,41.0667,0
KEN3968,2013-07-18,2013,Protests,Protest with intervention,Protesters (Kenya),Police Forces of Kenya (2013-2022),Kenya,Samburu,Samburu Central,Kiamumbi,1.1778,36.8842,0
KEN3970,2013-07-18,2013,Violence against civilians,Attack,Police Forces of Kenya (2013-2022),Civilians (Kenya),Kenya,Nakuru,Nakuru East,Lanet,-0.3,36.1333,1
KEN3971,2013-07-20,2013,Protests,Protest with intervention,Protesters (Kenya),Police Forces of Kenya (2013-2022),Kenya,Nakuru,Nakuru East,Lanet,-0.3,36.1333,0
KEN3977,2013-07-26,2013,Riots,Violent demonstration,Rioters (Kenya),Civilians (Kenya),Kenya,Narok,Narok North,Narasha,-1.0962,35.9228,0
KEN3979,2013-07-28,2013,Battles,Armed clash,Police Forces of Kenya (2013-2022),Unidentified Armed Group (Kenya),Kenya,Nakuru,Nakuru North,Nakuru,-0.2441,36.142,7
KEN3982,2013-07-31,2013,Riots,Violent demonstration,Rioters (Kenya),Police Forces of Kenya (2013-2022),Kenya,Taita Taveta,Mwatate,Mwatate,-3.4995,38.3762,0
KEN3988,2013-08-07,2013,Riots,Violent demonstration,Rioters (Kenya),Police Forces of Kenya (2013-2022),Kenya,Marsabit,Moyale,Moyale,3.5094,39.0528,1
KEN3969,2013-07-18,2013,Protests,Peaceful protest,Protesters (Nigeria),,Kenya,Nairobi,Starehe,Nairobi,-1.283,36.817,0
KEN3974,2013-07-23,2013,Protests,Peaceful protest,Protesters (Nigeria),,Kenya,Nairobi,Starehe,Nairobi,-1.283,36.817,0
KEN3975,2013-07-25,2013,Protests,Peaceful protest,Protesters (Kenya),,Kenya,Nairobi,Starehe,Nairobi,-1.283,36.817,0
KEN3956,2013-07-01,2013,Protests,Peaceful protest,Protesters (Kenya),,Kenya,Nairobi,Westlands,Nairobi - Westlands,-1.2379,36.7879,0
KEN3957,2013-07-02,2013,Protests,Peaceful protest,Protesters (Kenya),,Kenya,Nairobi,Westlands,Nairobi - Westlands,-1.2379,36.7879,0
KEN3959,2013-07-03,2013,Protests,Peaceful protest,Protesters (Kenya),,Kenya,Mombasa,Mvita,Mombasa,-4.0547,39.6636,0
KEN3962,2013-07-04,2013,Riots,Violent demonstration,Rioters (Kenya),Civilians (Kenya),Kenya,Mombasa,Mvita,Mombasa,-4.0547,39.6636,0
KEN3973,2013-07-23,2013,Protests,Peaceful protest,Protesters (Kenya),,Kenya,Mombasa,Mvita,Mombasa,-4.0547,39.6636,0
KEN3984,2013-08-01,2013,Protests,Peaceful protest,Protesters (Kenya),,Kenya,Migori,Rongo,Rongo,-0.7556,34.5995,0
KEN3965,2013-07-15,2013,Riots,Violent demonstration,Rioters (Kenya),Police Forces of Kenya (2013-2022),Kenya,Nairobi,Mathare,Nairobi - Mathare,-1.2604,36.8607,0
KEN3978,2013-07-27,2013,Protests,Peaceful protest,Protesters (Kenya),,Kenya,Nairobi,Starehe,Nairobi - Starehe,-1.2881,36.8236,0
KEN3966,2013-07-16,2013,Protests,Peaceful protest,Protesters (Kenya),,Kenya,Kitui,Mwingi Central Sub- County,Mwingi,-0.9333,38.0667,0
KEN6907,2013-07-17,2013,Battles,Armed clash,Unidentified Armed Group (Kenya),Private Security Forces (Kenya),Kenya,Garissa,Dadaab,Dagahaley,0.1891,40.2832,0
KEN3955,2013-06-28,2013,Violence against civilians,Attack,Garre Clan Militia (Kenya),Civilians (Kenya),Kenya,Mandera,Mandera East,Mandera,3.9357,41.8542,4
KEN21247,2013-08-01,2013,Riots,Mob violence,Rioters (Kenya),Civilians (Kenya),Kenya,Mombasa,Kisauni,Utange,-3.9758,39.7189,0
KEN4061,2013-09-19,2013,Protests,Peaceful protest,Protesters (Kenya),,Kenya,Nandi,Chesumei,Kapsabet,0.2039,35.105,0
KEN3996,2013-08-11,2013,Protests,Peaceful protest,Protesters (Kenya),,Kenya,Kilifi,Malindi,Malindi,-3.22,40.12,0
KEN3998,2013-08-11,2013,Riots,Mob violence,Rioters (Kenya),Civilians (Kenya),Kenya,Embu,Manyatta,Embu,-0.5333,37.45,1
KEN4002,2013-08-12,2013,Riots,Mob violence,Rioters (Kenya),Civilians (Kenya),Kenya,Taita Taveta,Mwatate,Mwatate,-3.4995,38.3762,1
KEN4007,2013-08-15,2013,Battles,Armed clash,Kipsigi Ethnic Militia (Kenya),Kuria Ethnic Militia (Kenya),Kenya,Migori,Kuria East,Kuria East,-1.2437,34.5957,1
KEN4008,2013-08-15,2013,Violence against civilians,Attack,Unidentified Armed Group (Ethiopia),Civilians (Kenya),Kenya,Turkana,Turkana Central,Lodwar,3.1191,35.5973,10
KEN4010,2013-08-17,2013,Violence against civilians,Attack,Unidentified Armed Group (Kenya),Civilians (Kenya),Kenya,Kilifi,Ganze,Vitengeni,-3.3611,39.7113,1
KEN4017,2013-08-22,2013,Violence against civilians,Attack,Unidentified Armed Group (Kenya),Civilians (Kenya),Kenya,Muranga,Gatanga,Gatanga,-0.9333,36.9667,2
KEN4034,2013-09-03,2013,Protests,Peaceful protest,Protesters (Kenya),,Kenya,Nyeri,Nyeri Central,Nyeri,-0.4167,36.95,0
KEN4037,2013-09-03,2013,Riots,Mob violence,Rioters (Kenya),Civilians (Kenya),Kenya,Vihiga,Sabatia,Viyalo,0.1109,34.6993,4
KEN4038,2013-09-04,2013,Protests,Peaceful protest,Protesters (Kenya),,Kenya,Busia,Teso North,Amagoro,0.6333,34.3333,0
KEN4046,2013-09-07,2013,Protests,Peaceful protest,Protesters (Kenya),,Kenya,Uasin Gishu,Moiben,Eldoret,0.5167,35.2833,0
KEN4047,2013-09-10,2013,Riots,Mob violence,Rioters (Kenya),Civilians (Kenya),Kenya,Kisumu,Kisumu Central,Kisumu,-0.1,34.75,1
KEN4050,2013-09-13,2013,Violence against civilians,Attack,Unidentified Armed Group (Somalia),Civilians (Kenya),Kenya,Kitui,Kitui East,Malalani,-1.35,38.55,3
KEN4051,2013-09-15,2013,Protests,Peaceful protest,Protesters (Kenya),,Kenya,Kiambu,Ruiru,Ruiru,-1.15,36.9667,0
KEN4053,2013-09-16,2013,Violence against civilians,Attack,Unidentified Armed Group (Kenya),Civilians (Kenya),Kenya,Taita Taveta,Voi,Voi,-3.3961,38.5561,0
KEN4055,2013-09-16,2013,Riots,Mob violence,Rioters (Kenya),Civilians (Kenya),Kenya,Kiambu,Lari,Kagaa,-1.0251,36.7076,1
KEN4057,2013-09-17,2013,Violence against civilians,Attack,Unidentified Armed Group (Somalia),Civilians (Kenya),Kenya,Bungoma,Kanduyi,Bungoma,0.5635,34.5606,1
KEN4058,2013-09-18,2013,Violence against civilians,Attack,Meru Ethnic Militia (Kenya),Civilians (Kenya),Kenya,Isiolo,Isiolo,Isiolo,0.3546,37.5822,1
KEN4060,2013-09-18,2013,Riots,Mob violence,Rioters (Kenya),Civilians (Kenya),Kenya,Muranga,Kiharu,Karuri,-0.7167,37.0333,1
KEN4062,2013-09-19,2013,Protests,Peaceful protest,Protesters (Kenya),,Kenya,Muranga,Kigumo,Kigumo,-0.8167,36.9833,0
KEN4063,2013-09-19,2013,Protests,Peaceful protest,Protesters (Kenya),,Kenya,Kilifi,Malindi,Malindi,-3.22,40.12,0
KEN3991,2013-08-09,2013,Protests,Peaceful protest,Protesters (Kenya),,Kenya,Narok,Narok North,Narok,-1.0783,35.8601,0
KEN3992,2013-08-10,2013,Protests,Peaceful protest,Protesters (Kenya),,Kenya,Narok,Narok North,Narok,-1.0783,35.8601,0
KEN3997,2013-08-11,2013,Protests,Peaceful protest,Protesters (Kenya),,Kenya,Narok,Narok North,Narok,-1.0783,35.8601,0
KEN4000,2013-08-12,2013,Protests,Peaceful protest,Protesters (Kenya),,Kenya,Narok,Narok North,Narok,-1.0783,35.8601,0
KEN4004,2013-08-13,2013,Protests,Peaceful protest,Protesters (Kenya),,Kenya,Narok,Narok North,Narok,-1.0783,35.8601,0
KEN4041,2013-09-04,2013,Violence against civilians,Attack,Pokot Ethnic Militia (Kenya),Civilians (Kenya),Kenya,Turkana,Turkana East,Lokori,1.9516,36.0358,1
KEN3995,2013-08-11,2013,Violence against civilians,Attack,Murle Ethnic Militia (Ethiopia),Civilians (Kenya),Kenya,Turkana,Turkana Central,Lake Turkana,3.5,36,7
KEN4045,2013-09-07,2013,Explosions/Remote violence,Grenade,Al Shabaab,Civilians (Kenya),Kenya,Mandera,Mandera East,Mandera,3.9357,41.8542,2
KEN4012,2013-08-20,2013,Battles,Armed clash,Borana Ethnic Militia (Kenya),Gabra Ethnic Militia (Kenya),Kenya,Marsabit,Moyale,Moyale,3.5094,39.0528,2
KEN4020,2013-08-24,2013,Battles,Armed clash,Borana Ethnic Militia (Kenya),Gabra Ethnic Militia (Kenya),Kenya,Marsabit,Moyale,Moyale,3.5094,39.0528,2
KEN4026,2013-08-27,2013,Battles,Armed clash,Borana Ethnic Militia (Kenya),Gabra Ethnic Militia (Kenya),Kenya,Marsabit,Moyale,Moyale,3.5094,39.0528,2
KEN4016,2013-08-22,2013,Battles,Armed clash,Borana Ethnic Militia (Kenya),Gabra Ethnic Militia (Kenya),Kenya,Marsabit,Moyale,Moyale,3.5094,39.0528,2
KEN4019,2013-08-23,2013,Battles,Armed clash,Borana Ethnic Militia (Kenya),Gabra Ethnic Militia (Kenya),Kenya,Marsabit,Moyale,Moyale,3.5094,39.0528,2
KEN4022,2013-08-25,2013,Battles,Armed clash,Borana Ethnic Militia (Kenya),Gabra Ethnic Militia (Kenya),Kenya,Marsabit,Moyale,Moyale,3.5094,39.0528,2
KEN4023,2013-08-26,2013,Battles,Armed clash,Borana Ethnic Militia (Kenya),Gabra Ethnic Militia (Kenya),Kenya,Marsabit,Moyale,Moyale,3.5094,39.0528,2
KEN4028,2013-08-30,2013,Battles,Armed clash,Borana Ethnic Militia (Kenya),Gabra Ethnic Militia (Kenya),Kenya,Marsabit,Moyale,Moyale,3.5094,39.0528,2
KEN4014,2013-08-21,2013,Battles,Armed clash,Borana Ethnic Militia (Kenya),Gabra Ethnic Militia (Kenya),Kenya,Marsabit,Moyale,Moyale,3.5094,39.0528,2
KEN4027,2013-08-29,2013,Battles,Armed clash,Borana Ethnic Militia (Kenya),Gabra Ethnic Militia (Kenya),Kenya,Marsabit,Moyale,Moyale,3.5094,39.0528,2
KEN4021,2013-08-24,2013,Riots,Mob violence,Rioters (Kenya),Civilians (Kenya),Kenya,Kiambu,Limuru,Limuru,-1.1136,36.6421,1
KEN4033,2013-09-02,2013,Violence against civilians,Attack,Kisii Ethnic Militia (Kenya),Civilians (Kenya),Kenya,Narok,Transmara West,Trans Mara,-1.169,34.889,8
KEN4054,2013-09-16,2013,Violence against civilians,Attack,Kuria Ethnic Militia (Kenya),Civilians (Kenya),Kenya,Narok,Transmara West,Kilgoris,-1.0077,34.8806,1
KEN4003,2013-08-13,2013,Protests,Peaceful protest,Protesters (Kenya),,Kenya,West Pokot,West Pokot,Kapenguria,1.2333,35.1167,0
KEN4059,2013-09-18,2013,Riots,Mob violence,Rioters (Kenya),Civilians (Kenya),Kenya,Tharaka-Nithi,Igambang'ombe,Kamwimbi,-0.4333,37.7667,4
KEN3993,2013-08-10,2013,Violence against civilians,Attack,Police Forces of Kenya (2013-2022),Civilians (Kenya),Kenya,Uasin Gishu,Moiben,Eldoret,0.5167,35.2833,1
KEN3999,2013-08-12,2013,Battles,Armed clash,Police Forces of Kenya (2013-2022),Unidentified Armed Group (Kenya),Kenya,Uasin Gishu,Moiben,Eldoret,0.5167,35.2833,0
KEN4001,2013-08-12,2013,Protests,Protest with intervention,Protesters (Kenya),Police Forces of Kenya (2013-2022),Kenya,Uasin Gishu,Moiben,Eldoret,0.5167,35.2833,0
KEN4009,2013-08-16,2013,Battles,Armed clash,Police Forces of Kenya (2013-2022),Al Shabaab,Kenya,Garissa,Garissa,Garissa,-0.4536,39.6461,4
KEN4013,2013-08-20,2013,Battles,Armed clash,Police Forces of Kenya (2013-2022),Al Shabaab,Kenya,Garissa,Hulugho,Hulugho,-1.15,41.0667,20
KEN4024,2013-08-26,2013,Riots,Mob violence,Rioters (Kenya),Police Forces of Kenya (2013-2022),Kenya,Elgeyo Marakwet,Keiyo North,Iten,0.6702,35.5077,1
KEN4025,2013-08-26,2013,Violence against civilians,Attack,Police Forces of Kenya (2013-2022),Civilians (Kenya),Kenya,Elgeyo Marakwet,Keiyo North,Iten,0.6702,35.5077,0
KEN4030,2013-08-31,2013,Battles,Armed clash,Police Forces of Kenya (2013-2022),Dassanach Ethnic Militia (Ethiopia),Kenya,Turkana,Turkana Central,Kataboi,3.531,35.8514,1
KEN4040,2013-09-04,2013,Violence against civilians,Attack,Police Forces of Kenya (2013-2022),Civilians (Kenya),Kenya,Tana River,Galole,Teso,-1.3,39.6667,0
KEN4043,2013-09-05,2013,Battles,Armed clash,Police Forces of Kenya (2013-2022),Unidentified Armed Group (Kenya),Kenya,Mandera,Mandera East,Mandera,3.9357,41.8542,0
KEN4044,2013-09-05,2013,Explosions/Remote violence,Remote explosive/landmine/IED,Police Forces of Kenya (2013-2022),Unidentified Armed Group (Kenya),Kenya,Mandera,Mandera East,Mandera,3.9357,41.8542,0
KEN4049,2013-09-12,2013,Violence against civilians,Attack,Police Forces of Kenya (2013-2022),Civilians (International),Kenya,Kisumu,Kisumu Central,Kisumu,-0.1,34.75,1
KEN3994,2013-08-10,2013,Riots,Mob violence,Rioters (Kenya),Civilians (Kenya),Kenya,Nairobi,Starehe,Nairobi,-1.283,36.817,5
KEN4039,2013-09-04,2013,Protests,Peaceful protest,Protesters (Kenya),,Kenya,Nairobi,Starehe,Nairobi,-1.283,36.817,0
KEN4042,2013-09-05,2013,Protests,Peaceful protest,Protesters (Kenya),,Kenya,Nairobi,Starehe,Nairobi,-1.283,36.817,0
KEN4052,2013-09-16,2013,Riots,Violent demonstration,Rioters (Kenya),Police Forces of Kenya (2013-2022),Kenya,Nairobi,Starehe,Nairobi,-1.283,36.817,0
KEN4029,2013-08-30,2013,Riots,Violent demonstration,Rioters (Kenya),Police Forces of Kenya (2013-2022),Kenya,Nairobi,Westlands,Nairobi - Westlands,-1.2379,36.7879,0
KEN4035,2013-09-03,2013,Protests,Peaceful protest,Protesters (Kenya),,Kenya,Nairobi,Kamukunji,Nairobi - Kamukunji,-1.2759,36.8526,0
KEN4048,2013-09-11,2013,Protests,Peaceful protest,Protesters (Kenya),,Kenya,Nairobi,Kibra,Nairobi - Kibra,-1.3061,36.7857,0
KEN4005,2013-08-14,2013,Protests,Peaceful protest,Protesters (Kenya),,Kenya,Mombasa,Mvita,Mombasa,-4.0547,39.6636,0
KEN4015,2013-08-21,2013,Protests,Peaceful protest,Protesters (Kenya),,Kenya,Mombasa,Mvita,Mombasa,-4.0547,39.6636,0
KEN7937,2013-09-15,2013,Violence against civilians,Sexual violence,Police Forces of Kenya (2013-2022),Civilians (Kenya),Kenya,Mombasa,Mvita,Mombasa,-4.0547,39.6636,0
KEN4011,2013-08-18,2013,Strategic developments,Disrupted weapons use,Police Forces of Kenya (2013-2022),Unidentified Armed Group (Kenya),Kenya,Nairobi,Mathare,Nairobi - Mathare,-1.2604,36.8607,0
KEN16920,2013-08-12,2013,Riots,Mob violence,Rioters (Kenya),Civilians (Kenya),Kenya,Migori,Suna West,Migori,-1.0667,34.4667,3
KEN4006,2013-08-14,2013,Riots,Mob violence,Rioters (Kenya),Civilians (Kenya),Kenya,Nairobi,Starehe,Nairobi - Starehe,-1.2881,36.8236,1
KEN4032,2013-09-01,2013,Protests,Peaceful protest,Protesters (Kenya),,Kenya,Nairobi,Starehe,Nairobi - Starehe,-1.2881,36.8236,0
KEN4036,2013-09-03,2013,Protests,Peaceful protest,Protesters (Kenya),,Kenya,Nairobi,Starehe,Nairobi - Starehe,-1.2881,36.8236,0
KEN4018,2013-08-23,2013,Battles,Armed clash,Military Forces of Kenya (2013-2022),Al Shabaab,Kenya,Mandera,Mandera East,Karo,3.8776,41.6941,0
KEN4031,2013-09-01,2013,Battles,Armed clash,Police Forces of Kenya (2013-2022),Dassanach Ethnic Militia (Ethiopia),Kenya,Turkana,Turkana North,Lowerangak,4.2667,35.8833,1
KEN4056,2013-09-16,2013,Battles,Armed clash,Garre Clan Militia (Ethiopia),Degodia Clan Militia (Kenya),Kenya,Mandera,Banissa,Banissa,3.9439,40.3445,0
KEN4079,2013-09-30,2013,Protests,Peaceful protest,Protesters (Kenya),,Kenya,Laikipia,Laikipia North,Mukogodo,0.4833,36.9333,0
KEN4081,2013-10-01,2013,Riots,Mob violence,Rioters (Kenya),Civilians (Kenya),Kenya,Embu,Manyatta,Embu,-0.5333,37.45,1
KEN4083,2013-10-03,2013,Riots,Mob violence,Rioters (Kenya),Civilians (Kenya),Kenya,Kiambu,Gatundu South,Kiriko,-1.0333,36.8833,1
KEN4090,2013-10-08,2013,Violence against civilians,Attack,Unidentified Armed Group (Kenya),Civilians (Kenya),Kenya,Tana River,Garsen,Kipini,-2.5257,40.5262,0
KEN4093,2013-10-13,2013,Explosions/Remote violence,Remote explosive/landmine/IED,Unidentified Armed Group (Kenya),Civilians (Kenya),Kenya,Mandera,Mandera East,Mandera,3.9357,41.8542,0
KEN4095,2013-10-14,2013,Protests,Peaceful protest,Protesters (Kenya),,Kenya,Migori,Nyatike,Macalder,-0.9689,34.2915,0
KEN4101,2013-10-17,2013,Battles,Armed clash,Unidentified Ethnic Militia (Kenya),Unidentified Ethnic Militia (Kenya),Kenya,Samburu,Samburu North,Baragoi,1.7833,36.7833,4
KEN4102,2013-10-18,2013,Violence against civilians,Attack,Unidentified Armed Group (Kenya),Civilians (Kenya),Kenya,Kilifi,Kilifi North,Kilifi,-3.633,39.85,1
KEN4105,2013-10-22,2013,Riots,Mob violence,Rioters (Kenya),Civilians (Kenya),Kenya,Kisumu,Nyakach,Nyakach,-0.3835,34.9324,0
KEN4106,2013-10-23,2013,Protests,Peaceful protest,Protesters (Kenya),,Kenya,Kiambu,Kiambu Town,Kiambu,-1.1667,36.8333,0
KEN4110,2013-10-24,2013,Protests,Peaceful protest,Protesters (Kenya),,Kenya,Kisii,Nyaribari Masaba,Keroka,-0.7833,34.95,0
KEN4117,2013-10-28,2013,Protests,Peaceful protest,Protesters (Kenya),,Kenya,Kitui,Kitui Central,Kitui,-1.3667,38.0167,0
KEN4124,2013-10-31,2013,Protests,Peaceful protest,Protesters (Kenya),,Kenya,Nyeri,Mathira East,Ragati,-0.3799,37.1489,0
KEN4089,2013-10-08,2013,Protests,Peaceful protest,Protesters (Kenya),,Kenya,Kilifi,Kilifi South,Mtwapa,-3.9499,39.745,0
KEN4097,2013-10-15,2013,Protests,Peaceful protest,Protesters (Kenya),,Kenya,Kwale,Matuga,Kwale,-4.1738,39.4521,0
KEN4119,2013-10-28,2013,Protests,Peaceful protest,Protesters (Kenya),,Kenya,Nyeri,Nyeri South,Othaya,-0.5666,36.95,0
KEN4094,2013-10-14,2013,Battles,Armed clash,Borana Ethnic Militia (Kenya),Gabra Ethnic Militia (Kenya),Kenya,Marsabit,Moyale,Moyale,3.5094,39.0528,0
KEN4100,2013-10-17,2013,Violence against civilians,Attack,Al Shabaab,Civilians (Kenya),Kenya,Garissa,Dadaab,Dadaab Refugee Camp,0.0514,40.3142,0
KEN4074,2013-09-26,2013,Violence against civilians,Attack,Al Shabaab,Civilians (Kenya),Kenya,Garissa,Dadaab,Dadaab Refugee Camp,0.0514,40.3142,0
KEN4116,2013-10-26,2013,Protests,Peaceful protest,Protesters (Kenya),,Kenya,Turkana,Turkana Central,Lodwar,3.1191,35.5973,0
KEN4103,2013-10-20,2013,Violence against civilians,Attack,Unidentified Armed Group (Kenya),Civilians (Kenya),Kenya,Kilifi,Ganze,Vitengeni,-3.3611,39.7113,1
KEN4122,2013-10-31,2013,Protests,Peaceful protest,Protesters (Kenya),,Kenya,Kiambu,Limuru,Limuru,-1.1136,36.6421,0
KEN4115,2013-10-26,2013,Riots,Violent demonstration,Rioters (Kenya),,Kenya,Narok,Transmara West,Kilgoris,-1.0077,34.8806,0
KEN4118,2013-10-28,2013,Protests,Peaceful protest,Protesters (Kenya),,Kenya,Nakuru,Nakuru North,Nakuru,-0.2441,36.142,0
KEN4107,2013-10-23,2013,Protests,Peaceful protest,Protesters (Kenya),,Kenya,Nakuru,Nakuru North,Nakuru,-0.2441,36.142,0
KEN4123,2013-10-31,2013,Protests,Peaceful protest,Protesters (Kenya),,Kenya,Nakuru,Nakuru North,Nakuru,-0.2441,36.142,0
KEN4096,2013-10-14,2013,Violence against civilians,Attack,Unidentified Armed Group (Kenya),Civilians (Kenya),Kenya,Kisumu,Muhoroni,Chemelil,-0.0877,35.126,1
KEN4104,2013-10-20,2013,Riots,Mob violence,Rioters (Kenya),Civilians (Kenya),Kenya,Tharaka-Nithi,Igambang'ombe,Mutino,-0.3,37.8333,3
KEN4108,2013-10-23,2013,Protests,Peaceful protest,Protesters (Kenya),,Kenya,Busia,Teso North,Kakurikit,0.7167,34.35,0
KEN4073,2013-09-25,2013,Battles,Armed clash,Police Forces of Kenya (2013-2022),Al Shabaab,Kenya,Wajir,Wajir East,Wajir,1.75,40.06,1
KEN4075,2013-09-26,2013,Battles,Armed clash,Police Forces of Kenya (2013-2022),Al Shabaab,Kenya,Mandera,Mandera East,Mandera,3.9357,41.8542,2
KEN4076,2013-09-27,2013,Battles,Armed clash,Police Forces of Kenya (2013-2022),Unidentified Armed Group (Kenya),Kenya,Mandera,Mandera East,Mandera,3.9357,41.8542,0
KEN4077,2013-09-30,2013,Battles,Armed clash,Pokot Ethnic Militia (Uganda),Pokot Ethnic Militia (Kenya),Kenya,West Pokot,West Pokot,Kapenguria,1.2333,35.1167,0
KEN4092,2013-10-11,2013,Battles,Armed clash,Police Forces of Kenya (2013-2022),Unidentified Armed Group (Kenya),Kenya,Kajiado,Kajiado Central,Emotoroki Borehole Number Two,-2.3,37.0333,0
KEN4098,2013-10-15,2013,Riots,Violent demonstration,Rioters (Kenya),Police Forces of Kenya (2013-2022),Kenya,Kirinyaga,Kirinyaga Central,Kerugoya,-0.4989,37.2803,0
KEN4113,2013-10-25,2013,Battles,Armed clash,Police Forces of Kenya (2013-2022),MRC: Mombasa Republican Council,Kenya,Kilifi,Kilifi North,Kilifi,-3.633,39.85,0
KEN4120,2013-10-30,2013,Riots,Violent demonstration,Rioters (Kenya),Police Forces of Kenya (2013-2022),Kenya,Samburu,Samburu Central,Maralal,1.0968,36.698,1
KEN4070,2013-09-23,2013,Violence against civilians,Abduction/forced disappearance,Al Shabaab,Civilians (Kenya),Kenya,Nairobi,Starehe,Nairobi,-1.283,36.817,0
KEN4121,2013-10-31,2013,Protests,Peaceful protest,Protesters (Kenya),,Kenya,Nairobi,Starehe,Nairobi,-1.283,36.817,0
KEN4065,2013-09-21,2013,Violence against civilians,Attack,Al Shabaab,Civilians (Kenya),Kenya,Nairobi,Westlands,Nairobi - Westlands,-1.2379,36.7879,38
KEN4066,2013-09-21,2013,Battles,Armed clash,Military Forces of Kenya (2013-2022),Police Forces of Kenya (2013-2022),Kenya,Nairobi,Westlands,Nairobi - Westlands,-1.2379,36.7879,1
KEN4067,2013-09-22,2013,Battles,Armed clash,Military Forces of Kenya (2013-2022),Al Shabaab,Kenya,Nairobi,Westlands,Nairobi - Westlands,-1.2379,36.7879,1
KEN4068,2013-09-22,2013,Violence against civilians,Attack,Al Shabaab,Civilians (Kenya),Kenya,Nairobi,Westlands,Nairobi - Westlands,-1.2379,36.7879,23
KEN4071,2013-09-23,2013,Battles,Armed clash,Military Forces of Kenya (2013-2022),Al Shabaab,Kenya,Nairobi,Westlands,Nairobi - Westlands,-1.2379,36.7879,8
KEN4091,2013-10-10,2013,Protests,Peaceful protest,Protesters (Kenya),,Kenya,Nairobi,Westlands,Nairobi - Westlands,-1.2379,36.7879,0
KEN4084,2013-10-03,2013,Protests,Peaceful protest,Protesters (Kenya),,Kenya,Mombasa,Mvita,Mombasa,-4.0547,39.6636,0
KEN4099,2013-10-17,2013,Violence against civilians,Attack,Unidentified Armed Group (Kenya),Civilians (Kenya),Kenya,Mombasa,Mvita,Mombasa,-4.0547,39.6636,1
KEN4109,2013-10-24,2013,Riots,Violent demonstration,Rioters (Kenya),,Kenya,Mombasa,Mvita,Mombasa,-4.0547,39.6636,0
KEN4111,2013-10-24,2013,Riots,Mob violence,Rioters (Kenya),Civilians (Kenya),Kenya,Kilifi,Malindi,Lango Baya,-3.1333,39.8333,1
KEN4112,2013-10-25,2013,Riots,Violent demonstration,Rioters (Kenya),Police Forces of Kenya (2013-2022),Kenya,Mombasa,Mvita,Mombasa,-4.0547,39.6636,0
KEN4114,2013-10-25,2013,Riots,Violent demonstration,Rioters (Kenya),,Kenya,Mombasa,Mvita,Mombasa,-4.0547,39.6636,0
KEN4080,2013-10-01,2013,Battles,Armed clash,Nandi Ethnic Militia (Kenya),Police Forces of Kenya (2013-2022),Kenya,Kisumu,Muhoroni,Muhoroni,-0.1567,35.1984,0
KEN4086,2013-10-06,2013,Protests,Peaceful protest,Protesters (Kenya),,Kenya,Kiambu,Gatundu South,Gatundu,-1.0129,36.9049,0
KEN4087,2013-10-06,2013,Violence against civilians,Attack,Police Forces of Kenya (2013-2022),Civilians (Kenya),Kenya,Kiambu,Gatundu South,Gatundu,-1.0129,36.9049,1
KEN4069,2013-09-23,2013,Battles,Armed clash,Military Forces of Kenya (2013-2022),Al Shabaab,Kenya,Nairobi,Starehe,Nairobi - Starehe,-1.2881,36.8236,6
KEN4064,2013-09-21,2013,Battles,Armed clash,Military Forces of Kenya (2013-2022),Al Shabaab,Kenya,Nairobi,Starehe,Nairobi - Starehe,-1.2881,36.8236,4
KEN4072,2013-09-24,2013,Battles,Armed clash,Military Forces of Kenya (2013-2022),Al Shabaab,Kenya,Nairobi,Westlands,Nairobi - Westlands,-1.2379,36.7879,0
KEN4082,2013-10-03,2013,Violence against civilians,Attack,Unidentified Armed Group (Kenya),Civilians (Kenya),Kenya,Mombasa,Mvita,Mombasa,-4.0547,39.6636,4
KEN4085,2013-10-04,2013,Riots,Violent demonstration,Rioters (Kenya),Police Forces of Kenya (2013-2022),Kenya,Mombasa,Mvita,Mombasa,-4.0547,39.6636,4
KEN4187,2013-12-06,2013,Battles,Armed clash,Borana Ethnic Militia (Kenya),Burji Ethnic Militia (Kenya),Kenya,Marsabit,Moyale,Moyale,3.5094,39.0528,8
KEN4181,2013-12-05,2013,Violence against civilians,Attack,Unidentified Armed Group (Kenya),Civilians (Kenya),Kenya,Kwale,Msambweni,Ukunda,-4.2875,39.5661,1
KEN4182,2013-12-05,2013,Battles,Armed clash,Borana Ethnic Militia (Kenya),Burji Ethnic Militia (Kenya),Kenya,Marsabit,Moyale,Moyale,3.5094,39.0528,9
KEN4164,2013-11-28,2013,Protests,Peaceful protest,Protesters (Kenya),,Kenya,Trans Nzoia,Saboti,Kitale,1.0167,35,0
KEN4126,2013-11-03,2013,Protests,Peaceful protest,Protesters (Kenya),,Kenya,Kilifi,Magarini,Mulutu,-2.9833,39.7667,0
KEN4130,2013-11-04,2013,Violence against civilians,Attack,Unidentified Ethnic Militia (Kenya),Civilians (Kenya),Kenya,Turkana,Turkana Central,Lodwar,3.1191,35.5973,1
KEN4131,2013-11-04,2013,Protests,Peaceful protest,Protesters (Kenya),,Kenya,Tana River,Bura,Sala,-0.7014,39.634,0
KEN4132,2013-11-05,2013,Violence against civilians,Attack,Unidentified Ethnic Militia (Kenya),Civilians (Kenya),Kenya,Laikipia,Laikipia West,Nyahururu,0.0333,36.3667,0
KEN4139,2013-11-13,2013,Protests,Peaceful protest,Protesters (Kenya),,Kenya,Taita Taveta,Mwatate,Mwatate,-3.4995,38.3762,0
KEN4141,2013-11-14,2013,Protests,Peaceful protest,Protesters (Kenya),,Kenya,Busia,Nambale,Liyavo,0.4333,34.35,0
KEN4143,2013-11-14,2013,Violence against civilians,Attack,Unidentified Armed Group (Kenya),Civilians (Kenya),Kenya,Kisumu,Nyakach,Nyakach,-0.3835,34.9324,1
KEN4146,2013-11-17,2013,Protests,Peaceful protest,Protesters (Kenya),,Kenya,Trans Nzoia,Saboti,Kitale,1.0167,35,0
KEN4147,2013-11-17,2013,Riots,Mob violence,Rioters (Kenya),Civilians (Kenya),Kenya,Embu,Mbeere South,Kiritiri,-0.6865,37.6472,0
KEN4149,2013-11-18,2013,Violence against civilians,Attack,Unidentified Armed Group (Kenya),Civilians (Kenya),Kenya,West Pokot,Pokot North,Kases,2.1167,35.0167,2
KEN4153,2013-11-21,2013,Protests,Peaceful protest,Protesters (Kenya),,Kenya,Turkana,Turkana Central,Kataboi,3.531,35.8514,0
KEN4156,2013-11-23,2013,Violence against civilians,Attack,Al Shabaab,Civilians (Kenya),Kenya,Mandera,Mandera East,Mandera,3.9357,41.8542,28
KEN4159,2013-11-26,2013,Riots,Mob violence,Rioters (Kenya),Civilians (Kenya),Kenya,Tana River,Galole,Teso,-1.3,39.6667,0
KEN4162,2013-11-27,2013,Protests,Peaceful protest,Protesters (Kenya),,Kenya,Kilifi,Kilifi North,Kilifi,-3.633,39.85,0
KEN4165,2013-11-29,2013,Violence against civilians,Attack,Borana Ethnic Militia (Kenya),Civilians (Kenya),Kenya,Marsabit,Moyale,Moyale,3.5094,39.0528,0
KEN4166,2013-11-30,2013,Violence against civilians,Attack,Turkana Ethnic Militia (Kenya),Civilians (Kenya),Kenya,West Pokot,Pokot Central,Orwa,1.6667,35.4667,1
KEN4167,2013-11-30,2013,Violence against civilians,Attack,Unidentified Ethnic Militia (Kenya),Civilians (Kenya),Kenya,West Pokot,Pokot Central,Runo,1.4021,35.5726,1
KEN4168,2013-12-01,2013,Violence against civilians,Attack,Muslim Militia (Kenya),Civilians (Kenya),Kenya,Kilifi,Malindi,Malindi,-3.22,40.12,1
KEN4170,2013-12-02,2013,Violence against civilians,Attack,Al Shabaab,Civilians (Kenya),Kenya,Mandera,Mandera East,Mandera,3.9357,41.8542,38
KEN4178,2013-12-04,2013,Battles,Armed clash,Borana Ethnic Militia (Kenya),Burji Ethnic Militia (Kenya),Kenya,Marsabit,Moyale,Oda,3.4933,39.0957,12
KEN4180,2013-12-04,2013,Protests,Peaceful protest,Protesters (Kenya),,Kenya,Kakamega,Mumias West,Mumias,0.3351,34.4864,0
KEN4184,2013-12-05,2013,Riots,Mob violence,Rioters (Kenya),Civilians (Kenya),Kenya,Kilifi,Malindi,Malindi,-3.22,40.12,1
KEN4185,2013-12-05,2013,Riots,Mob violence,Rioters (Kenya),Civilians (Kenya),Kenya,Muranga,Kiharu,Muranga,-0.7166,37.15,0
KEN4193,2013-12-10,2013,Protests,Peaceful protest,Protesters (Kenya),,Kenya,Kisumu,Kisumu Central,Kisumu,-0.1,34.75,0
KEN4129,2013-11-04,2013,Protests,Peaceful protest,Protesters (Kenya),,Kenya,Isiolo,Isiolo,Isiolo,0.3546,37.5822,0
KEN4169,2013-12-02,2013,Violence against civilians,Attack,Unidentified Armed Group (Kenya),Civilians (Kenya),Kenya,Kilifi,Malindi,Malindi,-3.22,40.12,1
KEN4171,2013-12-03,2013,Protests,Peaceful protest,Protesters (Kenya),,Kenya,Uasin Gishu,Moiben,Eldoret,0.5167,35.2833,0
KEN4172,2013-12-03,2013,Protests,Peaceful protest,Protesters (Kenya),,Kenya,Kiambu,Kiambu Town,Kiambu,-1.1667,36.8333,0
KEN4173,2013-12-03,2013,Protests,Peaceful protest,Protesters (Kenya),,Kenya,Kitui,Kitui Central,Kitui,-1.3667,38.0167,0
KEN4174,2013-12-03,2013,Protests,Peaceful protest,Protesters (Kenya),,Kenya,Kilifi,Malindi,Malindi,-3.22,40.12,0
KEN4176,2013-12-03,2013,Protests,Peaceful protest,Protesters (Kenya),,Kenya,Nyeri,Nyeri Central,Nyeri,-0.4167,36.95,0
KEN4179,2013-12-04,2013,Protests,Peaceful protest,Protesters (Kenya),,Kenya,Nandi,Chesumei,Kapsabet,0.2039,35.105,0
KEN4188,2013-12-07,2013,Battles,Armed clash,Borana Ethnic Militia (Kenya),Burji Ethnic Militia (Kenya),Kenya,Marsabit,Moyale,Moyale,3.5094,39.0528,24
KEN4163,2013-11-27,2013,Riots,Mob violence,Rioters (Kenya),Civilians (Kenya),Kenya,Mombasa,Kisauni,Kisauni,-4.0333,39.6833,3
KEN4177,2013-12-03,2013,Riots,Mob violence,Rioters (Kenya),Civilians (Kenya),Kenya,Mombasa,Kisauni,Kisauni,-4.0333,39.6833,3
KEN4183,2013-12-05,2013,Violence against civilians,Attack,Turkana Ethnic Militia (Kenya),Civilians (Kenya),Kenya,West Pokot,West Pokot,Kapenguria,1.2333,35.1167,1
KEN4144,2013-11-14,2013,Riots,Mob violence,Rioters (Kenya),Civilians (Kenya),Kenya,Tharaka-Nithi,Igambang'ombe,Kanjuki,-0.3409,37.8334,2
KEN4125,2013-11-02,2013,Riots,Violent demonstration,Rioters (Kenya),Police Forces of Kenya (2013-2022),Kenya,Kilifi,Kilifi North,Kilifi,-3.633,39.85,0
KEN4127,2013-11-03,2013,Riots,Violent demonstration,Rioters (Kenya),Police Forces of Kenya (2013-2022),Kenya,Laikipia,Laikipia North,Laikipia,0.4167,36.75,1
KEN4133,2013-11-06,2013,Protests,Peaceful protest,Protesters (Kenya),,Kenya,Kisumu,Kisumu Central,Kisumu,-0.1,34.75,0
KEN4137,2013-11-10,2013,Battles,Armed clash,Police Forces of Kenya (2013-2022),MRC: Mombasa Republican Council,Kenya,Kilifi,Ganze,Ganze,-3.543,39.6927,0
KEN4150,2013-11-20,2013,Riots,Violent demonstration,Rioters (Kenya),Police Forces of Kenya (2013-2022),Kenya,Mandera,Mandera East,Mandera,3.9357,41.8542,0
KEN4155,2013-11-23,2013,Battles,Armed clash,Police Forces of Kenya (2013-2022),Pokot Ethnic Militia (Kenya),Kenya,Turkana,Turkana Central,Lodwar,3.1191,35.5973,0
KEN4157,2013-11-24,2013,Battles,Armed clash,Police Forces of Kenya (2013-2022),Pokot Ethnic Militia (Kenya),Kenya,Turkana,Turkana Central,Lodwar,3.1191,35.5973,0
KEN4186,2013-12-05,2013,Violence against civilians,Attack,Police Forces of Kenya (2013-2022),Civilians (Kenya),Kenya,Kwale,Msambweni,Diani,-4.279,39.594,1
KEN4189,2013-12-08,2013,Battles,Armed clash,Military Forces of Kenya (2013-2022),Unidentified Armed Group (Kenya),Kenya,West Pokot,West Pokot,Kapenguria,1.2333,35.1167,0
KEN4190,2013-12-10,2013,Battles,Armed clash,Police Forces of Kenya (2013-2022),Al Shabaab,Kenya,Garissa,Dadaab,Liboi,0.3534,40.8723,8
KEN4136,2013-11-08,2013,Violence against civilians,Attack,Unidentified Armed Group (Kenya),Civilians (Kenya),Kenya,Nairobi,Starehe,Nairobi,-1.283,36.817,2
KEN4138,2013-11-11,2013,Battles,Armed clash,Police Forces of Kenya (2013-2022),Unidentified Armed Group (Kenya),Kenya,Nairobi,Starehe,Nairobi,-1.283,36.817,1
KEN4148,2013-11-18,2013,Riots,Violent demonstration,Rioters (Kenya),,Kenya,Nairobi,Starehe,Nairobi,-1.283,36.817,0
KEN4152,2013-11-21,2013,Protests,Peaceful protest,Protesters (Kenya),,Kenya,Nairobi,Starehe,Nairobi,-1.283,36.817,0
KEN4154,2013-11-21,2013,Protests,Peaceful protest,Protesters (Kenya),,Kenya,Nairobi,Starehe,Nairobi,-1.283,36.817,0
KEN4175,2013-12-03,2013,Protests,Peaceful protest,Protesters (Kenya),,Kenya,Nairobi,Starehe,Nairobi,-1.283,36.817,0
KEN4192,2013-12-10,2013,Riots,Violent demonstration,Rioters (Kenya),Police Forces of Kenya (2013-2022),Kenya,Nairobi,Starehe,Nairobi,-1.283,36.817,0
KEN4135,2013-11-07,2013,Protests,Peaceful protest,Protesters (Kenya),,Kenya,Nairobi,Westlands,Nairobi - Westlands,-1.2379,36.7879,0
KEN4140,2013-11-13,2013,Violence against civilians,Attack,Police Forces of Kenya (2013-2022),Civilians (Kenya),Kenya,Nairobi,Kamukunji,Nairobi - Kamukunji,-1.2759,36.8526,2
KEN4134,2013-11-07,2013,Battles,Armed clash,Police Forces of Kenya (2013-2022),Unidentified Armed Group (Kenya),Kenya,Mombasa,Mvita,Mombasa,-4.0547,39.6636,1
KEN4151,2013-11-20,2013,Riots,Mob violence,Rioters (Kenya),Civilians (Kenya),Kenya,Kwale,Kinango,Miritini,-4,39.5667,2
KEN4158,2013-11-25,2013,Protests,Peaceful protest,Protesters (Kenya),,Kenya,Mombasa,Mvita,Mombasa,-4.0547,39.6636,0
KEN4161,2013-11-27,2013,Riots,Mob violence,Rioters (Kenya),Rioters (Kenya),Kenya,Mombasa,Mvita,Mombasa,-4.0547,39.6636,0
KEN4194,2013-12-12,2013,Explosions/Remote violence,Grenade,Unidentified Armed Group (Kenya),Civilians (International),Kenya,Mombasa,Likoni,Likoni,-4.0839,39.6616,0
KEN4142,2013-11-14,2013,Violence against civilians,Attack,Unidentified Armed Group (Kenya),Civilians (Kenya),Kenya,Turkana,Turkana South,Nakwamoru,2.1259,35.4052,0
KEN4128,2013-11-03,2013,Battles,Armed clash,Police Forces of Kenya (2013-2022),Unidentified Armed Group (Kenya),Kenya,Kisumu,Muhoroni,Muhoroni,-0.1567,35.1984,3
KEN4217,2014-01-04,2014,Violence against civilians,Attack,Borana Ethnic Militia (Kenya),Civilians (Kenya),Kenya,Marsabit,Moyale,Odda,3.4597,39.0882,4
KEN4195,2013-12-13,2013,Violence against civilians,Attack,Unidentified Armed Group (Kenya),Civilians (Kenya),Kenya,Kilifi,Kilifi North,Kilifi,-3.633,39.85,2
KEN4203,2013-12-18,2013,Violence against civilians,Attack,Unidentified Armed Group (Kenya),Civilians (Kenya),Kenya,Kwale,Msambweni,Diani,-4.279,39.594,1
KEN4204,2013-12-18,2013,Violence against civilians,Attack,Unidentified Armed Group (Kenya),Civilians (Kenya),Kenya,Wajir,Wajir East,Wajir,1.75,40.06,2
KEN4205,2013-12-25,2013,Violence against civilians,Attack,Unidentified Armed Group (Kenya),Civilians (Kenya),Kenya,Kwale,Msambweni,Ukunda,-4.2875,39.5661,1
KEN4208,2013-12-29,2013,Protests,Peaceful protest,Protesters (Kenya),,Kenya,Nakuru,Naivasha,Naivete,-0.7166,36.4333,0
KEN4212,2013-12-31,2013,Protests,Peaceful protest,Protesters (Kenya),,Kenya,Kiambu,Limuru,Rironi,-1.1519,36.6371,0
KEN4213,2013-12-31,2013,Riots,Mob violence,Rioters (Kenya),Civilians (Kenya),Kenya,Embu,Manyatta,Embu,-0.5333,37.45,1
KEN4215,2014-01-02,2014,Explosions/Remote violence,Grenade,Unidentified Armed Group (Kenya),Civilians (Kenya),Kenya,Kwale,Msambweni,Diani,-4.279,39.594,0
KEN4218,2014-01-04,2014,Riots,Mob violence,Rioters (Kenya),Civilians (Kenya),Kenya,Embu,Manyatta,Embu,-0.5333,37.45,1
KEN4221,2014-01-05,2014,Riots,Mob violence,Rioters (Kenya),Civilians (Kenya),Kenya,Kilifi,Kilifi North,Majaoni,-3.55,39.8667,1
KEN4223,2014-01-06,2014,Riots,Mob violence,Rioters (Kenya),Civilians (Kenya),Kenya,Embu,Mbeere North,Siakago,-0.5833,37.6333,1
KEN4231,2014-01-09,2014,Riots,Mob violence,Rioters (Kenya),Civilians (Kenya),Kenya,Laikipia,Laikipia North,Oldoinyo Loloip,0.477,36.4316,1
KEN4235,2014-01-13,2014,Protests,Peaceful protest,Protesters (Kenya),,Kenya,Kwale,Lunga Lunga,Vanga,-4.653,39.223,0
KEN4237,2014-01-15,2014,Riots,Violent demonstration,Rioters (Kenya),Rioters (Kenya),Kenya,Meru,Imenti North,Meru,0.05,37.65,1
KEN4238,2014-01-15,2014,Protests,Peaceful protest,Protesters (Kenya),,Kenya,Siaya,Alego Usonga,Siaya,0.06,34.2861,0
KEN4240,2014-01-16,2014,Violence against civilians,Attack,Unidentified Armed Group (Kenya),Civilians (Kenya),Kenya,Kilifi,Kilifi North,Watamu,-3.3543,40.0209,1
KEN4242,2014-01-20,2014,Protests,Peaceful protest,Protesters (Kenya),,Kenya,Nyeri,Nyeri South,Othaya,-0.5666,36.95,0
KEN4244,2014-01-21,2014,Protests,Peaceful protest,Protesters (Kenya),,Kenya,Muranga,Kiharu,Muranga,-0.7166,37.15,0
KEN4245,2014-01-22,2014,Protests,Peaceful protest,Protesters (Kenya),,Kenya,Muranga,Kiharu,Muranga,-0.7166,37.15,0
KEN4250,2014-01-23,2014,Violence against civilians,Attack,Merrile Ethnic Militia (Ethiopia),Civilians (Somalia),Kenya,Turkana,Turkana Central,Lodwar,3.1191,35.5973,1
KEN4252,2014-01-23,2014,Protests,Peaceful protest,Protesters (Kenya),,Kenya,Kisumu,Kisumu Central,Kisumu,-0.1,34.75,0
KEN4229,2014-01-09,2014,Protests,Peaceful protest,Protesters (Kenya),,Kenya,Nandi,Chesumei,Sigoit,0.4,35.15,0
KEN4226,2014-01-08,2014,Battles,Armed clash,Borana Ethnic Militia (Kenya),Gabra Ethnic Militia (Kenya),Kenya,Marsabit,North Horr,Dukana,3.9902,37.2659,0
KEN4224,2014-01-07,2014,Battles,Armed clash,Borana Ethnic Militia (Kenya),Gabra Ethnic Militia (Kenya),Kenya,Marsabit,North Horr,Dukana,3.9902,37.2659,1
KEN4225,2014-01-07,2014,Violence against civilians,Attack,Unidentified Armed Group (Ethiopia),Civilians (Kenya),Kenya,Marsabit,Moyale,Oda,3.4933,39.0957,3
KEN4251,2014-01-23,2014,Protests,Peaceful protest,Protesters (Kenya),,Kenya,Kiambu,Kikuyu,Kinoo,-1.2491,36.6916,0
KEN4209,2013-12-29,2013,Riots,Mob violence,Rioters (Kenya),Civilians (Kenya),Kenya,Kakamega,Lurambi,Kakamega,0.2833,34.7384,3
KEN4201,2013-12-17,2013,Protests,Peaceful protest,Protesters (Kenya),,Kenya,Nakuru,Nakuru North,Nakuru,-0.2441,36.142,0
KEN4246,2014-01-22,2014,Protests,Peaceful protest,Protesters (Kenya),,Kenya,Nakuru,Nakuru North,Nakuru,-0.2441,36.142,0
KEN4214,2014-01-01,2014,Riots,Mob violence,Rioters (Kenya),Civilians (Kenya),Kenya,Muranga,Kiharu,Gathuri,-0.65,37.1,0
KEN4210,2013-12-30,2013,Battles,Armed clash,Police Forces of Kenya (2013-2022),Unidentified Armed Group (Kenya),Kenya,Turkana,Turkana Central,Turkwel,3.1048,36.0975,1
KEN4211,2013-12-30,2013,Explosions/Remote violence,Remote explosive/landmine/IED,Police Forces of Kenya (2013-2022),Unidentified Armed Group (Kenya),Kenya,Garissa,Dadaab,Dadaab Refugee Camp,0.0514,40.3142,0
KEN4219,2014-01-05,2014,Battles,Armed clash,Police Forces of Kenya (2013-2022),Unidentified Armed Group (Kenya),Kenya,Kwale,Msambweni,Diani,-4.279,39.594,0
KEN4220,2014-01-05,2014,Explosions/Remote violence,Grenade,Police Forces of Kenya (2013-2022),Unidentified Armed Group (Kenya),Kenya,Kwale,Msambweni,Ukunda,-4.2875,39.5661,0
KEN4227,2014-01-08,2014,Riots,Violent demonstration,Rioters (Kenya),Police Forces of Kenya (2013-2022),Kenya,Kirinyaga,Kirinyaga East,Kianyaga,-0.4927,37.3564,0
KEN4228,2014-01-08,2014,Explosions/Remote violence,Shelling/artillery/missile attack,Police Forces of Kenya (2013-2022),Unidentified Armed Group (Kenya),Kenya,Garissa,Dadaab,Dadaab Refugee Camp,0.0514,40.3142,0
KEN4233,2014-01-13,2014,Battles,Armed clash,Police Forces of Kenya (2013-2022),Unidentified Armed Group (Ethiopia),Kenya,Marsabit,North Horr,North Horr,3.3167,37.0667,2
KEN4236,2014-01-13,2014,Riots,Violent demonstration,Rioters (Kenya),Police Forces of Kenya (2013-2022),Kenya,Meru,Imenti North,Meru,0.05,37.65,0
KEN4243,2014-01-20,2014,Protests,Protest with intervention,Protesters (Kenya),Police Forces of Kenya (2013-2022),Kenya,Kiambu,Thika Town,Thika,-1.05,37.0833,0
KEN4247,2014-01-22,2014,Riots,Violent demonstration,Rioters (Kenya),Police Forces of Kenya (2013-2022),Kenya,Embu,Manyatta,Embu,-0.5333,37.45,0
KEN4249,2014-01-23,2014,Battles,Armed clash,Police Forces of Kenya (2013-2022),Merrile Ethnic Militia (Ethiopia),Kenya,Turkana,Turkana Central,Lodwar,3.1191,35.5973,0
KEN4202,2013-12-18,2013,Protests,Peaceful protest,Protesters (Kenya),,Kenya,Nairobi,Starehe,Nairobi,-1.283,36.817,0
KEN4207,2013-12-26,2013,Riots,Mob violence,Rioters (Kenya),Police Forces of Kenya (2013-2022),Kenya,Nairobi,Starehe,Nairobi,-1.283,36.817,1
KEN4216,2014-01-04,2014,Explosions/Remote violence,Remote explosive/landmine/IED,Al Shabaab,Civilians (Kenya),Kenya,Nairobi,Kamukunji,Nairobi - Kamukunji,-1.2759,36.8526,0
KEN4230,2014-01-09,2014,Violence against civilians,Attack,Unidentified Armed Group (Kenya),Civilians (Kenya),Kenya,Nairobi,Kibra,Nairobi - Kibra,-1.3061,36.7857,0
KEN4239,2014-01-16,2014,Explosions/Remote violence,Shelling/artillery/missile attack,Unidentified Armed Group (Kenya),Civilians (Kenya),Kenya,Nairobi,Embakasi South,Nairobi - Embakasi South,-1.3261,36.889,1
KEN4197,2013-12-14,2013,Explosions/Remote violence,Remote explosive/landmine/IED,Police Forces of Kenya (2013-2022),Unidentified Armed Group (Kenya),Kenya,Wajir,Wajir East,Wajir,1.75,40.06,2
KEN4200,2013-12-17,2013,Protests,Peaceful protest,Protesters (Kenya),,Kenya,Mombasa,Mvita,Mombasa,-4.0547,39.6636,0
KEN4206,2013-12-25,2013,Violence against civilians,Attack,MRC: Mombasa Republican Council,Civilians (Kenya),Kenya,Mombasa,Mvita,Mombasa,-4.0547,39.6636,0
KEN4241,2014-01-19,2014,Protests,Peaceful protest,Protesters (Kenya),,Kenya,Mombasa,Mvita,Mombasa,-4.0547,39.6636,0
KEN4248,2014-01-22,2014,Riots,Mob violence,Rioters (Kenya),Police Forces of Kenya (2013-2022),Kenya,Mombasa,Mvita,Mombasa,-4.0547,39.6636,0
KEN4232,2014-01-10,2014,Protests,Peaceful protest,Protesters (Kenya),,Kenya,Nairobi,Starehe,Nairobi - Starehe,-1.2881,36.8236,0
KEN4198,2013-12-14,2013,Riots,Violent demonstration,Rioters (Kenya),Police Forces of Kenya (2013-2022),Kenya,Nairobi,Starehe,Nairobi - Starehe,-1.2881,36.8236,1
KEN4199,2013-12-16,2013,Protests,Peaceful protest,Protesters (Kenya),,Kenya,Kitui,Mwingi Central Sub- County,Mwingi,-0.9333,38.0667,0
KEN4222,2014-01-06,2014,Protests,Peaceful protest,Protesters (Kenya),,Kenya,Kitui,Mwingi Central Sub- County,Mwingi,-0.9333,38.0667,0
KEN4196,2013-12-14,2013,Explosions/Remote violence,Remote explosive/landmine/IED,Al Shabaab,Civilians (Kenya),Kenya,Nairobi,Kamukunji,Nairobi - Kamukunji,-1.2759,36.8526,6
KEN21157,2013-12-29,2013,Riots,Mob violence,Rioters (Kenya),Civilians (Kenya),Kenya,Nakuru,Nakuru North,Nakuru,-0.2441,36.142,1
KEN4285,2014-02-24,2014,Protests,Peaceful protest,Protesters (Kenya),,Kenya,Narok,Narok North,Narok,-1.0783,35.8601,0
KEN4253,2014-01-25,2014,Violence against civilians,Attack,Pokot Ethnic Militia (Kenya),Civilians (Kenya),Kenya,Turkana,Turkana Central,Lodwar,3.1191,35.5973,4
KEN4256,2014-01-29,2014,Protests,Peaceful protest,Protesters (Kenya),,Kenya,Muranga,Kiharu,Mathioya,-0.7167,37.25,0
KEN4267,2014-02-09,2014,Riots,Mob violence,Rioters (Kenya),Civilians (Uganda),Kenya,Busia,Teso South,Ochude,0.5333,34.25,1
KEN4271,2014-02-11,2014,Protests,Peaceful protest,Protesters (Kenya),,Kenya,West Pokot,West Pokot,Makutano,1.2577,35.0927,0
KEN4272,2014-02-11,2014,Protests,Peaceful protest,Protesters (Kenya),,Kenya,Muranga,Kiharu,Muranga,-0.7166,37.15,0
KEN4273,2014-02-12,2014,Protests,Peaceful protest,Protesters (Kenya),,Kenya,Nyeri,Nyeri Central,Nyeri,-0.4167,36.95,0
KEN4274,2014-02-12,2014,Violence against civilians,Attack,Unidentified Armed Group (Kenya),Civilians (Kenya),Kenya,Kisumu,Nyakach,Nyakach,-0.3835,34.9324,0
KEN4277,2014-02-14,2014,Protests,Peaceful protest,Protesters (Kenya),,Kenya,Kilifi,Kilifi North,Kilifi,-3.633,39.85,0
KEN4281,2014-02-18,2014,Violence against civilians,Attack,Unidentified Armed Group (Kenya),Civilians (Kenya),Kenya,Taita Taveta,Taveta,Taveta,-3.3988,37.6834,1
KEN4283,2014-02-20,2014,Riots,Mob violence,Rioters (Kenya),Civilians (Kenya),Kenya,Migori,Nyatike,Macalder,-0.9689,34.2915,1
KEN4290,2014-02-26,2014,Riots,Mob violence,Rioters (Kenya),Civilians (Kenya),Kenya,Mombasa,Kisauni,Bamburi,-4,39.7167,3
KEN4291,2014-02-27,2014,Battles,Armed clash,Unidentified Armed Group (Kenya),Unidentified Armed Group (Kenya),Kenya,Lamu,Lamu West,Lamu,-2.2717,40.902,0
KEN4294,2014-03-01,2014,Riots,Mob violence,Rioters (Kenya),Civilians (Kenya),Kenya,West Pokot,Pokot Central,Sigor,1.4845,35.4717,2
KEN4295,2014-03-03,2014,Battles,Armed clash,Mau Mau War Veterans,Unidentified Armed Group (Kenya),Kenya,Nakuru,Naivasha,Naivasha,-0.7202,36.4285,0
KEN4297,2014-03-04,2014,Protests,Peaceful protest,Protesters (Kenya),,Kenya,Tana River,Galole,Bondeni,-1.6126,40.083,0
KEN4300,2014-03-05,2014,Riots,Mob violence,Rioters (Kenya),Civilians (Kenya),Kenya,Embu,Manyatta,Embu,-0.5333,37.45,0
KEN4258,2014-01-30,2014,Battles,Armed clash,Borana Ethnic Militia (Kenya),Gabra Ethnic Militia (Kenya),Kenya,Marsabit,Moyale,Moyale,3.5094,39.0528,9
KEN4284,2014-02-21,2014,Protests,Peaceful protest,Protesters (Kenya),,Kenya,Kisumu,Kisumu Central,Kisumu,-0.1,34.75,0
KEN4287,2014-02-25,2014,Riots,Mob violence,Rioters (Kenya),Civilians (Kenya),Kenya,Narok,Transmara West,Kilgoris,-1.0077,34.8806,2
KEN4296,2014-03-03,2014,Protests,Peaceful protest,Protesters (Kenya),,Kenya,Kakamega,Lugari,Lugari,0.6475,34.8775,0
KEN4254,2014-01-27,2014,Riots,Violent demonstration,Rioters (Kenya),Police Forces of Kenya (2013-2022),Kenya,Nandi,Chesumei,Mosoriot,0.3,35.1667,0
KEN4255,2014-01-27,2014,Protests,Protest with intervention,Protesters (Kenya),Police Forces of Kenya (2013-2022),Kenya,Elgeyo Marakwet,Keiyo North,Iten,0.6702,35.5077,0
KEN4266,2014-02-07,2014,Riots,Violent demonstration,Rioters (Kenya),Police Forces of Kenya (2013-2022),Kenya,Mombasa,Kisauni,Kisauni,-4.0333,39.6833,0
KEN4268,2014-02-10,2014,Battles,Armed clash,Police Forces of Kenya (2013-2022),Al Shabaab,Kenya,Kwale,Msambweni,Ukunda,-4.2875,39.5661,0
KEN4275,2014-02-13,2014,Riots,Violent demonstration,Rioters (Kenya),Police Forces of Kenya (2013-2022),Kenya,Homa Bay,Homa Bay Town,Homa Bay,-0.5273,34.4571,0
KEN4278,2014-02-14,2014,Riots,Violent demonstration,Rioters (Kenya),Police Forces of Kenya (2013-2022),Kenya,Baringo,Mogotio,Endorois,0.2667,36,0
KEN4279,2014-02-15,2014,Violence against civilians,Attack,Al Shabaab,Civilians (Kenya),Kenya,Kwale,Msambweni,Diani,-4.279,39.594,2
KEN4292,2014-02-27,2014,Protests,Protest with intervention,Protesters (Kenya),Police Forces of Kenya (2013-2022),Kenya,Kiambu,Thika Town,Thika,-1.05,37.0833,0
KEN4299,2014-03-05,2014,Riots,Violent demonstration,Rioters (Kenya),Police Forces of Kenya (2013-2022),Kenya,Kakamega,Lurambi,Kakamega,0.2833,34.7384,0
KEN4301,2014-03-06,2014,Explosions/Remote violence,Grenade,Military Forces of Kenya (2013-2022),Al Shabaab,Kenya,Mandera,Mandera East,Mandera,3.9357,41.8542,0
KEN4282,2014-02-19,2014,Violence against civilians,Attack,Unidentified Armed Group (Kenya),Civilians (Kenya),Kenya,Nairobi,Starehe,Nairobi,-1.283,36.817,0
KEN4298,2014-03-05,2014,Protests,Protest with intervention,Protesters (Kenya),Police Forces of Kenya (2013-2022),Kenya,Nairobi,Starehe,Nairobi,-1.283,36.817,0
KEN4264,2014-02-04,2014,Protests,Peaceful protest,Protesters (Kenya),,Kenya,Nairobi,Westlands,Nairobi - Westlands,-1.2379,36.7879,0
KEN4270,2014-02-10,2014,Protests,Peaceful protest,Protesters (Kenya),,Kenya,Nairobi,Westlands,Nairobi - Westlands,-1.2379,36.7879,0
KEN4259,2014-01-31,2014,Strategic developments,Arrests,Police Forces of Kenya (2013-2022),Al Shabaab,Kenya,Nairobi,Kamukunji,Nairobi - Kamukunji,-1.2759,36.8526,0
KEN4260,2014-02-02,2014,Riots,Mob violence,Rioters (Kenya),Police Forces of Kenya (2013-2022),Kenya,Mombasa,Mvita,Mombasa,-4.0547,39.6636,0
KEN4261,2014-02-02,2014,Battles,Armed clash,Police Forces of Kenya (2013-2022),Al Shabaab,Kenya,Mombasa,Mvita,Mombasa,-4.0547,39.6636,3
KEN4263,2014-02-03,2014,Riots,Violent demonstration,Rioters (Kenya),Police Forces of Kenya (2013-2022),Kenya,Mombasa,Mvita,Mombasa,-4.0547,39.6636,0
KEN4265,2014-02-05,2014,Explosions/Remote violence,Remote explosive/landmine/IED,Unidentified Armed Group (Kenya),Civilians (Kenya),Kenya,Mombasa,Likoni,Likoni,-4.0839,39.6616,0
KEN4289,2014-02-26,2014,Violence against civilians,Attack,Unidentified Armed Group (Kenya),Civilians (Kenya),Kenya,Mombasa,Mvita,Mombasa,-4.0547,39.6636,0
KEN4257,2014-01-29,2014,Violence against civilians,Attack,Unidentified Armed Group (Kenya),Civilians (Kenya),Kenya,Nakuru,Naivasha,Kedong',-1.05,36.5667,0
KEN4280,2014-02-16,2014,Riots,Violent demonstration,Rioters (Kenya),Police Forces of Kenya (2013-2022),Kenya,Migori,Rongo,Rongo,-0.7556,34.5995,0
KEN4286,2014-02-25,2014,Protests,Peaceful protest,Protesters (Kenya),,Kenya,Kisumu,Muhoroni,Muhoroni,-0.1567,35.1984,0
KEN4293,2014-02-28,2014,Protests,Peaceful protest,Protesters (Kenya),,Kenya,Kisumu,Muhoroni,Muhoroni,-0.1567,35.1984,0
KEN4276,2014-02-13,2014,Protests,Protest with intervention,Protesters (Kenya),Police Forces of Kenya (2013-2022),Kenya,Nairobi,Starehe,Nairobi - Starehe,-1.2881,36.8236,0
KEN4288,2014-02-25,2014,Riots,Mob violence,Rioters (Kenya),Civilians (Kenya),Kenya,Nairobi,Kasarani,Nairobi - Kasarani,-1.2254,36.8977,0
KEN4269,2014-02-10,2014,Protests,Peaceful protest,Protesters (Kenya),,Kenya,Homa Bay,Kasipul,Got Nyango,-0.4373,34.7356,0
KEN4308,2014-03-10,2014,Riots,Mob violence,Rioters (Kenya),Civilians (Kenya),Kenya,Nakuru,Njoro,Njoro,-0.3316,35.9449,2
KEN4310,2014-03-12,2014,Riots,Mob violence,Rioters (Kenya),Civilians (Kenya),Kenya,Embu,Manyatta,Embu,-0.5333,37.45,1
KEN4313,2014-03-16,2014,Protests,Peaceful protest,Protesters (Kenya),,Kenya,Nandi,Nandi East,Nandi Hills,0.1066,35.1838,0
KEN4314,2014-03-17,2014,Protests,Peaceful protest,Protesters (Kenya),,Kenya,Lamu,Lamu West,Lamu,-2.2717,40.902,0
KEN4316,2014-03-17,2014,Protests,Peaceful protest,Protesters (Kenya),,Kenya,Nyeri,Nyeri South,Othaya,-0.5666,36.95,0
KEN4317,2014-03-18,2014,Protests,Peaceful protest,Protesters (Kenya),,Kenya,West Pokot,West Pokot,Makutano,1.2577,35.0927,0
KEN4318,2014-03-19,2014,Protests,Peaceful protest,Protesters (Kenya),,Kenya,Kakamega,Butere,Butere,0.2064,34.4935,0
KEN4319,2014-03-21,2014,Violence against civilians,Attack,Al Shabaab,Civilians (Kenya),Kenya,Mandera,Mandera East,Mandera,3.9357,41.8542,0
KEN4322,2014-03-25,2014,Riots,Violent demonstration,Rioters (Kenya),Rioters (Kenya),Kenya,Nandi,Chesumei,Kapsabet,0.2039,35.105,0
KEN4324,2014-03-26,2014,Protests,Peaceful protest,Protesters (Kenya),,Kenya,Migori,Nyatike,Migingo Island,-0.8827,33.9385,0
KEN4325,2014-03-26,2014,Violence against civilians,Attack,Unidentified Armed Group (Kenya),Civilians (Kenya),Kenya,Baringo,Marigat,Marigat,0.4667,35.9833,1
KEN4327,2014-03-27,2014,Violence against civilians,Attack,Unidentified Armed Group (Kenya),Civilians (Kenya),Kenya,Nyeri,Nyeri Central,Nyeri,-0.4167,36.95,0
KEN4328,2014-03-27,2014,Violence against civilians,Attack,Turkana Ethnic Militia (Kenya),Civilians (Kenya),Kenya,Baringo,Baringo Central,Kabarnet,0.4919,35.743,0
KEN4338,2014-04-05,2014,Riots,Mob violence,Rioters (Kenya),Civilians (Kenya),Kenya,Kitui,Mwingi North,Mutanda,-0.5833,38.65,1
KEN4344,2014-04-13,2014,Riots,Mob violence,Rioters (Kenya),Civilians (Kenya),Kenya,Kitui,Mwingi North,Tharaka,-0.3086,38.0269,1
KEN4340,2014-04-08,2014,Violence against civilians,Attack,Unidentified Armed Group (Kenya),Civilians (Kenya),Kenya,Mandera,Mandera East,Mandera,3.9357,41.8542,1
KEN4315,2014-03-17,2014,Protests,Peaceful protest,Protesters (Kenya),,Kenya,Laikipia,Laikipia North,Mukogodo,0.4833,36.9333,0
KEN4321,2014-03-23,2014,Battles,Armed clash,Auliyan Ethnic Militia (Kenya),Abduwak Ethnic Militia (Kenya),Kenya,Garissa,Garissa,Garissa,-0.4536,39.6461,0
KEN4326,2014-03-26,2014,Riots,Mob violence,Rioters (Kenya),Civilians (Kenya),Kenya,Kirinyaga,Kirinyaga Central,Karaini,-0.4333,37.2667,1
KEN4348,2014-04-17,2014,Protests,Peaceful protest,Protesters (Kenya),,Kenya,Machakos,Machakos,Machakos,-1.5167,37.2667,0
KEN4343,2014-04-12,2014,Protests,Peaceful protest,Protesters (Kenya),,Kenya,Migori,Suna West,Migori,-1.0667,34.4667,0
KEN4304,2014-03-07,2014,Protests,Peaceful protest,Protesters (Kenya),,Kenya,Lamu,Lamu West,Mpeketoni,-2.3899,40.6987,0
KEN4302,2014-03-07,2014,Battles,Armed clash,Police Forces of Kenya (2013-2022),Al Shabaab,Kenya,Garissa,Dadaab,Dadaab Refugee Camp,0.0514,40.3142,2
KEN4307,2014-03-10,2014,Riots,Violent demonstration,Rioters (Kenya),Police Forces of Kenya (2013-2022),Kenya,Kisii,Nyaribari Chache,Kisii,-0.6833,34.7667,0
KEN4309,2014-03-11,2014,Riots,Violent demonstration,Rioters (Kenya),Police Forces of Kenya (2013-2022),Kenya,Kisii,Nyaribari Chache,Kisii,-0.6833,34.7667,0
KEN4312,2014-03-14,2014,Battles,Armed clash,Police Forces of Kenya (2013-2022),Unidentified Armed Group (Kenya),Kenya,Mandera,Mandera East,Mandera,3.9357,41.8542,1
KEN4342,2014-04-11,2014,Violence against civilians,Attack,Unidentified Armed Group (Kenya),Civilians (Kenya),Kenya,Homa Bay,Homa Bay Town,Homa Bay,-0.5273,34.4571,1
KEN4347,2014-04-16,2014,Battles,Armed clash,Military Forces of Kenya (2013-2022),Unidentified Armed Group (Kenya),Kenya,Wajir,Wajir East,Wajir,1.75,40.06,0
KEN4341,2014-04-09,2014,Protests,Peaceful protest,Protesters (Somalia),,Kenya,Embu,Manyatta,Embu,-0.5333,37.45,0
KEN4331,2014-03-30,2014,Riots,Mob violence,Rioters (Kenya),Police Forces of Kenya (2013-2022),Kenya,Nairobi,Starehe,Nairobi,-1.283,36.817,1
KEN6908,2014-03-27,2014,Battles,Armed clash,Unidentified Armed Group (Kenya),Private Security Forces (Kenya),Kenya,Nairobi,Starehe,Nairobi,-1.283,36.817,1
KEN4332,2014-03-31,2014,Explosions/Remote violence,Remote explosive/landmine/IED,Al Shabaab,Civilians (Kenya),Kenya,Nairobi,Kamukunji,Nairobi - Kamukunji,-1.2759,36.8526,6
KEN4337,2014-04-05,2014,Strategic developments,Arrests,Police Forces of Kenya (2013-2022),Al Shabaab,Kenya,Nairobi,Kamukunji,Nairobi - Kamukunji,-1.2759,36.8526,0
KEN4339,2014-04-06,2014,Protests,Peaceful protest,Protesters (Somalia),,Kenya,Nairobi,Kamukunji,Nairobi - Kamukunji,-1.2759,36.8526,0
KEN4335,2014-04-03,2014,Explosions/Remote violence,Grenade,Military Forces of Kenya (2013-2022),Al Shabaab,Kenya,Garissa,Dadaab,Dadaab Refugee Camp,0.0514,40.3142,0
KEN4311,2014-03-13,2014,Violence against civilians,Attack,Unidentified Armed Group (Kenya),Civilians (Kenya),Kenya,Mombasa,Mvita,Mombasa,-4.0547,39.6636,0
KEN4320,2014-03-23,2014,Violence against civilians,Attack,Al Shabaab,Civilians (Kenya),Kenya,Mombasa,Likoni,Likoni,-4.0839,39.6616,6
KEN4329,2014-03-28,2014,Battles,Armed clash,Police Forces of Kenya (2013-2022),Al Shabaab,Kenya,Mombasa,Mvita,Mombasa,-4.0547,39.6636,2
KEN4334,2014-04-01,2014,Violence against civilians,Attack,Unidentified Armed Group (Kenya),Civilians (Kenya),Kenya,Mombasa,Mvita,Mombasa,-4.0547,39.6636,1
KEN4336,2014-04-04,2014,Riots,Violent demonstration,Rioters (Kenya),Police Forces of Kenya (2013-2022),Kenya,Mombasa,Mvita,Mombasa,-4.0547,39.6636,0
KEN4303,2014-03-07,2014,Battles,Armed clash,Unidentified Armed Group (Kenya),Unidentified Armed Group (Kenya),Kenya,Baringo,Marigat,Marmanet,0.1667,36.3167,2
KEN4305,2014-03-08,2014,Battles,Armed clash,Unidentified Armed Group (Kenya),Unidentified Armed Group (Kenya),Kenya,Baringo,Marigat,Marmanet,0.1667,36.3167,3
KEN4306,2014-03-09,2014,Battles,Armed clash,Unidentified Armed Group (Kenya),Unidentified Armed Group (Kenya),Kenya,Baringo,Marigat,Marmanet,0.1667,36.3167,0
KEN4345,2014-04-14,2014,Protests,Peaceful protest,Protesters (Kenya),,Kenya,Nairobi,Starehe,Nairobi - Starehe,-1.2881,36.8236,0
KEN4346,2014-04-15,2014,Riots,Mob violence,Rioters (Kenya),Police Forces of Kenya (2013-2022),Kenya,Nairobi,Starehe,Nairobi - Starehe,-1.2881,36.8236,0
KEN4330,2014-03-30,2014,Strategic developments,Disrupted weapons use,Unidentified Armed Group (Kenya),,Kenya,Nairobi,Starehe,Nairobi,-1.283,36.817,1
KEN4350,2014-04-22,2014,Riots,Mob violence,Rioters (Kenya),Civilians (Kenya),Kenya,Embu,Manyatta,Embu,-0.5333,37.45,1
KEN4351,2014-04-22,2014,Riots,Mob violence,Rioters (Kenya),Civilians (Kenya),Kenya,Kilifi,Kilifi North,Kilifi,-3.633,39.85,0
KEN4353,2014-04-23,2014,Protests,Peaceful protest,Protesters (Kenya),,Kenya,Laikipia,Laikipia North,Mukogodo,0.4833,36.9333,0
KEN4356,2014-04-24,2014,Battles,Armed clash,Orma Ethnic Militia (Kenya),Somali Ethnic Militia (Kenya),Kenya,Tana River,Galole,Chifiri,-1.2937,39.7047,0
KEN4360,2014-04-27,2014,Protests,Peaceful protest,Protesters (Kenya),,Kenya,Kiambu,Gatundu South,Kiganjo,-0.9833,36.8333,0
KEN4361,2014-04-27,2014,Riots,Mob violence,Rioters (Kenya),Civilians (Kenya),Kenya,Tharaka-Nithi,Chuka,Chuka,-0.3333,37.65,0
KEN4364,2014-04-29,2014,Protests,Peaceful protest,Protesters (Kenya),Protesters (Kenya),Kenya,Embu,Manyatta,Embu,-0.5333,37.45,0
KEN4365,2014-04-30,2014,Protests,Peaceful protest,Protesters (Kenya),,Kenya,Bungoma,Kanduyi,Bukembe,0.6,34.65,0
KEN4366,2014-04-30,2014,Protests,Peaceful protest,Protesters (Kenya),,Kenya,Kilifi,Malindi,Malindi,-3.22,40.12,0
KEN4375,2014-05-09,2014,Riots,Mob violence,Rioters (Kenya),Civilians (Kenya),Kenya,Narok,Narok North,Narok,-1.0783,35.8601,0
KEN4376,2014-05-12,2014,Violence against civilians,Attack,Unidentified Armed Group (Kenya),Civilians (Kenya),Kenya,Laikipia,Laikipia East,Nanyuki,0.0167,37.0667,1
KEN4355,2014-04-23,2014,Violence against civilians,Attack,Al Shabaab,Civilians (Kenya),Kenya,Garissa,Fafi,Hagadera Refugee Camp,0.0037,40.3746,0
KEN4349,2014-04-18,2014,Protests,Peaceful protest,Protesters (Kenya),,Kenya,Kitui,Kitui South,Ikutha,-2.0663,38.1788,0
KEN4382,2014-05-20,2014,Explosions/Remote violence,Grenade,Al Shabaab,Civilians (Kenya),Kenya,Garissa,Garissa,Garissa,-0.4536,39.6461,0
KEN4359,2014-04-26,2014,Battles,Armed clash,ODM: Orange Democratic Movement,PDP: People's Democratic Party,Kenya,Migori,Suna East,Kakrao,-1.0333,34.4833,0
KEN4357,2014-04-25,2014,Battles,Armed clash,Police Forces of Kenya (2013-2022),Al Shabaab,Kenya,Kwale,Msambweni,Diani,-4.279,39.594,1
KEN4362,2014-04-28,2014,Battles,Armed clash,Police Forces of Kenya (2013-2022),Unidentified Armed Group (Kenya),Kenya,Nyandarua,Olkalou,Gilgil,-0.2167,36.2667,0
KEN4363,2014-04-29,2014,Riots,Mob violence,Rioters (Kenya),Civilians (Kenya),Kenya,Meru,Imenti South,Kanyakine,-0.1223,37.6703,1
KEN4372,2014-05-04,2014,Battles,Armed clash,Police Forces of Kenya (2013-2022),Unidentified Armed Group (Kenya),Kenya,Kilifi,Malindi,Malindi,-3.22,40.12,1
KEN4373,2014-05-05,2014,Strategic developments,Disrupted weapons use,Police Forces of Kenya (2013-2022),Unidentified Armed Group (Kenya),Kenya,Garissa,Garissa,Garissa,-0.4536,39.6461,0
KEN4354,2014-04-23,2014,Protests,Excessive force against protesters,Police Forces of Kenya (2013-2022),Protesters (Kenya),Kenya,Nairobi,Starehe,Nairobi,-1.283,36.817,1
KEN4367,2014-04-30,2014,Riots,Mob violence,Rioters (Kenya),Civilians (Kenya),Kenya,Nairobi,Starehe,Nairobi,-1.283,36.817,2
KEN4379,2014-05-16,2014,Explosions/Remote violence,Remote explosive/landmine/IED,Al Shabaab,Civilians (Kenya),Kenya,Nairobi,Starehe,Nairobi,-1.283,36.817,5
KEN4381,2014-05-20,2014,Riots,Violent demonstration,Rioters (Kenya),Police Forces of Kenya (2013-2022),Kenya,Nairobi,Starehe,Nairobi,-1.283,36.817,0
KEN4378,2014-05-16,2014,Explosions/Remote violence,Remote explosive/landmine/IED,Al Shabaab,Civilians (Kenya),Kenya,Nairobi,Kamukunji,Nairobi - Kamukunji,-1.2759,36.8526,5
KEN4385,2014-05-26,2014,Battles,Armed clash,Military Forces of Kenya (2013-2022),Al Shabaab,Kenya,Lamu,Lamu West,Lamu,-2.2717,40.902,2
KEN4369,2014-05-01,2014,Violence against civilians,Attack,Al Shabaab,Civilians (Kenya),Kenya,Mandera,Mandera East,Mandera,3.9357,41.8542,0
KEN4368,2014-05-01,2014,Battles,Armed clash,Police Forces of Kenya (2013-2022),Al Shabaab,Kenya,Mandera,Mandera East,Mandera,3.9357,41.8542,2
KEN4370,2014-05-03,2014,Explosions/Remote violence,Remote explosive/landmine/IED,Al Shabaab,Civilians (Kenya),Kenya,Mombasa,Mvita,Mombasa,-4.0547,39.6636,4
KEN4383,2014-05-22,2014,Explosions/Remote violence,Grenade,Police Forces of Kenya (2013-2022),Al Shabaab,Kenya,Mombasa,Mvita,Mombasa,-4.0547,39.6636,0
KEN4384,2014-05-24,2014,Strategic developments,Arrests,Police Forces of Kenya (2013-2022),Al Shabaab,Kenya,Mombasa,Mvita,Mombasa,-4.0547,39.6636,0
KEN4352,2014-04-23,2014,Explosions/Remote violence,Suicide bomb,Police Forces of Kenya (2013-2022),Unidentified Armed Group (Kenya),Kenya,Nairobi,Starehe,Nairobi - Starehe,-1.2881,36.8236,4
KEN4374,2014-05-06,2014,Battles,Armed clash,Unidentified Armed Group (Kenya),Private Security Forces (Kenya),Kenya,Nairobi,Starehe,Nairobi - Starehe,-1.2881,36.8236,3
KEN4371,2014-05-04,2014,Explosions/Remote violence,Remote explosive/landmine/IED,Unidentified Armed Group (Kenya),Civilians (Kenya),Kenya,Nairobi,Starehe,Nairobi,-1.283,36.817,3
KEN4380,2014-05-19,2014,Battles,Armed clash,Military Forces of Kenya (2013-2022),Al Shabaab,Kenya,Mandera,Mandera East,Mandera,3.9357,41.8542,12
KEN4377,2014-05-14,2014,Battles,Armed clash,Degodia Clan Militia (Kenya),Garre Clan Militia (Kenya),Kenya,Wajir,Wajir East,Wajir,1.75,40.06,3
KEN4386,2014-05-28,2014,Explosions/Remote violence,Shelling/artillery/missile attack,Garre Clan Militia (Kenya),Civilians (Kenya),Kenya,Wajir,Tarbaj,Tarbaj,2.216,40.12,12
KEN21110,2014-04-29,2014,Protests,Peaceful protest,Protesters (Kenya),,Kenya,Samburu,Samburu Central,Loosuk,1.1016,36.5002,0
KEN4395,2014-06-07,2014,Protests,Peaceful protest,Protesters (Kenya),,Kenya,Muranga,Gatanga,Gatanga,-0.9333,36.9667,0
KEN4403,2014-06-11,2014,Protests,Peaceful protest,Protesters (Kenya),,Kenya,Migori,Kuria West,Ikerege,-1.2,34.55,0
KEN4404,2014-06-11,2014,Protests,Peaceful protest,Protesters (Kenya),,Kenya,Migori,Kuria West,Kihancha,-1.1833,34.6167,0
KEN4405,2014-06-11,2014,Protests,Peaceful protest,Protesters (Kenya),,Kenya,Migori,Kuria West,Taranganya,-1.2333,34.6,0
KEN4412,2014-06-14,2014,Violence against civilians,Attack,Unidentified Armed Group (Kenya),Civilians (Kenya),Kenya,Turkana,Turkana Central,Lodwar,3.1191,35.5973,2
KEN4413,2014-06-15,2014,Riots,Mob violence,Rioters (Kenya),Rioters (Kenya),Kenya,Tharaka-Nithi,Chuka,Ikuu,-0.3684,37.6411,0
KEN4416,2014-06-16,2014,Violence against civilians,Attack,Turkana Ethnic Militia (Kenya),Civilians (Kenya),Kenya,Kajiado,Kajiado Central,Silale,-1.9333,36.8667,2
KEN4417,2014-06-16,2014,Violence against civilians,Attack,Turkana Ethnic Militia (Kenya),Civilians (Kenya),Kenya,Baringo,Tiaty,Tiati,1.2972,35.9336,2
KEN4418,2014-06-16,2014,Riots,Violent demonstration,Rioters (Kenya),Civilians (Kenya),Kenya,Narok,Narok South,Osongoroi,-0.95,35.7,0
KEN4426,2014-06-19,2014,Riots,Mob violence,Rioters (Kenya),Civilians (Kenya),Kenya,Kisumu,Kisumu Central,Kisumu,-0.1,34.75,2
KEN4428,2014-06-23,2014,Protests,Peaceful protest,Protesters (Kenya),,Kenya,Busia,Matayos,Busia,0.46,34.112,0
KEN4429,2014-06-23,2014,Violence against civilians,Attack,Al Shabaab,Civilians (Kenya),Kenya,Lamu,Lamu West,Witu,-2.3889,40.4382,11
KEN4432,2014-06-25,2014,Protests,Peaceful protest,Protesters (Kenya),,Kenya,Kiambu,Gatundu South,Ituru,-1,36.9167,0
KEN4434,2014-06-26,2014,Protests,Peaceful protest,Protesters (Kenya),,Kenya,Nyeri,Nyeri Central,Tetu,-0.4333,36.8833,0
KEN4437,2014-06-30,2014,Riots,Mob violence,Rioters (Kenya),Civilians (Kenya),Kenya,Kakamega,Mumias West,Mumias,0.3351,34.4864,1
KEN4440,2014-07-01,2014,Protests,Peaceful protest,Protesters (Kenya),,Kenya,Nakuru,Naivasha,Olkaria,-0.8866,36.2696,0
KEN4441,2014-07-01,2014,Riots,Mob violence,Rioters (Kenya),Civilians (Kenya),Kenya,Kakamega,Mumias West,Mumias,0.3351,34.4864,1
KEN4443,2014-07-02,2014,Riots,Mob violence,Rioters (Kenya),Civilians (Kenya),Kenya,Nakuru,Molo,Molo,-0.248,35.737,1
KEN4445,2014-07-05,2014,Violence against civilians,Attack,Al Shabaab,Civilians (Kenya),Kenya,Lamu,Lamu West,Hindi,-2.1749,40.8199,21
KEN4446,2014-07-05,2014,Riots,Mob violence,Rioters (Kenya),Civilians (Kenya),Kenya,Nyeri,Mukurweini,Gatura,-0.5333,37.0333,2
KEN4448,2014-07-07,2014,Explosions/Remote violence,Grenade,Unidentified Armed Group (Kenya),Civilians (Somalia),Kenya,Wajir,Wajir East,Wajir,1.75,40.06,1
KEN4410,2014-06-14,2014,Protests,Peaceful protest,Protesters (Kenya),,Kenya,Nakuru,Naivasha,Naivasha,-0.7202,36.4285,0
KEN4439,2014-07-01,2014,Protests,Peaceful protest,Protesters (Kenya),,Kenya,Busia,Teso North,Amagoro,0.6333,34.3333,0
KEN4453,2014-07-09,2014,Protests,Peaceful protest,Protesters (Kenya),,Kenya,Kakamega,Matungu,Matungu,0.3833,34.4833,0
KEN4390,2014-06-01,2014,Protests,Peaceful protest,Protesters (Kenya),,Kenya,Mandera,Mandera East,Mandera,3.9357,41.8542,0
KEN4422,2014-06-18,2014,Violence against civilians,Attack,Turkana Ethnic Militia (Kenya),Civilians (Kenya),Kenya,Baringo,Baringo Central,Kabarnet,0.4919,35.743,0
KEN4392,2014-06-01,2014,Protests,Peaceful protest,Protesters (Kenya),,Kenya,Kwale,Matuga,Kwale,-4.1738,39.4521,0
KEN4394,2014-06-03,2014,Riots,Mob violence,Rioters (Kenya),Civilians (Kenya),Kenya,Kiambu,Thika Town,Thika,-1.05,37.0833,1
KEN4387,2014-05-31,2014,Explosions/Remote violence,Grenade,Unidentified Armed Group (Kenya),Civilians (Kenya),Kenya,Garissa,Garissa,Garissa,-0.4536,39.6461,1
KEN4415,2014-06-16,2014,Riots,Violent demonstration,Rioters (Kenya),Civilians (Kenya),Kenya,Narok,Transmara West,Kilgoris,-1.0077,34.8806,0
KEN4442,2014-07-02,2014,Riots,Mob violence,Rioters (Kenya),Civilians (Kenya),Kenya,Narok,Transmara West,Kilgoris,-1.0077,34.8806,1
KEN4407,2014-06-12,2014,Protests,Peaceful protest,Protesters (Kenya),,Kenya,Nyeri,Kieni West,Moyo Drift Farms,-0.2667,36.8667,0
KEN4393,2014-06-03,2014,Protests,Peaceful protest,Protesters (Kenya),,Kenya,Nakuru,Nakuru North,Nakuru,-0.2441,36.142,0
KEN4396,2014-06-07,2014,Protests,Peaceful protest,Protesters (Kenya),,Kenya,Nyeri,Kieni West,Moyo Drift Farms,-0.2667,36.8667,0
KEN4436,2014-06-30,2014,Riots,Mob violence,Rioters (Kenya),Civilians (Kenya),Kenya,Garissa,Garissa,Garissa,-0.4536,39.6461,1
KEN4402,2014-06-11,2014,Explosions/Remote violence,Grenade,Unidentified Armed Group (Kenya),Civilians (Kenya),Kenya,Garissa,Garissa,Garissa,-0.4536,39.6461,0
KEN4438,2014-07-01,2014,Violence against civilians,Attack,Police Forces of Ethiopia (1991-2018) Liyu Police,Civilians (Kenya),Kenya,Garissa,Garissa,Garissa,-0.4536,39.6461,1
KEN4419,2014-06-17,2014,Violence against civilians,Attack,Police Forces of Ethiopia (1991-2018) Liyu Police,Civilians (Kenya),Kenya,Garissa,Garissa,Garissa,-0.4536,39.6461,0
KEN4399,2014-06-09,2014,Explosions/Remote violence,Grenade,Police Forces of Ethiopia (1991-2018) Liyu Police,Civilians (Kenya),Kenya,Garissa,Garissa,Garissa,-0.4536,39.6461,1
KEN4391,2014-06-01,2014,Violence against civilians,Attack,Police Forces of Ethiopia (1991-2018) Liyu Police,Civilians (Ethiopia),Kenya,Garissa,Garissa,Garissa,-0.4536,39.6461,1
KEN4411,2014-06-14,2014,Violence against civilians,Attack,Al Shabaab,Civilians (Kenya),Kenya,Lamu,Lamu West,Mpeketoni,-2.3899,40.6987,57
KEN4452,2014-07-07,2014,Protests,Peaceful protest,Protesters (Kenya),,Kenya,Lamu,Lamu West,Mpeketoni,-2.3899,40.6987,0
KEN4420,2014-06-17,2014,Protests,Peaceful protest,Protesters (Kenya),,Kenya,Lamu,Lamu West,Mpeketoni,-2.3899,40.6987,0
KEN4389,2014-06-01,2014,Battles,Armed clash,Military Forces of Kenya (2013-2022),Al Shabaab,Kenya,Mandera,Mandera East,Mandera,3.9357,41.8542,2
KEN4398,2014-06-07,2014,Riots,Violent demonstration,Rioters (Kenya),Police Forces of Kenya (2013-2022),Kenya,Nakuru,Nakuru North,Nakuru,-0.2441,36.142,0
KEN4400,2014-06-09,2014,Riots,Violent demonstration,Rioters (Kenya),Police Forces of Kenya (2013-2022),Kenya,Kiambu,Thika Town,Thika,-1.05,37.0833,0
KEN4408,2014-06-12,2014,Protests,Protest with intervention,Protesters (Kenya),Police Forces of Kenya (2013-2022),Kenya,Uasin Gishu,Moiben,Eldoret,0.5167,35.2833,0
KEN4409,2014-06-12,2014,Protests,Protest with intervention,Protesters (Kenya),Police Forces of Kenya (2013-2022),Kenya,Kisii,Nyaribari Chache,Kisii,-0.6833,34.7667,0
KEN4414,2014-06-16,2014,Battles,Armed clash,Police Forces of Kenya (2013-2022),Al Shabaab,Kenya,Lamu,Lamu West,Mpeketoni,-2.3899,40.6987,10
KEN4421,2014-06-17,2014,Riots,Violent demonstration,Rioters (Kenya),Police Forces of Kenya (2013-2022),Kenya,Nakuru,Naivasha,Naivasha,-0.7202,36.4285,0
KEN4423,2014-06-18,2014,Riots,Violent demonstration,Rioters (Kenya),Police Forces of Kenya (2013-2022),Kenya,Kajiado,Kajiado West,Suswa,-1.1167,36.35,0
KEN4425,2014-06-19,2014,Battles,Armed clash,Military Forces of Kenya (2013-2022),Al Shabaab,Kenya,Lamu,Lamu West,Mpeketoni,-2.3899,40.6987,5
KEN4430,2014-06-24,2014,Battles,Armed clash,Police Forces of Kenya (2013-2022),Unidentified Armed Group (Kenya),Kenya,Meru,Buuri,Timau,0.089,37.2414,6
KEN4433,2014-06-26,2014,Battles,Armed clash,Police Forces of Kenya (2013-2022),Unidentified Armed Group (Kenya),Kenya,Mombasa,Kisauni,Kisauni,-4.0333,39.6833,1
KEN4450,2014-07-07,2014,Battles,Armed clash,Police Forces of Kenya (2013-2022),Al Shabaab,Kenya,Lamu,Lamu West,Gamba,-2.362,40.3178,1
KEN4451,2014-07-07,2014,Protests,Protest with intervention,Protesters (Kenya),Police Forces of Kenya (2013-2022),Kenya,Kisumu,Kisumu Central,Kisumu,-0.1,34.75,0
KEN4388,2014-05-31,2014,Protests,Peaceful protest,Protesters (Kenya),,Kenya,Mombasa,Mvita,Mombasa,-4.0547,39.6636,0
KEN4401,2014-06-10,2014,Violence against civilians,Attack,Unidentified Armed Group (Kenya),Civilians (Kenya),Kenya,Mombasa,Mvita,Mombasa,-4.0547,39.6636,1
KEN4424,2014-06-19,2014,Violence against civilians,Attack,Pokot Ethnic Militia (Kenya),Civilians (Kenya),Kenya,Baringo,Marigat,Mukutani,0.6335,36.257,0
KEN4435,2014-06-28,2014,Riots,Mob violence,Rioters (Kenya),Rioters (Kenya),Kenya,Kisumu,Muhoroni,Muhoroni,-0.1567,35.1984,0
KEN4431,2014-06-24,2014,Riots,Mob violence,Rioters (Kenya),Civilians (Kenya),Kenya,Siaya,Rarieda,Rarieda,-0.2017,34.3386,1
KEN4447,2014-07-06,2014,Battles,Armed clash,Police Forces of Kenya (2013-2022),Al Shabaab,Kenya,Tana River,Galole,Hola,-1.5036,40.0333,12
KEN4397,2014-06-07,2014,Protests,Peaceful protest,Protesters (Kenya),,Kenya,Narok,Narok East,Ntulelei,-1.0959,36.0857,0
KEN4444,2014-07-03,2014,Riots,Violent demonstration,Rioters (Kenya),Police Forces of Kenya (2013-2022),Kenya,Meru,Tigania West,Nchiru,0.1325,37.7363,0
KEN4406,2014-06-11,2014,Riots,Mob violence,Rioters (Kenya),Civilians (Kenya),Kenya,Nairobi,Starehe,Nairobi - Starehe,-1.2881,36.8236,1
KEN4449,2014-07-07,2014,Protests,Protest with intervention,Protesters (Kenya),Police Forces of Kenya (2013-2022),Kenya,Nairobi,Starehe,Nairobi - Starehe,-1.2881,36.8236,0
KEN4427,2014-06-22,2014,Battles,Armed clash,Garre Clan Militia (Ethiopia),Degodia Clan Militia (Kenya),Kenya,Wajir,Tarbaj,Tarbaj,2.216,40.12,20
KEN4505,2014-08-18,2014,Violence against civilians,Attack,Al Shabaab,Civilians (Kenya),Kenya,Garissa,Ijara,Bothai,-1.549,40.4456,1
KEN4502,2014-08-16,2014,Protests,Peaceful protest,Protesters (Kenya),,Kenya,Bungoma,Kanduyi,Bungoma,0.5635,34.5606,0
KEN4455,2014-07-10,2014,Protests,Peaceful protest,Protesters (Kenya),,Kenya,Bomet,Bomet East,Bomet,-0.7833,35.35,0
KEN4457,2014-07-13,2014,Violence against civilians,Attack,Unidentified Armed Group (Kenya),Civilians (Somalia),Kenya,Lamu,Lamu West,Ras Kitau,-2.317,40.917,0
KEN4458,2014-07-13,2014,Protests,Peaceful protest,Protesters (Kenya),,Kenya,Kisumu,Kisumu Central,Kisumu,-0.1,34.75,0
KEN4465,2014-07-16,2014,Protests,Peaceful protest,Protesters (Kenya),,Kenya,Baringo,Marigat,Kiptagich,0.3833,35.8,0
KEN4466,2014-07-16,2014,Protests,Peaceful protest,Protesters (Kenya),,Kenya,Nyeri,Nyeri Central,Nyeri,-0.4167,36.95,0
KEN4469,2014-07-18,2014,Protests,Peaceful protest,Protesters (Kenya),,Kenya,Kitui,Kitui West,Kakeani,-1.1667,37.9333,0
KEN4470,2014-07-18,2014,Violence against civilians,Attack,Pokot Ethnic Militia (Kenya),Civilians (Kenya),Kenya,Turkana,Kibish,Kaakong,4.354,35.524,6
KEN4471,2014-07-19,2014,Riots,Violent demonstration,Rioters (Kenya),Civilians (Kenya),Kenya,Embu,Mbeere South,Karaba,-0.7696,37.3671,0
KEN4475,2014-07-23,2014,Riots,Violent demonstration,Rioters (Kenya),,Kenya,Kericho,Ainamoi,Kericho,-0.3677,35.2831,0
KEN4477,2014-07-23,2014,Riots,Mob violence,Rioters (Kenya),Civilians (Kenya),Kenya,Homa Bay,Kasipul,Oyugis,-0.509,34.7358,1
KEN4479,2014-07-24,2014,Protests,Peaceful protest,Protesters (Kenya),,Kenya,Laikipia,Laikipia North,Doldol,0.1817,37.0092,0
KEN4482,2014-07-26,2014,Violence against civilians,Attack,Unidentified Armed Group (Kenya),Civilians (Kenya),Kenya,Mandera,Mandera East,Garba Gole,3.9019,41.75,2
KEN4484,2014-07-31,2014,Protests,Peaceful protest,Protesters (Kenya),,Kenya,Baringo,Baringo Central,Kabarnet,0.4919,35.743,0
KEN4487,2014-08-03,2014,Riots,Mob violence,Rioters (Kenya),Civilians (Kenya),Kenya,Kakamega,Khwisero,Khwisero,0.1672,34.5996,1
KEN4490,2014-08-06,2014,Protests,Peaceful protest,Protesters (Kenya),,Kenya,Baringo,Baringo North,Barwesa,0.7167,35.7333,0
KEN4491,2014-08-06,2014,Protests,Peaceful protest,Protesters (Kenya),,Kenya,Baringo,Baringo Central,Kabarnet,0.4919,35.743,0
KEN4492,2014-08-06,2014,Protests,Peaceful protest,Protesters (Kenya),,Kenya,Kisii,Nyaribari Chache,Kisii,-0.6833,34.7667,0
KEN4495,2014-08-10,2014,Protests,Peaceful protest,Protesters (Kenya),,Kenya,Kisumu,Kisumu Central,Kisumu,-0.1,34.75,0
KEN4496,2014-08-11,2014,Riots,Mob violence,Rioters (Kenya),Civilians (Kenya),Kenya,Kitui,Mwingi North,Irunduni,-0.1499,38.2042,1
KEN4499,2014-08-14,2014,Protests,Peaceful protest,Protesters (Kenya),,Kenya,Bungoma,Kanduyi,Bungoma,0.5635,34.5606,0
KEN4500,2014-08-14,2014,Violence against civilians,Attack,Al Shabaab,Civilians (Kenya),Kenya,Mandera,Lafey,Lafey,3.1508,41.1862,0
KEN4501,2014-08-15,2014,Protests,Peaceful protest,Protesters (Kenya),,Kenya,Embu,Manyatta,Embu,-0.5333,37.45,0
KEN4507,2014-08-20,2014,Protests,Peaceful protest,Protesters (Kenya),,Kenya,Kilifi,Kilifi South,Mtwapa,-3.9499,39.745,0
KEN4508,2014-08-20,2014,Protests,Peaceful protest,Protesters (Kenya),,Kenya,Kakamega,Mumias West,Mumias,0.3351,34.4864,0
KEN4454,2014-07-10,2014,Violence against civilians,Attack,Unidentified Armed Group (Kenya),Civilians (Somalia),Kenya,Lamu,Lamu West,Pandanguo,-2.2347,40.4778,0
KEN4497,2014-08-13,2014,Violence against civilians,Attack,Al Shabaab,Civilians (Kenya),Kenya,Mandera,Mandera East,Mandera,3.9357,41.8542,1
KEN4503,2014-08-17,2014,Violence against civilians,Abduction/forced disappearance,Al Shabaab,Civilians (Kenya),Kenya,Mandera,Mandera East,Mandera,3.9357,41.8542,0
KEN4485,2014-08-03,2014,Protests,Peaceful protest,Protesters (Kenya),,Kenya,Turkana,Turkana West,Kakuma,3.717,34.867,0
KEN4461,2014-07-14,2014,Protests,Peaceful protest,Protesters (Kenya),,Kenya,Tana River,Garsen,Ngumu,-2.1284,40.1873,0
KEN4462,2014-07-15,2014,Protests,Peaceful protest,Protesters (Kenya),,Kenya,Kilifi,Kilifi North,Kilifi,-3.633,39.85,0
KEN4474,2014-07-22,2014,Protests,Peaceful protest,Protesters (Kenya),,Kenya,Kajiado,Kajiado East,Kitengela,-1.4761,36.9614,0
KEN4463,2014-07-15,2014,Protests,Peaceful protest,Protesters (Kenya),,Kenya,Kwale,Matuga,Kwale,-4.1738,39.4521,0
KEN4464,2014-07-16,2014,Protests,Peaceful protest,Protesters (Kenya),,Kenya,Garissa,Garissa,Garissa,-0.4536,39.6461,0
KEN4498,2014-08-13,2014,Violence against civilians,Attack,Al Shabaab,Civilians (Kenya),Kenya,Garissa,Garissa,Garissa,-0.4536,39.6461,2
KEN4476,2014-07-23,2014,Protests,Peaceful protest,Protesters (Kenya),,Kenya,Machakos,Machakos,Machakos,-1.5167,37.2667,0
KEN4459,2014-07-14,2014,Explosions/Remote violence,Air/drone strike,Military Forces of Kenya (2013-2022),Unidentified Armed Group (Kenya),Kenya,Lamu,Lamu West,Lamu,-2.2717,40.902,0
KEN4467,2014-07-17,2014,Riots,Violent demonstration,Rioters (Kenya),Police Forces of Kenya (2013-2022),Kenya,Nakuru,Nakuru North,Nakuru,-0.2441,36.142,0
KEN4468,2014-07-18,2014,Battles,Armed clash,Police Forces of Kenya (2013-2022),Al Shabaab,Kenya,Lamu,Lamu West,Witu,-2.3889,40.4382,7
KEN4489,2014-08-04,2014,Explosions/Remote violence,Grenade,Al Shabaab,Civilians (Kenya),Kenya,Mandera,Mandera East,Mandera,3.9357,41.8542,0
KEN4493,2014-08-07,2014,Riots,Violent demonstration,Rioters (Kenya),Police Forces of Kenya (2013-2022),Kenya,Embu,Manyatta,Embu,-0.5333,37.45,0
KEN4494,2014-08-08,2014,Battles,Armed clash,Police Forces of Kenya (2013-2022),Al Shabaab,Kenya,Mandera,Lafey,Fino,3.3711,41.4468,0
KEN4506,2014-08-18,2014,Battles,Armed clash,Police Forces of Kenya (2013-2022),Al Shabaab,Kenya,Garissa,Ijara,Bothai,-1.549,40.4456,5
KEN4460,2014-07-14,2014,Riots,Violent demonstration,Rioters (Kenya),,Kenya,Nairobi,Kamukunji,Nairobi - Kamukunji,-1.2759,36.8526,0
KEN4456,2014-07-11,2014,Violence against civilians,Attack,Unidentified Armed Group (Kenya),Civilians (Somalia),Kenya,Mombasa,Mvita,Mombasa,-4.0547,39.6636,1
KEN4472,2014-07-20,2014,Violence against civilians,Attack,ODM: Orange Democratic Movement,Civilians (Kenya),Kenya,Mombasa,Likoni,Likoni,-4.0839,39.6616,3
KEN4473,2014-07-21,2014,Violence against civilians,Attack,Unidentified Armed Group (Kenya),Civilians (Kenya),Kenya,Mombasa,Mvita,Mombasa,-4.0547,39.6636,2
KEN4480,2014-07-25,2014,Battles,Armed clash,Police Forces of Kenya (2013-2022),Al Shabaab,Kenya,Mombasa,Mvita,Mombasa,-4.0547,39.6636,2
KEN4481,2014-07-26,2014,Battles,Armed clash,Police Forces of Kenya (2013-2022),Al Shabaab,Kenya,Mombasa,Mvita,Mombasa,-4.0547,39.6636,2
KEN4486,2014-08-03,2014,Protests,Peaceful protest,Protesters (Kenya),,Kenya,Mombasa,Mvita,Mombasa,-4.0547,39.6636,0
KEN4504,2014-08-18,2014,Violence against civilians,Attack,Al Shabaab,Civilians (Kenya),Kenya,Lamu,Lamu East,Basuba,-1.7841,41.0404,2
KEN4483,2014-07-28,2014,Riots,Violent demonstration,Rioters (Kenya),,Kenya,Kitui,Mwingi Central Sub- County,Mwingi,-0.9333,38.0667,0
KEN4478,2014-07-24,2014,Violence against civilians,Attack,Unidentified Armed Group (Kenya),Civilians (International),Kenya,Mombasa,Mvita,Mombasa,-4.0547,39.6636,1
KEN21068,2014-07-25,2014,Riots,Mob violence,Rioters (Kenya),Civilians (Kenya),Kenya,Embu,Mbeere North,Ishiara,-0.4588,37.7897,1
KEN4517,2014-08-25,2014,Explosions/Remote violence,Remote explosive/landmine/IED,Unidentified Armed Group (Kenya),Civilians (Kenya),Kenya,Mandera,Mandera East,Mandera,3.9357,41.8542,0
KEN4513,2014-08-23,2014,Protests,Peaceful protest,Protesters (Kenya),,Kenya,Meru,Igembe South,Maua,0.2321,37.9405,0
KEN4509,2014-08-21,2014,Riots,Mob violence,Rioters (Kenya),Civilians (Kenya),Kenya,Kajiado,Kajiado East,Kitengela,-1.4761,36.9614,0
KEN4512,2014-08-22,2014,Riots,Mob violence,Rioters (Kenya),Civilians (Somalia),Kenya,Siaya,Ugenya,Sega,0.2558,34.2258,1
KEN4518,2014-08-25,2014,Protests,Peaceful protest,Protesters (Kenya),,Kenya,Baringo,Baringo Central,Kabarnet,0.4919,35.743,0
KEN4521,2014-08-28,2014,Riots,Violent demonstration,Rioters (Kenya),Civilians (Kenya),Kenya,Kajiado,Kajiado East,Kitengela,-1.4761,36.9614,0
KEN4522,2014-08-30,2014,Riots,Mob violence,Rioters (Kenya),Civilians (Kenya),Kenya,Uasin Gishu,Moiben,Eldoret,0.5167,35.2833,2
KEN4524,2014-08-31,2014,Protests,Peaceful protest,Protesters (Kenya),,Kenya,Nyeri,Nyeri Central,Tetu,-0.4333,36.8833,0
KEN4525,2014-09-02,2014,Protests,Peaceful protest,Protesters (Kenya),,Kenya,Bungoma,Webuye West,Misikhu,0.7358,34.6898,0
KEN4530,2014-09-04,2014,Protests,Peaceful protest,Protesters (Kenya),,Kenya,Narok,Narok East,Duka Moja,-1.1171,36.2435,0
KEN4534,2014-09-07,2014,Riots,Mob violence,Rioters (Kenya),Civilians (Kenya),Kenya,Laikipia,Laikipia West,Kiamburi,0.477,36.2933,1
KEN4537,2014-09-09,2014,Riots,Violent demonstration,Rioters (Kenya),,Kenya,Kiambu,Juja,Juja,-1.1833,37.1167,0
KEN4540,2014-09-10,2014,Riots,Violent demonstration,Rioters (Kenya),,Kenya,Kiambu,Juja,Juja,-1.1833,37.1167,0
KEN4542,2014-09-10,2014,Riots,Mob violence,Rioters (Kenya),Rioters (Kenya),Kenya,Bomet,Bomet East,Bomet,-0.7833,35.35,0
KEN4545,2014-09-12,2014,Riots,Mob violence,Rioters (Kenya),Civilians (Kenya),Kenya,Kericho,Kipkelion East,Kedowa,-0.233,35.5562,1
KEN4547,2014-09-14,2014,Protests,Peaceful protest,Protesters (Kenya),,Kenya,Kisumu,Kisumu Central,Kisumu,-0.1,34.75,0
KEN4548,2014-09-14,2014,Protests,Peaceful protest,Protesters (Kenya),,Kenya,Taita Taveta,Voi,Voi,-3.3961,38.5561,0
KEN4550,2014-09-16,2014,Riots,Mob violence,Rioters (Kenya),Civilians (Kenya),Kenya,Kwale,Msambweni,Gombato,-4.2708,39.5653,1
KEN4551,2014-09-17,2014,Riots,Mob violence,Rioters (Kenya),Unidentified Armed Group (Kenya),Kenya,Kitui,Kitui Central,Kitui,-1.3667,38.0167,0
KEN4552,2014-09-17,2014,Protests,Peaceful protest,Protesters (Kenya),,Kenya,Nandi,Chesumei,Kapsabet,0.2039,35.105,0
KEN4556,2014-09-18,2014,Riots,Mob violence,Rioters (Kenya),Civilians (Kenya),Kenya,Baringo,Baringo Central,Kabarnet,0.4919,35.743,1
KEN4558,2014-09-22,2014,Protests,Peaceful protest,Protesters (Kenya),,Kenya,Baringo,Baringo Central,Kabarnet,0.4919,35.743,0
KEN4562,2014-09-27,2014,Riots,Violent demonstration,Rioters (Kenya),,Kenya,Nyeri,Nyeri South,Othaya,-0.5666,36.95,0
KEN4564,2014-09-29,2014,Protests,Peaceful protest,Protesters (Kenya),,Kenya,Kiambu,Gatundu North,Mukuruwe,-1.0167,36.95,0
KEN4565,2014-09-29,2014,Protests,Peaceful protest,Protesters (Kenya),,Kenya,Kiambu,Ruiru,Ruiru,-1.15,36.9667,0
KEN4516,2014-08-24,2014,Violence against civilians,Attack,Unidentified Armed Group (Kenya),Civilians (Kenya),Kenya,Mandera,Mandera East,Mandera,3.9357,41.8542,0
KEN4538,2014-09-09,2014,Protests,Peaceful protest,Protesters (Kenya),,Kenya,Kilifi,Kilifi North,Kilifi,-3.633,39.85,0
KEN4560,2014-09-25,2014,Protests,Peaceful protest,Protesters (Kenya),,Kenya,Nyeri,Nyeri South,Othaya,-0.5666,36.95,0
KEN4510,2014-08-22,2014,Battles,Armed clash,Samburu Ethnic Militia (Kenya),Borana Ethnic Militia (Kenya),Kenya,Meru,Tigania West,Seketani,0.372,37.6073,4
KEN4553,2014-09-18,2014,Explosions/Remote violence,Grenade,Unidentified Armed Group (Kenya),Civilians (Kenya),Kenya,Wajir,Wajir East,Wajir,1.75,40.06,8
KEN4563,2014-09-28,2014,Protests,Peaceful protest,Protesters (Kenya),,Kenya,Uasin Gishu,Moiben,Eldoret,0.5167,35.2833,0
KEN4549,2014-09-15,2014,Protests,Peaceful protest,Protesters (Kenya),,Kenya,Kakamega,Lurambi,Kakamega,0.2833,34.7384,0
KEN4561,2014-09-26,2014,Explosions/Remote violence,Grenade,Unidentified Armed Group (Kenya),Civilians (Kenya),Kenya,Garissa,Garissa,Garissa,-0.4536,39.6461,0
KEN4557,2014-09-21,2014,Violence against civilians,Attack,Turkana Ethnic Militia (Kenya),Civilians (Kenya),Kenya,West Pokot,West Pokot,Kapenguria,1.2333,35.1167,1
KEN4531,2014-09-04,2014,Protests,Peaceful protest,Protesters (Kenya),,Kenya,Machakos,Machakos,Machakos,-1.5167,37.2667,0
KEN4541,2014-09-10,2014,Protests,Peaceful protest,Protesters (Kenya),,Kenya,Migori,Suna West,Migori,-1.0667,34.4667,0
KEN4527,2014-09-03,2014,Protests,Peaceful protest,Protesters (Kenya),,Kenya,Migori,Suna West,Migori,-1.0667,34.4667,0
KEN4555,2014-09-18,2014,Violence against civilians,Attack,Unidentified Armed Group (Somalia),Civilians (Kenya),Kenya,Garissa,Garissa,Garissa,-0.4536,39.6461,1
KEN4568,2014-09-30,2014,Riots,Mob violence,Rioters (Kenya),Civilians (Kenya),Kenya,Kisumu,Muhoroni,Chemelil,-0.0877,35.126,1
KEN4523,2014-08-31,2014,Explosions/Remote violence,Grenade,Police Forces of Kenya (2013-2022),Al Shabaab,Kenya,Mandera,Mandera East,Mandera,3.9357,41.8542,0
KEN4526,2014-09-02,2014,Riots,Violent demonstration,Rioters (Kenya),Police Forces of Kenya (2013-2022),Kenya,Kirinyaga,Kirinyaga West,Sagana,-0.6655,37.2104,0
KEN4529,2014-09-03,2014,Protests,Protest with intervention,Protesters (Kenya),Police Forces of Kenya (2013-2022),Kenya,Machakos,Yatta,Matuu,-1.146,37.5475,0
KEN4533,2014-09-07,2014,Battles,Armed clash,Police Forces of Kenya (2013-2022),Unidentified Ethnic Militia (Kenya),Kenya,Mandera,Mandera North,Rhamu,3.9208,41.2192,1
KEN4546,2014-09-14,2014,Battles,Armed clash,Police Forces of Kenya (2013-2022),Al Shabaab,Kenya,Tana River,Galole,Bondeni,-1.6126,40.083,1
KEN4554,2014-09-18,2014,Riots,Violent demonstration,Rioters (Kenya),Police Forces of Kenya (2013-2022),Kenya,Garissa,Garissa,Garissa,-0.4536,39.6461,0
KEN4559,2014-09-23,2014,Protests,Excessive force against protesters,Police Forces of Kenya (2013-2022),Protesters (Kenya),Kenya,Makueni,Makueni,Wote,-1.7808,37.6288,0
KEN4567,2014-09-30,2014,Protests,Protest with intervention,Protesters (Kenya),Police Forces of Kenya (2013-2022),Kenya,Machakos,Machakos,Machakos,-1.5167,37.2667,0
KEN4511,2014-08-22,2014,Protests,Peaceful protest,Protesters (Kenya),,Kenya,Nairobi,Starehe,Nairobi,-1.283,36.817,0
KEN4536,2014-09-09,2014,Protests,Protest with intervention,Protesters (Kenya),Police Forces of Kenya (2013-2022),Kenya,Nairobi,Starehe,Nairobi,-1.283,36.817,0
KEN4539,2014-09-10,2014,Protests,Peaceful protest,Protesters (Kenya),,Kenya,Nairobi,Starehe,Nairobi,-1.283,36.817,0
KEN4544,2014-09-11,2014,Protests,Peaceful protest,Protesters (Kenya),,Kenya,Nairobi,Starehe,Nairobi,-1.283,36.817,0
KEN4566,2014-09-30,2014,Riots,Violent demonstration,Rioters (Kenya),,Kenya,Nairobi,Starehe,Nairobi,-1.283,36.817,0
KEN4532,2014-09-05,2014,Protests,Peaceful protest,Protesters (Kenya),,Kenya,Nairobi,Roysambu,Nairobi - Roysambu,-1.2067,36.8888,0
KEN4535,2014-09-08,2014,Protests,Peaceful protest,Protesters (Kenya),,Kenya,Nairobi,Roysambu,Nairobi - Roysambu,-1.2067,36.8888,0
KEN4520,2014-08-26,2014,Battles,Armed clash,Police Forces of Kenya (2013-2022),Al Shabaab,Kenya,Mombasa,Mvita,Mombasa,-4.0547,39.6636,1
KEN4528,2014-09-03,2014,Riots,Violent demonstration,Rioters (Somalia),Police Forces of Kenya (2013-2022),Kenya,Nairobi,Kasarani,Nairobi - Kasarani,-1.2254,36.8977,0
KEN4514,2014-08-23,2014,Battles,Armed clash,Garre Clan Militia (Kenya),Degodia Clan Militia (Kenya),Kenya,Mandera,Mandera North,Rhamu,3.9208,41.2192,20
KEN4515,2014-08-24,2014,Battles,Armed clash,Garre Clan Militia (Kenya),Degodia Clan Militia (Kenya),Kenya,Mandera,Mandera North,Rhamu,3.9208,41.2192,2
KEN4519,2014-08-26,2014,Violence against civilians,Attack,Garre Clan Militia (Ethiopia),Civilians (Kenya),Kenya,Mandera,Banissa,Banissa,3.9439,40.3445,8
KEN4543,2014-09-10,2014,Violence against civilians,Attack,Degodia Clan Militia (Kenya),Civilians (Kenya),Kenya,Mandera,Mandera East,Darkale,3.9333,41.8667,2
KEN21245,2014-09-18,2014,Riots,Mob violence,Rioters (Kenya),Civilians (Kenya),Kenya,Bungoma,Tongaren,Namatore,0.7532,35.0073,0
KEN21246,2014-09-10,2014,Riots,Mob violence,Rioters (Kenya),Civilians (Kenya),Kenya,Bungoma,Kanduyi,Bungoma,0.5635,34.5606,1
KEN4625,2014-11-06,2014,Protests,Peaceful protest,Protesters (Kenya),,Kenya,Turkana,Turkana Central,Lodwar,3.1191,35.5973,0
KEN4612,2014-11-01,2014,Violence against civilians,Attack,Garjel Communal Militia (Kenya),Civilians (Kenya),Kenya,Tana River,Garsen,Kipini,-2.5257,40.5262,1
KEN4575,2014-10-06,2014,Riots,Mob violence,Rioters (Kenya),Civilians (Kenya),Kenya,Embu,Manyatta,Embu,-0.5333,37.45,1
KEN4576,2014-10-07,2014,Protests,Peaceful protest,Protesters (Kenya),,Kenya,Kiambu,Kiambu Town,Kiambu,-1.1667,36.8333,0
KEN4577,2014-10-07,2014,Riots,Mob violence,Rioters (Kenya),Civilians (Kenya),Kenya,Elgeyo Marakwet,Keiyo North,Iten,0.6702,35.5077,0
KEN4578,2014-10-08,2014,Protests,Peaceful protest,Protesters (Kenya),,Kenya,Kiambu,Lari,Kinale,-1.0255,36.6323,0
KEN4583,2014-10-10,2014,Violence against civilians,Abduction/forced disappearance,Al Shabaab,Civilians (Kenya),Kenya,Lamu,Lamu East,Milimani,-1.7758,40.8375,0
KEN4585,2014-10-13,2014,Riots,Violent demonstration,Rioters (Kenya),,Kenya,Kiambu,Limuru,Kwambira,-1.1087,36.6424,0
KEN4589,2014-10-15,2014,Protests,Peaceful protest,Protesters (Kenya),,Kenya,West Pokot,West Pokot,Makutano,1.2577,35.0927,0
KEN4591,2014-10-17,2014,Protests,Peaceful protest,Protesters (Kenya),,Kenya,Lamu,Lamu West,Lamu,-2.2717,40.902,0
KEN4600,2014-10-25,2014,Protests,Peaceful protest,Protesters (Kenya),,Kenya,Vihiga,Vihiga,Majengo,0.0333,34.7167,0
KEN4602,2014-10-27,2014,Protests,Peaceful protest,Protesters (Kenya),,Kenya,Kilifi,Malindi,Malindi,-3.22,40.12,0
KEN4607,2014-10-28,2014,Riots,Mob violence,Rioters (Kenya),Civilians (Kenya),Kenya,Embu,Manyatta,Embu,-0.5333,37.45,1
KEN4608,2014-10-28,2014,Riots,Mob violence,Rioters (Kenya),Civilians (Kenya),Kenya,Nyandarua,Olkalou,Ol Kalou,-0.2709,36.3792,1
KEN4614,2014-11-01,2014,Riots,Violent demonstration,Rioters (Kenya),,Kenya,Kiambu,Juja,Juja,-1.1833,37.1167,0
KEN4618,2014-11-04,2014,Protests,Peaceful protest,Protesters (Kenya),,Kenya,Homa Bay,Homa Bay Town,Homa Bay,-0.5273,34.4571,0
KEN4619,2014-11-04,2014,Protests,Peaceful protest,Protesters (Kenya),,Kenya,Elgeyo Marakwet,Keiyo North,Iten,0.6702,35.5077,0
KEN4622,2014-11-05,2014,Protests,Peaceful protest,Protesters (Kenya),,Kenya,Uasin Gishu,Kesses,Cheptiret,0.3363,35.3634,0
KEN4569,2014-10-02,2014,Protests,Peaceful protest,Protesters (Kenya),,Kenya,Nyeri,Nyeri Central,Nyeri,-0.4167,36.95,0
KEN4571,2014-10-03,2014,Protests,Peaceful protest,Protesters (Kenya),,Kenya,Nyeri,Nyeri Central,Nyeri,-0.4167,36.95,0
KEN4596,2014-10-22,2014,Protests,Peaceful protest,Protesters (Kenya),,Kenya,Uasin Gishu,Moiben,Eldoret,0.5167,35.2833,0
KEN4606,2014-10-28,2014,Protests,Peaceful protest,Protesters (Kenya),,Kenya,Trans Nzoia,Saboti,Kitale,1.0167,35,0
KEN4623,2014-11-05,2014,Protests,Peaceful protest,Protesters (Kenya),,Kenya,Turkana,Turkana Central,Lodwar,3.1191,35.5973,0
KEN4629,2014-11-11,2014,Battles,Armed clash,Samburu Ethnic Militia (Kenya),Turkana Ethnic Militia (Kenya),Kenya,Isiolo,Isiolo,Isiolo,0.3546,37.5822,8
KEN4574,2014-10-05,2014,Riots,Mob violence,Rioters (Kenya),Civilians (Kenya),Kenya,Embu,Manyatta,Embu,-0.5333,37.45,1
KEN4593,2014-10-20,2014,Riots,Mob violence,Rioters (Kenya),Rioters (Kenya),Kenya,Kirinyaga,Kirinyaga Central,Kerugoya,-0.4989,37.2803,0
KEN4628,2014-11-09,2014,Battles,Armed clash,Nandi Ethnic Militia (Kenya),Luhya Ethnic Militia (Kenya),Kenya,Kakamega,Lurambi,Kakamega,0.2833,34.7384,1
KEN4605,2014-10-28,2014,Protests,Peaceful protest,Protesters (Kenya),,Kenya,West Pokot,West Pokot,Kapenguria,1.2333,35.1167,0
KEN4598,2014-10-22,2014,Explosions/Remote violence,Grenade,Unidentified Armed Group (Kenya),Civilians (Kenya),Kenya,Garissa,Garissa,Garissa,-0.4536,39.6461,0
KEN4588,2014-10-15,2014,Protests,Peaceful protest,Protesters (Kenya),,Kenya,Narok,Transmara West,Kilgoris,-1.0077,34.8806,0
KEN4601,2014-10-27,2014,Protests,Peaceful protest,Protesters (Kenya),,Kenya,Kirinyaga,Kirinyaga Central,Kerugoya,-0.4989,37.2803,0
KEN4587,2014-10-15,2014,Protests,Peaceful protest,Protesters (Kenya),,Kenya,West Pokot,West Pokot,Kapenguria,1.2333,35.1167,0
KEN4579,2014-10-09,2014,Battles,Armed clash,Maasai Ethnic Militia (Kenya),Maasai Ethnic Militia (Kenya),Kenya,Nakuru,Nakuru North,Nakuru,-0.2441,36.142,1
KEN4580,2014-10-09,2014,Protests,Peaceful protest,Protesters (Kenya),,Kenya,Nyandarua,Kinangop,Kinangop,-0.7308,36.6591,0
KEN7946,2014-10-15,2014,Riots,Mob violence,Rioters (Kenya),Civilians (Kenya),Kenya,Mombasa,Kisauni,Kisauni,-4.0333,39.6833,0
KEN7948,2014-10-15,2014,Riots,Mob violence,Rioters (Kenya),Civilians (Kenya),Kenya,Mombasa,Kisauni,Kisauni,-4.0333,39.6833,0
KEN4582,2014-10-10,2014,Protests,Peaceful protest,Protesters (Kenya),,Kenya,Busia,Teso North,Kakurikit,0.7167,34.35,0
KEN4581,2014-10-09,2014,Riots,Violent demonstration,Rioters (Kenya),Police Forces of Kenya (2013-2022),Kenya,Kisumu,Kisumu West,Maseno,-0.0042,34.6095,0
KEN4586,2014-10-15,2014,Explosions/Remote violence,Remote explosive/landmine/IED,Unidentified Armed Group (Kenya),Civilians (Kenya),Kenya,Mandera,Mandera North,Rhamu,3.9208,41.2192,0
KEN4590,2014-10-17,2014,Battles,Armed clash,Police Forces of Kenya (2013-2022),Al Shabaab,Kenya,Garissa,Dadaab,Liboi,0.3534,40.8723,1
KEN4592,2014-10-18,2014,Battles,Armed clash,Military Forces of Kenya (2013-2022),Al Shabaab,Kenya,Mandera,Mandera East,Mandera,3.9357,41.8542,5
KEN4594,2014-10-21,2014,Riots,Violent demonstration,Rioters (Kenya),Police Forces of Kenya (2013-2022),Kenya,Nyeri,Nyeri Central,Nyeri,-0.4167,36.95,0
KEN4595,2014-10-22,2014,Battles,Armed clash,Police Forces of Kenya (2013-2022),Kapedo Communal Militia (Kenya),Kenya,Baringo,Tiaty,Kapedo,1.1692,36.0955,5
KEN4604,2014-10-28,2014,Protests,Protest with intervention,Protesters (Kenya),Police Forces of Kenya (2013-2022),Kenya,Lamu,Lamu West,Lamu,-2.2717,40.902,0
KEN4610,2014-10-29,2014,Protests,Protest with intervention,Protesters (Kenya),Police Forces of Kenya (2013-2022),Kenya,Lamu,Lamu West,Lamu,-2.2717,40.902,0
KEN4613,2014-11-01,2014,Battles,Armed clash,Pokot Ethnic Militia (Kenya),Police Forces of Kenya (2013-2022),Kenya,Baringo,Tiaty,Kapedo,1.1692,36.0955,24
KEN4617,2014-11-03,2014,Riots,Mob violence,Rioters (Kenya),Police Forces of Kenya (2013-2022),Kenya,Lamu,Lamu West,Lamu,-2.2717,40.902,0
KEN4621,2014-11-05,2014,Battles,Armed clash,Military Forces of Kenya (2013-2022),Pokot Ethnic Militia (Kenya),Kenya,Baringo,Tiaty,Kapedo,1.1692,36.0955,6
KEN4624,2014-11-05,2014,Riots,Mob violence,Police Forces of Kenya (2013-2022),Rioters (Kenya),Kenya,Uasin Gishu,Kesses,Cheptiret,0.3363,35.3634,0
KEN4572,2014-10-04,2014,Protests,Peaceful protest,Protesters (Kenya),,Kenya,Nairobi,Starehe,Nairobi,-1.283,36.817,0
KEN4570,2014-10-03,2014,Riots,Violent demonstration,Rioters (Kenya),,Kenya,Taita Taveta,Voi,Voi,-3.3961,38.5561,0
KEN4584,2014-10-11,2014,Battles,Armed clash,Police Forces of Kenya (2013-2022),Al Shabaab,Kenya,Mombasa,Mvita,Mombasa,-4.0547,39.6636,1
KEN4597,2014-10-22,2014,Protests,Peaceful protest,Protesters (Kenya),,Kenya,Kwale,Lunga Lunga,Maguguni,-4.636,39.2078,0
KEN4599,2014-10-24,2014,Strategic developments,Other,Muslim Militia (Kenya),Civilians (Kenya),Kenya,Mombasa,Mvita,Mombasa,-4.0547,39.6636,0
KEN4615,2014-11-02,2014,Battles,Armed clash,Military Forces of Kenya (2013-2022),Al Shabaab,Kenya,Mombasa,Mvita,Mombasa,-4.0547,39.6636,6
KEN4616,2014-11-03,2014,Protests,Peaceful protest,Protesters (Kenya),,Kenya,Mombasa,Mvita,Mombasa,-4.0547,39.6636,0
KEN4620,2014-11-04,2014,Violence against civilians,Attack,Unidentified Armed Group (Kenya),Civilians (Kenya),Kenya,Mombasa,Mvita,Mombasa,-4.0547,39.6636,1
KEN4626,2014-11-08,2014,Violence against civilians,Attack,Unidentified Armed Group (Kenya),Civilians (Kenya),Kenya,Mombasa,Mvita,Mombasa,-4.0547,39.6636,1
KEN4627,2014-11-09,2014,Riots,Violent demonstration,Rioters (Kenya),Police Forces of Kenya (2013-2022),Kenya,Mombasa,Mvita,Mombasa,-4.0547,39.6636,1
KEN4603,2014-10-31,2014,Battles,Armed clash,Nuer Ethnic Militia (South Sudan),Dinka Ethnic Militia (South Sudan),Kenya,Turkana,Turkana West,Kakuma Refugee Camp,3.7524,34.8301,4
KEN4609,2014-11-01,2014,Battles,Armed clash,Nuer Ethnic Militia (South Sudan),Dinka Ethnic Militia (South Sudan),Kenya,Turkana,Turkana West,Kakuma Refugee Camp,3.7524,34.8301,4
KEN7928,2014-10-30,2014,Battles,Armed clash,Nuer Ethnic Militia (South Sudan),Dinka Ethnic Militia (South Sudan),Kenya,Turkana,Turkana West,Kakuma Refugee Camp,3.7524,34.8301,1
KEN4573,2014-10-04,2014,Violence against civilians,Attack,Rahanweyn-Digil-Garre Sub-Clan Militia (Somalia),Civilians (Kenya),Kenya,Mandera,Mandera East,Mandera,3.9357,41.8542,1
KEN19116,2014-10-04,2014,Violence against civilians,Attack,Unidentified Armed Group (Kenya),Civilians (Kenya),Kenya,Nairobi,Embakasi West,Nairobi - Embakasi West,-1.2692,36.8917,1
KEN21235,2014-10-20,2014,Battles,Armed clash,Pokot Ethnic Militia (Kenya),Police Forces of Kenya (2013-2022) General Service Unit,Kenya,Turkana,Turkana East,Lokori,1.9516,36.0358,0
KEN21236,2014-10-25,2014,Battles,Armed clash,Pokot Ethnic Militia (Kenya),Police Forces of Kenya (2013-2022) General Service Unit,Kenya,Baringo,Tiaty,Kapedo,1.1692,36.0955,4
KEN4674,2014-12-21,2014,Battles,Armed clash,Unidentified Armed Group (Kenya),Private Security Forces (Kenya),Kenya,Kwale,Msambweni,Diani,-4.279,39.594,1
KEN4675,2014-12-21,2014,Explosions/Remote violence,Grenade,Unidentified Armed Group (Kenya),Civilians (Kenya),Kenya,Mandera,Mandera East,Mandera,3.9357,41.8542,0
KEN4673,2014-12-20,2014,Strategic developments,Other,Al Shabaab,Civilians (Kenya),Kenya,Lamu,Lamu West,Nyangoro,-2.3287,40.3231,0
KEN4669,2014-12-17,2014,Battles,Armed clash,Maasai Ethnic Militia (Kenya),Somali Ethnic Militia (Kenya),Kenya,Kwale,Kinango,Kizingo,-3.9667,39.2167,5
KEN4667,2014-12-16,2014,Battles,Armed clash,Maasai Ethnic Militia (Kenya),Somali Ethnic Militia (Kenya),Kenya,Kwale,Kinango,Kizingo,-3.9667,39.2167,5
KEN4660,2014-12-08,2014,Violence against civilians,Attack,Nandi Ethnic Militia (Kenya),Civilians (Kenya),Kenya,Kakamega,Malava,Obasari,0.422,34.9313,0
KEN4635,2014-11-17,2014,Protests,Peaceful protest,Protesters (Kenya),,Kenya,Taita Taveta,Mwatate,Mwatate,-3.4995,38.3762,0
KEN4630,2014-11-12,2014,Riots,Mob violence,Rioters (Kenya),Civilians (Kenya),Kenya,Tharaka-Nithi,Chuka,Chuka,-0.3333,37.65,0
KEN4637,2014-11-17,2014,Protests,Peaceful protest,Protesters (Kenya),,Kenya,Bungoma,Kanduyi,Bungoma,0.5635,34.5606,0
KEN4642,2014-11-21,2014,Riots,Mob violence,Rioters (Kenya),Civilians (Kenya),Kenya,Embu,Manyatta,Embu,-0.5333,37.45,1
KEN4645,2014-11-27,2014,Riots,Violent demonstration,Rioters (Kenya),,Kenya,Nyandarua,Kinangop,Nyandarua,-0.55,36.6167,0
KEN4650,2014-12-01,2014,Explosions/Remote violence,Shelling/artillery/missile attack,Al Shabaab,Civilians (Kenya),Kenya,Wajir,Wajir East,Wajir,1.75,40.06,1
KEN4653,2014-12-03,2014,Protests,Peaceful protest,Protesters (Kenya),,Kenya,Narok,Narok North,Narok,-1.0783,35.8601,0
KEN4656,2014-12-04,2014,Protests,Peaceful protest,Protesters (Kenya),,Kenya,Elgeyo Marakwet,Keiyo North,Iten,0.6702,35.5077,0
KEN4657,2014-12-05,2014,Protests,Peaceful protest,Protesters (Kenya),,Kenya,Machakos,Yatta,Matuu,-1.146,37.5475,0
KEN4662,2014-12-10,2014,Riots,Mob violence,Rioters (Kenya),Civilians (Kenya),Kenya,Vihiga,Vihiga,Vihiga,0.0802,34.7237,6
KEN4665,2014-12-14,2014,Protests,Peaceful protest,Protesters (Kenya),,Kenya,Turkana,Turkana South,Kainuk,1.7745,35.506,0
KEN4670,2014-12-17,2014,Riots,Mob violence,Rioters (Kenya),Civilians (Kenya),Kenya,Embu,Mbeere North,Ryando,-0.5333,37.5833,1
KEN4671,2014-12-19,2014,Protests,Peaceful protest,Protesters (Kenya),,Kenya,Nandi,Chesumei,Kapsabet,0.2039,35.105,0
KEN4672,2014-12-19,2014,Riots,Mob violence,Rioters (Kenya),Civilians (Kenya),Kenya,Kilifi,Kaloleni,Kaloleni,-3.8167,39.6269,1
KEN4640,2014-11-21,2014,Violence against civilians,Attack,Al Shabaab,Civilians (Kenya),Kenya,Mandera,Mandera East,Omar Jilo,3.7938,41.7167,28
KEN4661,2014-12-09,2014,Riots,Violent demonstration,Rioters (Kenya),,Kenya,Bungoma,Kanduyi,Bungoma,0.5635,34.5606,0
KEN4639,2014-11-19,2014,Battles,Armed clash,Unidentified Ethnic Militia (Kenya),Unidentified Ethnic Militia (Kenya),Kenya,Marsabit,North Horr,Dukana,3.9902,37.2659,4
KEN4651,2014-12-01,2014,Explosions/Remote violence,Shelling/artillery/missile attack,Al Shabaab,Civilians (Kenya),Kenya,Mandera,Mandera East,Koromi,3.9199,41.8443,36
KEN4655,2014-12-03,2014,Violence against civilians,Attack,Al Shabaab,Civilians (Kenya),Kenya,Garissa,Lagdera,Mado Gashi,0.7305,39.1724,15
KEN4641,2014-11-21,2014,Protests,Peaceful protest,Protesters (Kenya),,Kenya,Nyandarua,Olkalou,Gilgil,-0.2167,36.2667,0
KEN4652,2014-12-03,2014,Explosions/Remote violence,Grenade,Unidentified Armed Group (Kenya),Civilians (Kenya),Kenya,Garissa,Garissa,Garissa,-0.4536,39.6461,0
KEN4638,2014-11-17,2014,Violence against civilians,Attack,Unidentified Armed Group (Kenya),Civilians (Kenya),Kenya,Mombasa,Kisauni,Kisauni,-4.0333,39.6833,4
KEN4648,2014-11-30,2014,Explosions/Remote violence,Grenade,Unidentified Armed Group (Kenya),Civilians (Kenya),Kenya,Garissa,Garissa,Garissa,-0.4536,39.6461,0
KEN4632,2014-11-16,2014,Violence against civilians,Attack,Police Forces of Kenya (2013-2022),Civilians (Kenya),Kenya,Mombasa,Kisauni,Kisauni,-4.0333,39.6833,1
KEN4647,2014-11-29,2014,Battles,Armed clash,Police Forces of Kenya (2013-2022),Al Shabaab,Kenya,Garissa,Dadaab,Dadaab Refugee Camp,0.0514,40.3142,1
KEN4649,2014-11-30,2014,Riots,Violent demonstration,Rioters (Kenya),Police Forces of Kenya (2013-2022),Kenya,Siaya,Gem,Yala,0.0991,34.5376,0
KEN4658,2014-12-06,2014,Riots,Mob violence,Rioters (Kenya),Police Forces of Kenya (2013-2022),Kenya,Nakuru,Nakuru North,Nakuru,-0.2441,36.142,0
KEN4659,2014-12-08,2014,Strategic developments,Disrupted weapons use,Military Forces of Kenya (2013-2022),Unidentified Armed Group (Kenya),Kenya,Nyandarua,Olkalou,Gilgil,-0.2167,36.2667,0
KEN4663,2014-12-11,2014,Battles,Armed clash,Police Forces of Kenya (2013-2022),Unidentified Armed Group (Kenya),Kenya,Kilifi,Kilifi North,Kilifi,-3.633,39.85,1
KEN4676,2014-12-22,2014,Battles,Armed clash,Police Forces of Kenya (2013-2022),Al Shabaab,Kenya,Wajir,Wajir East,Wajir,1.75,40.06,1
KEN4631,2014-11-14,2014,Protests,Peaceful protest,Protesters (Kenya),,Kenya,Nairobi,Starehe,Nairobi,-1.283,36.817,0
KEN4636,2014-11-17,2014,Riots,Violent demonstration,Rioters (Kenya),,Kenya,Nairobi,Starehe,Nairobi,-1.283,36.817,0
KEN4646,2014-11-27,2014,Protests,Peaceful protest,Protesters (Kenya),,Kenya,Nairobi,Starehe,Nairobi,-1.283,36.817,0
KEN4666,2014-12-15,2014,Strategic developments,Disrupted weapons use,Unidentified Armed Group (Kenya),Police Forces of Kenya (2013-2022),Kenya,Nairobi,Starehe,Nairobi,-1.283,36.817,0
KEN7949,2014-12-15,2014,Riots,Mob violence,Rioters (Kenya),Civilians (Uganda),Kenya,Nairobi,Starehe,Nairobi,-1.283,36.817,0
KEN4668,2014-12-16,2014,Battles,Armed clash,Maasai Ethnic Militia (Kenya),Kikuyu Ethnic Militia (Kenya),Kenya,Nakuru,Gilgil,Eburu,-0.5887,36.2361,0
KEN7938,2014-11-15,2014,Violence against civilians,Sexual violence,Police Forces of Kenya (2013-2022),Civilians (Kenya),Kenya,Mombasa,Mvita,Mombasa,-4.0547,39.6636,0
KEN4644,2014-11-26,2014,Protests,Peaceful protest,Protesters (Kenya),,Kenya,Nairobi,Starehe,Nairobi - Starehe,-1.2881,36.8236,0
KEN4643,2014-11-25,2014,Protests,Protest with intervention,Protesters (Kenya),Police Forces of Kenya (2013-2022),Kenya,Nairobi,Starehe,Nairobi - Starehe,-1.2881,36.8236,0
KEN4654,2014-12-03,2014,Riots,Violent demonstration,Rioters (Kenya),Police Forces of Kenya (2013-2022),Kenya,Kitui,Mwingi Central Sub- County,Mwingi,-0.9333,38.0667,0
KEN4664,2014-12-14,2014,Battles,Armed clash,Pokot Ethnic Militia (Kenya),Tugen Ethnic Militia (Kenya),Kenya,Baringo,Marigat,Chemoe,0.3167,35.8833,0
KEN4633,2014-11-17,2014,Protests,Peaceful protest,Protesters (Kenya),,Kenya,Nairobi,Starehe,Nairobi,-1.283,36.817,0
KEN4634,2014-11-17,2014,Riots,Mob violence,Rioters (Kenya),Civilians (Kenya),Kenya,Nairobi,Starehe,Nairobi,-1.283,36.817,0
KEN4714,2015-01-26,2015,Protests,Peaceful protest,Protesters (Kenya),,Kenya,Machakos,Athi River,Mlolongo,-1.3964,36.9403,0
KEN4681,2014-12-29,2014,Protests,Peaceful protest,Protesters (Kenya),,Kenya,Nyeri,Nyeri Central,Nyeri,-0.4167,36.95,0
KEN4682,2014-12-31,2014,Violence against civilians,Attack,Unidentified Armed Group (Kenya),Civilians (Kenya),Kenya,Embu,Mbeere North,Kangaru,-0.5333,37.6167,1
KEN4683,2015-01-03,2015,Protests,Peaceful protest,Protesters (Kenya),,Kenya,Bomet,Bomet East,Bomet,-0.7833,35.35,0
KEN4685,2015-01-05,2015,Battles,Armed clash,Pokot Ethnic Militia (Kenya),Private Security Forces (Kenya),Kenya,Baringo,Marigat,Marigat,0.4667,35.9833,1
KEN4688,2015-01-06,2015,Riots,Violent demonstration,Rioters (Kenya),Rioters (Kenya),Kenya,Muranga,Kiharu,Muranga,-0.7166,37.15,0
KEN4689,2015-01-07,2015,Protests,Peaceful protest,Protesters (Kenya),,Kenya,Laikipia,Laikipia East,Nanyuki,0.0167,37.0667,0
KEN4691,2015-01-08,2015,Protests,Peaceful protest,Protesters (Kenya),,Kenya,Kitui,Kitui Central,Kitui,-1.3667,38.0167,0
KEN4695,2015-01-12,2015,Protests,Peaceful protest,Protesters (Kenya),,Kenya,Nandi,Aldai,Kapkoi,0.0667,34.85,0
KEN4696,2015-01-12,2015,Protests,Peaceful protest,Protesters (Kenya),Protesters (Kenya),Kenya,Bomet,Bomet East,Bomet,-0.7833,35.35,0
KEN4697,2015-01-12,2015,Violence against civilians,Attack,Luhya Ethnic Militia (Kenya),Civilians (Kenya),Kenya,West Pokot,West Pokot,Kanyarkwat,1.267,34.917,1
KEN4698,2015-01-12,2015,Violence against civilians,Attack,Pokot Ethnic Militia (Kenya),Civilians (Kenya),Kenya,Bungoma,Webuye West,Namawanga,0.6833,34.7,1
KEN4700,2015-01-13,2015,Riots,Mob violence,Rioters (Kenya),Civilians (Kenya),Kenya,Kajiado,Kajiado North,Embulbul,-1.3362,36.6709,1
KEN4705,2015-01-17,2015,Riots,Violent demonstration,Rioters (Kenya),Rioters (Kenya),Kenya,Kilifi,Kilifi South,Mtwapa,-3.9499,39.745,0
KEN4708,2015-01-23,2015,Riots,Violent demonstration,Rioters (Kenya),,Kenya,Marsabit,Laisamis,Kargi,2.508,37.5776,0
KEN4709,2015-01-23,2015,Protests,Peaceful protest,Protesters (Kenya),,Kenya,Busia,Teso North,Amagoro,0.6333,34.3333,0
KEN4710,2015-01-24,2015,Battles,Armed clash,Kikuyu Ethnic Militia (Kenya),Maasai Ethnic Militia (Kenya),Kenya,Nakuru,Naivasha,Naivasha,-0.7202,36.4285,3
KEN4711,2015-01-24,2015,Riots,Violent demonstration,Rioters (Kenya),,Kenya,Marsabit,Laisamis,Kargi,2.508,37.5776,0
KEN4712,2015-01-25,2015,Riots,Violent demonstration,Rioters (Kenya),,Kenya,Marsabit,Laisamis,Kargi,2.508,37.5776,0
KEN4715,2015-01-26,2015,Riots,Violent demonstration,Rioters (Kenya),,Kenya,Marsabit,Laisamis,Kargi,2.508,37.5776,0
KEN4722,2015-02-02,2015,Protests,Peaceful protest,Protesters (Kenya),,Kenya,Nandi,Chesumei,Kapsabet,0.2039,35.105,0
KEN4720,2015-01-29,2015,Protests,Peaceful protest,Protesters (Kenya),,Kenya,Wajir,Wajir East,Wajir,1.75,40.06,0
KEN4686,2015-01-05,2015,Protests,Peaceful protest,Protesters (Kenya),,Kenya,Kisumu,Kisumu Central,Kisumu,-0.1,34.75,0
KEN4690,2015-01-07,2015,Protests,Peaceful protest,Protesters (Kenya),,Kenya,Meru,Imenti North,Meru,0.05,37.65,0
KEN4678,2014-12-25,2014,Violence against civilians,Attack,Unidentified Armed Group (Kenya),Civilians (Kenya),Kenya,Garissa,Garissa,Garissa,-0.4536,39.6461,2
KEN4677,2014-12-25,2014,Violence against civilians,Attack,Unidentified Armed Group (Kenya),Civilians (Kenya),Kenya,Garissa,Garissa,Garissa,-0.4536,39.6461,1
KEN4704,2015-01-16,2015,Riots,Violent demonstration,Rioters (Kenya),Civilians (Kenya),Kenya,Narok,Transmara West,Enoosaen,-1.0189,34.7378,0
KEN4725,2015-02-03,2015,Riots,Mob violence,Rioters (Kenya),Civilians (Kenya),Kenya,Homa Bay,Suba,Sindo,-0.538,34.1646,1
KEN4687,2015-01-06,2015,Protests,Peaceful protest,Protesters (Kenya),,Kenya,Machakos,Machakos,Machakos,-1.5167,37.2667,0
KEN4717,2015-01-26,2015,Riots,Mob violence,Rioters (Kenya),Civilians (Kenya),Kenya,Homa Bay,Rangwe,Rangwe,-0.6003,34.5835,1
KEN7950,2015-02-03,2015,Riots,Mob violence,Rioters (Kenya),Civilians (Kenya),Kenya,Kwale,Msambweni,Diani,-4.279,39.594,0
KEN4680,2014-12-28,2014,Riots,Mob violence,Rioters (Kenya),Civilians (Kenya),Kenya,Kisumu,Seme,Nyatigo,-0.1167,34.4833,1
KEN4679,2014-12-28,2014,Riots,Mob violence,Police Forces of Kenya (2013-2022),Rioters (Kenya),Kenya,Muranga,Kiharu,Muranga,-0.7166,37.15,0
KEN4692,2015-01-08,2015,Riots,Mob violence,Rioters (Kenya),Police Forces of Kenya (2013-2022),Kenya,Nakuru,Naivasha,Naivasha,-0.7202,36.4285,0
KEN4693,2015-01-09,2015,Protests,Excessive force against protesters,Police Forces of Kenya (2013-2022),Protesters (Kenya),Kenya,Nakuru,Njoro,Mau Narok,-0.6,36,0
KEN4713,2015-01-26,2015,Riots,Violent demonstration,Rioters (Kenya),Police Forces of Kenya (2013-2022),Kenya,Narok,Narok North,Narok,-1.0783,35.8601,2
KEN4718,2015-01-28,2015,Riots,Violent demonstration,Rioters (Kenya),Police Forces of Kenya (2013-2022),Kenya,Narok,Narok North,Narok,-1.0783,35.8601,0
KEN4721,2015-01-29,2015,Riots,Violent demonstration,Rioters (Kenya),Police Forces of Kenya (2013-2022),Kenya,Narok,Narok North,Narok,-1.0783,35.8601,0
KEN4732,2015-02-02,2015,Battles,Armed clash,Unidentified Armed Group (Kenya),Police Forces of Kenya (2013-2022),Kenya,Nairobi,Starehe,Nairobi - Starehe,-1.2881,36.8236,4
KEN4684,2015-01-04,2015,Protests,Peaceful protest,Protesters (Kenya),,Kenya,Nairobi,Westlands,Nairobi - Westlands,-1.2379,36.7879,0
KEN4703,2015-01-15,2015,Riots,Mob violence,Rioters (Kenya),Civilians (Kenya),Kenya,Nairobi,Roysambu,Nairobi - Roysambu,-1.2067,36.8888,4
KEN4706,2015-01-18,2015,Riots,Violent demonstration,Rioters (Kenya),Police Forces of Kenya (2013-2022),Kenya,Nairobi,Langata,Nairobi - Langata,-1.3508,36.7589,0
KEN4716,2015-01-26,2015,Protests,Peaceful protest,Protesters (Kenya),,Kenya,Nairobi,Makadara,Nairobi - Makadara,-1.2966,36.8672,0
KEN4694,2015-01-11,2015,Battles,Armed clash,Police Forces of Kenya (2013-2022),Unidentified Armed Group (Kenya),Kenya,Mombasa,Mvita,Mombasa,-4.0547,39.6636,1
KEN4707,2015-01-19,2015,Violence against civilians,Attack,Unidentified Armed Group (Kenya),Civilians (Kenya),Kenya,Mombasa,Likoni,Likoni,-4.0839,39.6616,1
KEN4702,2015-01-14,2015,Riots,Violent demonstration,Rioters (Kenya),Police Forces of Kenya (2013-2022) County Inspectorate Officers,Kenya,Machakos,Machakos,Machakos,-1.5167,37.2667,0
KEN4701,2015-01-14,2015,Battles,Armed clash,Military Forces of Kenya (2013-2022),Al Shabaab,Kenya,Lamu,Lamu East,Basuba,-1.7841,41.0404,9
KEN4719,2015-01-28,2015,Riots,Violent demonstration,Rioters (Kenya),Police Forces of Kenya (2013-2022),Kenya,Narok,Narok South,Olololunga,-1.003,35.664,0
KEN4724,2015-02-03,2015,Protests,Peaceful protest,Protesters (Kenya),,Kenya,Nairobi,Starehe,Nairobi - Starehe,-1.2881,36.8236,0
KEN4723,2015-02-02,2015,Riots,Violent demonstration,Rioters (Kenya),Police Forces of Kenya (2013-2022),Kenya,Nairobi,Starehe,Nairobi - Starehe,-1.2881,36.8236,0
KEN4699,2015-01-13,2015,Protests,Protest with intervention,Protesters (Kenya),Police Forces of Kenya (2013-2022),Kenya,Nairobi,Westlands,Nairobi - Westlands,-1.2379,36.7879,0
KEN19721,2015-01-15,2015,Strategic developments,Arrests,Police Forces of Kenya (2013-2022),Civilians (Kenya),Kenya,Mombasa,Mvita,Mombasa,-4.0547,39.6636,0
KEN4762,2015-03-04,2015,Riots,Mob violence,Rioters (Kenya),Civilians (Somalia),Kenya,Mandera,Mandera East,Mandera,3.9357,41.8542,0
KEN4751,2015-02-25,2015,Violence against civilians,Attack,Al Shabaab,Civilians (Somalia),Kenya,Mandera,Mandera East,Mandera,3.9357,41.8542,1
KEN4726,2015-02-04,2015,Violence against civilians,Attack,Pokot Ethnic Militia (Kenya),Civilians (Kenya),Kenya,Turkana,Turkana East,Lomelo,1.5,35.9167,4
KEN4729,2015-02-05,2015,Explosions/Remote violence,Grenade,Unidentified Armed Group (Kenya),Civilians (Kenya),Kenya,Mandera,Mandera East,Mandera,3.9357,41.8542,0
KEN4733,2015-02-07,2015,Riots,Violent demonstration,Rioters (Kenya),,Kenya,Nakuru,Molo,Molo,-0.248,35.737,0
KEN4734,2015-02-10,2015,Protests,Peaceful protest,Protesters (Kenya),,Kenya,Kiambu,Kabete,Wangige,-1.2167,36.7167,0
KEN4739,2015-02-15,2015,Protests,Peaceful protest,Protesters (Kenya),,Kenya,Laikipia,Laikipia East,Umande,0.1,37.15,0
KEN4740,2015-02-15,2015,Riots,Mob violence,Rioters (Kenya),Civilians (Kenya),Kenya,Kitui,Mwingi North,Tharaka,-0.3086,38.0269,0
KEN4743,2015-02-18,2015,Riots,Mob violence,Rioters (Kenya),Civilians (Kenya),Kenya,Bungoma,Kabuchai,Chekulo,0.6459,34.6569,1
KEN4744,2015-02-19,2015,Riots,Violent demonstration,Rioters (Kenya),,Kenya,Uasin Gishu,Moiben,Eldoret,0.5167,35.2833,0
KEN4745,2015-02-19,2015,Protests,Peaceful protest,Protesters (Kenya),,Kenya,Taita Taveta,Voi,Voi,-3.3961,38.5561,0
KEN4752,2015-02-25,2015,Battles,Armed clash,Pokot Ethnic Militia (Kenya),Tugen Ethnic Militia (Kenya),Kenya,Baringo,Marigat,Marigat,0.4667,35.9833,1
KEN4753,2015-02-25,2015,Protests,Peaceful protest,Protesters (Kenya),,Kenya,Kisii,Nyaribari Chache,Kisii,-0.6833,34.7667,0
KEN4754,2015-02-25,2015,Protests,Peaceful protest,Protesters (Kenya),,Kenya,Nyandarua,Ndaragwa,Leshau,0.0138,36.4483,0
KEN4755,2015-02-25,2015,Protests,Peaceful protest,Protesters (Kenya),,Kenya,Kakamega,Mumias West,Mumias,0.3351,34.4864,0
KEN4756,2015-02-26,2015,Protests,Peaceful protest,Protesters (Kenya),,Kenya,Kakamega,Mumias West,Mumias,0.3351,34.4864,0
KEN4758,2015-03-01,2015,Riots,Mob violence,Rioters (Kenya),Civilians (Somalia),Kenya,Machakos,Kathiani,Kathiani,-1.4167,37.3333,3
KEN4759,2015-03-01,2015,Riots,Mob violence,Rioters (Kenya),Civilians (Somalia),Kenya,Machakos,Kathiani,Kituvu,-1.5,37.3167,1
KEN4760,2015-03-02,2015,Riots,Violent demonstration,Rioters (Kenya),,Kenya,Laikipia,Laikipia West,Nyahururu,0.0333,36.3667,0
KEN4763,2015-03-04,2015,Protests,Peaceful protest,Protesters (Kenya),,Kenya,Elgeyo Marakwet,Marakwet West,Kapsowar,0.9805,35.5575,0
KEN4767,2015-03-09,2015,Battles,Armed clash,Unidentified Ethnic Militia (Kenya),Unidentified Ethnic Militia (Kenya),Kenya,Turkana,Turkana East,Kathanje,1.9789,36.0807,1
KEN4768,2015-03-09,2015,Protests,Peaceful protest,Protesters (Kenya),,Kenya,Kisii,Nyaribari Chache,Kisii,-0.6833,34.7667,0
KEN4770,2015-03-11,2015,Riots,Violent demonstration,Rioters (Kenya),,Kenya,West Pokot,Pokot South,Kamatira,1.2786,35.1679,0
KEN4771,2015-03-11,2015,Protests,Peaceful protest,Protesters (Kenya),,Kenya,Bungoma,Kanduyi,Bungoma,0.5635,34.5606,0
KEN4940,2015-03-10,2015,Battles,Armed clash,Military Forces of Uganda (1986-),Pirates (Tanzania),Kenya,Migori,Nyatike,Migingo Island,-0.8827,33.9385,3
KEN4761,2015-03-02,2015,Riots,Violent demonstration,Rioters (Kenya),,Kenya,Busia,Matayos,Busia,0.46,34.112,0
KEN4730,2015-02-06,2015,Riots,Violent demonstration,Rioters (Kenya),,Kenya,Narok,Narok North,Narok,-1.0783,35.8601,0
KEN4774,2015-03-15,2015,Violence against civilians,Attack,Al Shabaab,Civilians (Kenya),Kenya,Mandera,Mandera East,Mandera,3.9357,41.8542,4
KEN4777,2015-03-17,2015,Explosions/Remote violence,Remote explosive/landmine/IED,Unidentified Armed Group (Kenya),Civilians (Kenya),Kenya,Mandera,Mandera East,Mandera,3.9357,41.8542,0
KEN4747,2015-02-23,2015,Protests,Peaceful protest,Protesters (Kenya),,Kenya,Kitui,Kitui Central,Kitui,-1.3667,38.0167,0
KEN4741,2015-02-18,2015,Riots,Mob violence,Rioters (Kenya),Rioters (Kenya),Kenya,Uasin Gishu,Moiben,Eldoret,0.5167,35.2833,0
KEN4765,2015-03-07,2015,Riots,Mob violence,Rioters (Kenya),Civilians (Kenya),Kenya,Narok,Transmara West,Kilgoris,-1.0077,34.8806,0
KEN4738,2015-02-14,2015,Riots,Violent demonstration,Rioters (Kenya),Rioters (Kenya),Kenya,Embu,Manyatta,Embu,-0.5333,37.45,0
KEN7951,2015-02-15,2015,Riots,Mob violence,Rioters (Kenya),Civilians (Kenya),Kenya,Kilifi,Kilifi North,Kilifi,-3.633,39.85,0
KEN4735,2015-02-13,2015,Explosions/Remote violence,Grenade,Police Forces of Kenya (2013-2022),Unidentified Armed Group (Kenya),Kenya,Wajir,Wajir East,Wajir,1.75,40.06,0
KEN4737,2015-02-13,2015,Riots,Mob violence,Rioters (Kenya),Police Forces of Kenya (2013-2022),Kenya,Kiambu,Thika Town,Thika,-1.05,37.0833,0
KEN4742,2015-02-18,2015,Protests,Excessive force against protesters,Police Forces of Kenya (2013-2022),Protesters (Kenya),Kenya,Uasin Gishu,Moiben,Eldoret,0.5167,35.2833,0
KEN4748,2015-02-23,2015,Riots,Violent demonstration,Rioters (Kenya),Police Forces of Kenya (2013-2022),Kenya,Nyandarua,Kinangop,Kinangop,-0.7308,36.6591,0
KEN4750,2015-02-24,2015,Riots,Violent demonstration,Rioters (Kenya),Police Forces of Kenya (2013-2022),Kenya,Nyandarua,Kinangop,Kinangop,-0.7308,36.6591,1
KEN4766,2015-03-07,2015,Protests,Protest with intervention,Protesters (Kenya),Police Forces of Kenya (2013-2022),Kenya,Kitui,Mwingi North,Tseikuru,-0.1667,38.2333,0
KEN4773,2015-03-13,2015,Violence against civilians,Attack,Al Shabaab,Civilians (Kenya),Kenya,Mandera,Mandera East,Mandera,3.9357,41.8542,3
KEN4776,2015-03-17,2015,Explosions/Remote violence,Grenade,Unidentified Armed Group (Kenya),Civilians (Kenya),Kenya,Wajir,Wajir East,Wajir,1.75,40.06,4
KEN7939,2015-02-18,2015,Violence against civilians,Sexual violence,Police Forces of Kenya (2013-2022),Civilians (Kenya),Kenya,Kwale,Matuga,Kwale,-4.1738,39.4521,0
KEN4731,2015-02-06,2015,Riots,Mob violence,Rioters (Kenya),Private Security Forces (Kenya),Kenya,Nairobi,Starehe,Nairobi,-1.283,36.817,0
KEN4727,2015-02-05,2015,Riots,Violent demonstration,Rioters (Kenya),Police Forces of Kenya (2013-2022),Kenya,Nairobi,Westlands,Nairobi - Westlands,-1.2379,36.7879,0
KEN4728,2015-02-05,2015,Protests,Protest with intervention,Protesters (Kenya),Police Forces of Kenya (2013-2022),Kenya,Nairobi,Langata,Nairobi - Langata,-1.3508,36.7589,0
KEN4736,2015-02-13,2015,Riots,Violent demonstration,Rioters (Kenya),Police Forces of Kenya (2013-2022),Kenya,Nairobi,Makadara,Nairobi - Makadara,-1.2966,36.8672,0
KEN4749,2015-02-24,2015,Riots,Violent demonstration,Rioters (Kenya),,Kenya,Nairobi,Westlands,Nairobi - Westlands,-1.2379,36.7879,0
KEN4757,2015-02-27,2015,Protests,Peaceful protest,Protesters (Kenya),,Kenya,Nairobi,Westlands,Nairobi - Westlands,-1.2379,36.7879,0
KEN4764,2015-03-07,2015,Protests,Peaceful protest,Protesters (Kenya),,Kenya,Nyeri,Mukurweini,Mukurweini,-0.5609,37.0476,0
KEN4775,2015-03-15,2015,Protests,Peaceful protest,Protesters (Kenya),,Kenya,Nairobi,Starehe,Nairobi - Starehe,-1.2881,36.8236,0
KEN4746,2015-02-21,2015,Protests,Peaceful protest,Protesters (Kenya),,Kenya,Kitui,Mwingi Central Sub- County,Mwingi,-0.9333,38.0667,0
KEN4772,2015-03-12,2015,Violence against civilians,Attack,Al Shabaab,Civilians (Kenya),Kenya,Wajir,Wajir East,Wajir,1.75,40.06,4
KEN4811,2015-04-09,2015,Protests,Peaceful protest,Protesters (Kenya),,Kenya,Kisii,Nyaribari Chache,Kisii,-0.6833,34.7667,0
KEN4799,2015-04-01,2015,Violence against civilians,Attack,Unidentified Armed Group (Kenya),Civilians (Kenya),Kenya,Garissa,Dadaab,Dadaab Refugee Camp,0.0514,40.3142,1
KEN4785,2015-03-23,2015,Protests,Peaceful protest,Protesters (Kenya),,Kenya,Mandera,Mandera East,Mandera,3.9357,41.8542,0
KEN4779,2015-03-20,2015,Protests,Peaceful protest,Protesters (Kenya),,Kenya,Mandera,Mandera East,Mandera,3.9357,41.8542,0
KEN4782,2015-03-21,2015,Riots,Mob violence,Rioters (Kenya),Civilians (Kenya),Kenya,Vihiga,Luanda,Itumbu,0.0333,34.5667,0
KEN4796,2015-03-27,2015,Protests,Peaceful protest,Protesters (Kenya),,Kenya,Baringo,Baringo Central,Kabarnet,0.4919,35.743,0
KEN4797,2015-03-30,2015,Riots,Violent demonstration,Rioters (Kenya),,Kenya,Kajiado,Kajiado Central,Namanga,-2.5431,36.791,0
KEN4798,2015-03-30,2015,Riots,Mob violence,Rioters (Kenya),Civilians (Kenya),Kenya,Meru,Imenti South,Kariene,-0.05,37.6543,3
KEN4800,2015-04-01,2015,Riots,Mob violence,Rioters (Kenya),Rioters (Kenya),Kenya,Kilifi,Kilifi North,Kilifi,-3.633,39.85,0
KEN4810,2015-04-08,2015,Violence against civilians,Attack,Unidentified Armed Group (Kenya),Civilians (Kenya),Kenya,Kiambu,Limuru,Kamirithu,-1.11,36.6422,2
KEN4812,2015-04-10,2015,Riots,Violent demonstration,Rioters (Kenya),Civilians (Kenya),Kenya,Bomet,Sotik,Chebole,-0.7167,35.2167,0
KEN4817,2015-04-14,2015,Riots,Mob violence,Rioters (Kenya),Civilians (Kenya),Kenya,Migori,Uriri,Uriri,-0.9689,34.5083,1
KEN4818,2015-04-15,2015,Protests,Peaceful protest,Protesters (Kenya),,Kenya,Kiambu,Lari,Lari,-1.0167,36.6333,0
KEN4819,2015-04-15,2015,Protests,Peaceful protest,Protesters (Kenya),,Kenya,Kiambu,Thika Town,Thika,-1.05,37.0833,0
KEN4824,2015-04-20,2015,Riots,Violent demonstration,Rioters (Kenya),,Kenya,Narok,Narok North,Narok,-1.0783,35.8601,0
KEN4829,2015-04-27,2015,Riots,Violent demonstration,Rioters (Kenya),,Kenya,Tharaka-Nithi,Chuka,Ndagani,-0.3167,37.65,0
KEN4821,2015-04-16,2015,Protests,Peaceful protest,Protesters (Kenya),,Kenya,Siaya,Alego Usonga,Siaya,0.06,34.2861,0
KEN4827,2015-04-24,2015,Violence against civilians,Abduction/forced disappearance,Al Shabaab,Civilians (Kenya),Kenya,Mandera,Mandera East,Mandera,3.9357,41.8542,0
KEN4781,2015-03-21,2015,Protests,Peaceful protest,Protesters (Kenya),,Kenya,Mandera,Mandera East,Mandera,3.9357,41.8542,0
KEN4820,2015-04-16,2015,Strategic developments,Other,Al Shabaab,,Kenya,Mandera,Mandera West,Takaba,3.3553,40.2228,0
KEN4823,2015-04-19,2015,Riots,Violent demonstration,Rioters (Kenya),,Kenya,Nandi,Chesumei,Mosoriot,0.3,35.1667,0
KEN4794,2015-03-25,2015,Riots,Mob violence,Rioters (Kenya),Civilians (Kenya),Kenya,Bungoma,Webuye West,Webuye,0.6167,34.7667,1
KEN4791,2015-03-24,2015,Protests,Peaceful protest,Protesters (Kenya),,Kenya,Kiambu,Limuru,Limuru,-1.1136,36.6421,0
KEN4809,2015-04-08,2015,Protests,Peaceful protest,Protesters (Kenya),,Kenya,Kiambu,Limuru,Limuru,-1.1136,36.6421,0
KEN4802,2015-04-02,2015,Violence against civilians,Attack,Al Shabaab,Civilians (Kenya),Kenya,Garissa,Garissa,Garissa,-0.4536,39.6461,148
KEN4786,2015-03-23,2015,Protests,Peaceful protest,Protesters (Kenya),,Kenya,Nakuru,Nakuru North,Nakuru,-0.2441,36.142,0
KEN4793,2015-03-25,2015,Protests,Peaceful protest,Protesters (Kenya),,Kenya,Uasin Gishu,Ainabkoi,Burnt Forest,0.2167,35.4333,0
KEN4803,2015-04-04,2015,Protests,Peaceful protest,Protesters (Kenya),,Kenya,Garissa,Garissa,Garissa,-0.4536,39.6461,0
KEN4787,2015-03-23,2015,Protests,Peaceful protest,Protesters (Kenya),,Kenya,Migori,Suna West,Migori,-1.0667,34.4667,0
KEN4783,2015-03-21,2015,Riots,Mob violence,Rioters (Kenya),Civilians (Kenya),Kenya,Kakamega,Lugari,Lugari,0.6475,34.8775,1
KEN4826,2015-04-23,2015,Protests,Peaceful protest,Protesters (Kenya),,Kenya,Nyandarua,Kinangop,Mai Mahiu,-0.5833,36.6167,0
KEN4816,2015-04-13,2015,Riots,Mob violence,Rioters (Kenya),Civilians (Kenya),Kenya,Kakamega,Lurambi,Kakamega,0.2833,34.7384,2
KEN4780,2015-03-20,2015,Riots,Mob violence,Rioters (Kenya),Civilians (Kenya),Kenya,Kakamega,Lugari,Lugari,0.6475,34.8775,0
KEN4790,2015-03-23,2015,Riots,Mob violence,Rioters (Kenya),Civilians (Kenya),Kenya,Migori,Suna West,Mukuro,-1.0333,34.3667,1
KEN4784,2015-03-22,2015,Violence against civilians,Abduction/forced disappearance,Police Forces of Kenya (2013-2022),Civilians (Kenya),Kenya,Uasin Gishu,Moiben,Eldoret,0.5167,35.2833,0
KEN4789,2015-03-23,2015,Protests,Excessive force against protesters,Protesters (Kenya),Police Forces of Kenya (2013-2022),Kenya,Kilifi,Malindi,Malindi,-3.22,40.12,1
KEN4801,2015-04-02,2015,Battles,Armed clash,Military Forces of Kenya (2013-2022),Al Shabaab,Kenya,Garissa,Garissa,Garissa,-0.4536,39.6461,4
KEN4813,2015-04-11,2015,Battles,Armed clash,Police Forces of Kenya (2013-2022),Al Shabaab,Kenya,Kwale,Matuga,Kwale,-4.1738,39.4521,2
KEN4814,2015-04-12,2015,Strategic developments,Disrupted weapons use,Police Forces of Kenya (2013-2022),Unidentified Armed Group (Kenya),Kenya,Mandera,Mandera East,Mandera,3.9357,41.8542,0
KEN4825,2015-04-23,2015,Violence against civilians,Attack,Al Shabaab,Civilians (Kenya),Kenya,Mandera,Lafey,Fino,3.3711,41.4468,0
KEN4828,2015-04-26,2015,Protests,Peaceful protest,Protesters (Somalia),,Kenya,Nyeri,Mukurweini,Gakindu,-0.5667,37,0
KEN4795,2015-03-26,2015,Riots,Violent demonstration,Rioters (Kenya),,Kenya,Nairobi,Starehe,Nairobi,-1.283,36.817,0
KEN4804,2015-04-04,2015,Protests,Peaceful protest,Protesters (Kenya),,Kenya,Nairobi,Starehe,Nairobi,-1.283,36.817,0
KEN4807,2015-04-07,2015,Protests,Peaceful protest,Protesters (Kenya),,Kenya,Nairobi,Starehe,Nairobi,-1.283,36.817,0
KEN4778,2015-03-18,2015,Violence against civilians,Attack,Unidentified Armed Group (Kenya),Civilians (Kenya),Kenya,Nairobi,Ruaraka,Nairobi - Ruaraka,-1.2456,36.8799,1
KEN4805,2015-04-05,2015,Protests,Peaceful protest,Protesters (Somalia),,Kenya,Nairobi,Kamukunji,Nairobi - Kamukunji,-1.2759,36.8526,0
KEN4792,2015-03-25,2015,Battles,Armed clash,Police Forces of Kenya (2013-2022),Unidentified Armed Group (Kenya),Kenya,Mombasa,Mvita,Mombasa,-4.0547,39.6636,1
KEN4808,2015-04-07,2015,Protests,Peaceful protest,Protesters (Kenya),,Kenya,Mombasa,Mvita,Mombasa,-4.0547,39.6636,0
KEN4788,2015-03-23,2015,Riots,Violent demonstration,Rioters (Kenya),Police Forces of Kenya (2013-2022),Kenya,Vihiga,Sabatia,Sabatia,0.1321,34.7934,0
KEN4822,2015-04-17,2015,Violence against civilians,Attack,Police Forces of Kenya (2013-2022) General Service Unit,Civilians (Kenya),Kenya,Tana River,Galole,Hola,-1.5036,40.0333,0
KEN4815,2015-04-13,2015,Violence against civilians,Attack,Pokot Ethnic Militia (Kenya),Civilians (Kenya),Kenya,Baringo,Marigat,Chemoe,0.3167,35.8833,1
KEN20887,2015-03-31,2015,Violence against civilians,Attack,Unidentified Ethnic Militia (Kenya),Civilians (Kenya),Kenya,Meru,Tigania East,Gambela,0.3978,37.6797,1
KEN20888,2015-04-02,2015,Violence against civilians,Attack,Unidentified Ethnic Militia (Kenya),Civilians (Kenya),Kenya,Meru,Igembe North,Kabachi,0.4062,37.9954,4
KEN20946,2015-04-27,2015,Violence against civilians,Abduction/forced disappearance,Police Forces of Kenya (2013-2022),Civilians (Kenya),Kenya,Garissa,Garissa,Garissa,-0.4536,39.6461,0
KEN4859,2015-06-06,2015,Battles,Armed clash,Unidentified Communal Militia (Kenya),Unidentified Communal Militia (Kenya),Kenya,Isiolo,Isiolo,Isiolo,0.3546,37.5822,3
KEN4857,2015-06-03,2015,Violence against civilians,Attack,Unidentified Ethnic Militia (Kenya),Civilians (Kenya),Kenya,Marsabit,Saku,Marsabit,2.333,37.983,2
KEN4846,2015-05-19,2015,Riots,Mob violence,Rioters (Kenya),Civilians (Kenya),Kenya,Muranga,Kiharu,Kiangage,-0.7167,37.1167,1
KEN4833,2015-05-03,2015,Violence against civilians,Attack,Unidentified Armed Group (Kenya),Civilians (Kenya),Kenya,Samburu,Samburu Central,Maralal,1.0968,36.698,15
KEN4834,2015-05-04,2015,Battles,Armed clash,Turkana Ethnic Militia (Kenya),Pokot Ethnic Militia (Kenya),Kenya,Baringo,Baringo Central,Kabarnet,0.4919,35.743,36
KEN4835,2015-05-04,2015,Protests,Peaceful protest,Protesters (Kenya),,Kenya,Baringo,Marigat,Marigat,0.4667,35.9833,0
KEN4836,2015-05-04,2015,Violence against civilians,Attack,Turkana Ethnic Militia (Kenya),Civilians (Kenya),Kenya,Baringo,Baringo Central,Kabarnet,0.4919,35.743,18
KEN4838,2015-05-10,2015,Protests,Peaceful protest,Protesters (Kenya),,Kenya,Mombasa,Kisauni,Utange,-3.9758,39.7189,0
KEN4839,2015-05-11,2015,Protests,Peaceful protest,Protesters (Kenya),,Kenya,Meru,Imenti North,Meru,0.05,37.65,0
KEN4840,2015-05-12,2015,Protests,Peaceful protest,Protesters (Kenya),,Kenya,Makueni,Makueni,Wote,-1.7808,37.6288,0
KEN4849,2015-05-19,2015,Protests,Peaceful protest,Protesters (Kenya),,Kenya,Kiambu,Kiambu Town,Kiambu,-1.1667,36.8333,0
KEN4855,2015-05-31,2015,Violence against civilians,Attack,Unidentified Armed Group (Kenya),Civilians (Kenya),Kenya,Tana River,Garsen,Kibokoni,-2.5166,40.3667,1
KEN4862,2015-06-08,2015,Protests,Peaceful protest,Protesters (Kenya),,Kenya,Garissa,Dadaab,Dadaab Refugee Camp,0.0514,40.3142,0
KEN4832,2015-04-30,2015,Violence against civilians,Attack,Unidentified Armed Group (Kenya),Civilians (Kenya),Kenya,Uasin Gishu,Moiben,Eldoret,0.5167,35.2833,1
KEN4858,2015-06-06,2015,Violence against civilians,Attack,Al Shabaab,Civilians (Kenya),Kenya,Wajir,Wajir East,Wajir,1.75,40.06,3
KEN4856,2015-06-01,2015,Strategic developments,Non-violent transfer of territory,Al Shabaab,,Kenya,Mandera,Lafey,Lafey,3.1508,41.1862,0
KEN4842,2015-05-14,2015,Protests,Peaceful protest,Protesters (Kenya),,Kenya,Kisumu,Kisumu West,Kisian,-0.0748,34.6662,0
KEN4844,2015-05-18,2015,Strategic developments,Non-violent transfer of territory,Military Forces of Ethiopia (1991-2018),,Kenya,Marsabit,North Horr,North Horr,3.3167,37.0667,0
KEN4837,2015-05-09,2015,Riots,Mob violence,Rioters (Kenya),Police Forces of Kenya (2013-2022),Kenya,Mombasa,Kisauni,Utange,-3.9758,39.7189,1
KEN4841,2015-05-13,2015,Battles,Armed clash,Police Forces of Kenya (2013-2022),Al Shabaab,Kenya,Garissa,Garissa,Garissa,-0.4536,39.6461,3
KEN4843,2015-05-14,2015,Riots,Violent demonstration,Rioters (Kenya),Police Forces of Kenya (2013-2022),Kenya,Kisii,Nyaribari Chache,Kisii,-0.6833,34.7667,0
KEN4845,2015-05-18,2015,Riots,Violent demonstration,Rioters (Kenya),Police Forces of Kenya (2013-2022),Kenya,Isiolo,Garbatulla,Kinna,0.3167,38.2,1
KEN4847,2015-05-19,2015,Strategic developments,Non-violent transfer of territory,Military Forces of Kenya (2013-2022),Al Shabaab,Kenya,Garissa,Hulugho,Hulugho,-1.15,41.0667,0
KEN4848,2015-05-19,2015,Strategic developments,Non-violent transfer of territory,Military Forces of Kenya (2013-2022),Al Shabaab,Kenya,Garissa,Hulugho,Sangailu,-1.3059,40.7345,0
KEN4850,2015-05-21,2015,Battles,Armed clash,Military Forces of Kenya (2013-2022),Al Shabaab,Kenya,Garissa,Fafi,Fafi,-0.4209,40.2201,0
KEN4851,2015-05-21,2015,Battles,Armed clash,Military Forces of Kenya (2013-2022),Al Shabaab,Kenya,Garissa,Ijara,Wel Marer,-1.431,40.5742,0
KEN4852,2015-05-25,2015,Battles,Armed clash,Police Forces of Kenya (2013-2022),Al Shabaab,Kenya,Garissa,Fafi,Fafi,-0.4209,40.2201,20
KEN4853,2015-05-27,2015,Riots,Violent demonstration,Rioters (Kenya),Police Forces of Kenya (2013-2022),Kenya,Nakuru,Naivasha,Naivasha,-0.7202,36.4285,0
KEN4854,2015-05-28,2015,Riots,Violent demonstration,Rioters (Kenya),Police Forces of Kenya (2013-2022),Kenya,Nakuru,Naivasha,Naivasha,-0.7202,36.4285,0
KEN4860,2015-06-08,2015,Battles,Armed clash,Laikipia Communal Militia (Kenya),Unidentified Communal Militia (Kenya),Kenya,Laikipia,Laikipia East,Nanyuki,0.0167,37.0667,10
KEN4831,2015-04-30,2015,Protests,Peaceful protest,Protesters (Somalia),,Kenya,Nairobi,Starehe,Nairobi,-1.283,36.817,0
KEN4830,2015-04-28,2015,Protests,Peaceful protest,Protesters (Somalia),,Kenya,Mombasa,Jomvu,Jomvu,-3.985,39.614,0
KEN4863,2015-06-08,2015,Protests,Peaceful protest,Protesters (Kenya),,Kenya,Mombasa,Jomvu,Jomvu,-3.985,39.614,0
KEN4861,2015-06-08,2015,Strategic developments,Other,Al Shabaab,,Kenya,Isiolo,Garbatulla,Garbatulla,0.5333,38.52,0
KEN19117,2015-05-07,2015,Violence against civilians,Attack,Unidentified Armed Group (Kenya),Civilians (Kenya),Kenya,Nairobi,Embakasi South,Nairobi - Embakasi South,-1.3261,36.889,1
KEN21034,2015-05-05,2015,Violence against civilians,Attack,Turkana Ethnic Militia (Kenya),Civilians (Kenya),Kenya,Marsabit,Laisamis,Mt. Kulal,2.7167,36.9333,7
KEN21049,2015-05-04,2015,Violence against civilians,Attack,Rendilles Ethnic Militia (Kenya),Civilians (Kenya),Kenya,Marsabit,Laisamis,Sirima,2.5216,36.758,6
KEN21091,2015-06-04,2015,Violence against civilians,Attack,Somali Ethnic Militia (Kenya),Civilians (Kenya),Kenya,Kitui,Mwingi North,Ngomeni,-0.6492,38.3942,4
KEN4872,2015-06-20,2015,Violence against civilians,Attack,Al Shabaab,Civilians (Kenya),Kenya,Wajir,Wajir East,Wajir,1.75,40.06,1
KEN4868,2015-06-16,2015,Violence against civilians,Attack,Unidentified Armed Group (Kenya),Civilians (Kenya),Kenya,Mandera,Banissa,Banissa,3.9439,40.3445,5
KEN4865,2015-06-11,2015,Protests,Peaceful protest,Protesters (Kenya),,Kenya,Marsabit,Saku,Marsabit,2.333,37.983,0
KEN4870,2015-06-17,2015,Violence against civilians,Attack,Garre Clan Militia (Kenya),Civilians (Kenya),Kenya,Mandera,Mandera East,Mandera,3.9357,41.8542,20
KEN4876,2015-06-22,2015,Protests,Peaceful protest,Protesters (Kenya),,Kenya,Kisumu,Kisumu Central,Kisumu,-0.1,34.75,0
KEN4879,2015-06-24,2015,Protests,Peaceful protest,Protesters (Kenya),,Kenya,Machakos,Athi River,Athi River,-1.45,36.9833,0
KEN4880,2015-06-26,2015,Protests,Peaceful protest,Protesters (Kenya),,Kenya,Kwale,Matuga,Kwale,-4.1738,39.4521,0
KEN4881,2015-06-28,2015,Protests,Peaceful protest,Protesters (Kenya),,Kenya,Tharaka-Nithi,Chuka,Chuka,-0.3333,37.65,0
KEN4882,2015-06-30,2015,Protests,Peaceful protest,Protesters (Kenya),,Kenya,Isiolo,Isiolo,Isiolo,0.3546,37.5822,0
KEN4886,2015-07-05,2015,Riots,Mob violence,Rioters (Kenya),Civilians (Kenya),Kenya,Kilifi,Ganze,Ganze,-3.543,39.6927,1
KEN4888,2015-07-07,2015,Explosions/Remote violence,Grenade,Al Shabaab,Civilians (Kenya),Kenya,Mandera,Mandera East,Mandera,3.9357,41.8542,14
KEN4891,2015-07-09,2015,Riots,Violent demonstration,Rioters (Kenya),,Kenya,Embu,Manyatta,Kibugu,-0.4449,37.4371,0
KEN4893,2015-07-11,2015,Battles,Armed clash,Kabasiran Clan Militia (Kenya),Kapkeny Clan Militia (Kenya),Kenya,Elgeyo Marakwet,Marakwet West,Elegeyo-Marakwet,0.99,35.55,1
KEN4894,2015-07-12,2015,Battles,Armed clash,Kabasiran Clan Militia (Kenya),Kapkeny Clan Militia (Kenya),Kenya,Elgeyo Marakwet,Marakwet West,Elegeyo-Marakwet,0.99,35.55,1
KEN4897,2015-07-18,2015,Riots,Violent demonstration,Rioters (Kenya),,Kenya,Kiambu,Lari,Gatamaiyu,-1,36.7333,0
KEN4898,2015-07-19,2015,Strategic developments,Non-violent transfer of territory,Al Shabaab,,Kenya,Lamu,Lamu East,Milimani,-1.7758,40.8375,0
KEN4878,2015-06-24,2015,Violence against civilians,Attack,Al Shabaab,Civilians (Kenya),Kenya,Mandera,Mandera East,Mandera,3.9357,41.8542,1
KEN4899,2015-07-20,2015,Riots,Violent demonstration,Rioters (Kenya),,Kenya,Nakuru,Nakuru North,Nakuru,-0.2441,36.142,0
KEN4867,2015-06-16,2015,Riots,Violent demonstration,Rioters (Kenya),,Kenya,Nakuru,Nakuru North,Nakuru,-0.2441,36.142,0
KEN4889,2015-07-07,2015,Violence against civilians,Attack,Unidentified Armed Group (Kenya),Civilians (Kenya),Kenya,Lamu,Lamu West,Mpeketoni,-2.3899,40.6987,0
KEN4869,2015-06-17,2015,Protests,Protest with intervention,Protesters (Kenya),Police Forces of Kenya (2013-2022),Kenya,Siaya,Gem,Yala,0.0991,34.5376,0
KEN4875,2015-06-21,2015,Explosions/Remote violence,Remote explosive/landmine/IED,Military Forces of Kenya (2013-2022),Al Shabaab,Kenya,Lamu,Lamu East,Milimani,-1.7758,40.8375,0
KEN4890,2015-07-09,2015,Battles,Armed clash,Police Forces of Kenya (2013-2022),Al Shabaab,Kenya,Lamu,Lamu West,Mkunumbi,-2.2989,40.7046,0
KEN4892,2015-07-11,2015,Explosions/Remote violence,Remote explosive/landmine/IED,Police Forces of Kenya (2013-2022),Al Shabaab,Kenya,Lamu,Lamu West,Lamu,-2.2717,40.902,3
KEN4895,2015-07-13,2015,Riots,Violent demonstration,Rioters (Kenya),Police Forces of Kenya (2013-2022),Kenya,Uasin Gishu,Moiben,Eldoret,0.5167,35.2833,0
KEN4900,2015-07-20,2015,Riots,Violent demonstration,Rioters (Kenya),Police Forces of Kenya (2013-2022),Kenya,Machakos,Athi River,Athi River,-1.45,36.9833,0
KEN4873,2015-06-20,2015,Riots,Mob violence,Rioters (Kenya),Civilians (Kenya),Kenya,Nairobi,Starehe,Nairobi,-1.283,36.817,2
KEN7947,2015-07-15,2015,Violence against civilians,Attack,Police Forces of Kenya (2013-2022),Civilians (Kenya),Kenya,Nairobi,Starehe,Nairobi,-1.283,36.817,0
KEN7952,2015-07-15,2015,Riots,Mob violence,Rioters (Kenya),Civilians (Uganda),Kenya,Nairobi,Starehe,Nairobi,-1.283,36.817,0
KEN4864,2015-06-10,2015,Protests,Peaceful protest,Protesters (Kenya),,Kenya,Nairobi,Embakasi South,Nairobi - Embakasi South,-1.3261,36.889,0
KEN4874,2015-06-21,2015,Riots,Violent demonstration,Rioters (Kenya),,Kenya,Nairobi,Kibra,Nairobi - Kibra,-1.3061,36.7857,0
KEN4866,2015-06-14,2015,Battles,Armed clash,Military Forces of Kenya (2013-2022),Al Shabaab,Kenya,Lamu,Lamu West,Lamu,-2.2717,40.902,11
KEN4885,2015-07-03,2015,Violence against civilians,Attack,Unidentified Armed Group (Kenya),Civilians (Kenya),Kenya,Mombasa,Mvita,Mombasa,-4.0547,39.6636,1
KEN4896,2015-07-13,2015,Riots,Violent demonstration,Rioters (Kenya),,Kenya,Mombasa,Likoni,Likoni,-4.0839,39.6616,0
KEN4871,2015-06-19,2015,Protests,Peaceful protest,Protesters (Kenya),,Kenya,Nairobi,Starehe,Nairobi - Starehe,-1.2881,36.8236,0
KEN4877,2015-06-23,2015,Protests,Peaceful protest,Protesters (Kenya),,Kenya,Nairobi,Starehe,Nairobi - Starehe,-1.2881,36.8236,0
KEN4884,2015-07-01,2015,Protests,Peaceful protest,Protesters (Kenya),,Kenya,Nairobi,Starehe,Nairobi - Starehe,-1.2881,36.8236,0
KEN4887,2015-07-06,2015,Protests,Peaceful protest,Protesters (Kenya),,Kenya,Nairobi,Starehe,Nairobi,-1.283,36.817,0
KEN4883,2015-07-01,2015,Violence against civilians,Attack,Unidentified Clan Militia (Somalia),Civilians (Kenya),Kenya,Mandera,Lafey,Fino,3.3711,41.4468,9
KEN21158,2015-06-25,2015,Riots,Mob violence,Rioters (Kenya),Civilians (Kenya),Kenya,Nyeri,Mathira West,Chieni,-0.3878,37.0432,1
KEN4918,2015-08-24,2015,Protests,Peaceful protest,Protesters (Kenya),,Kenya,Uasin Gishu,Moiben,Eldoret,0.5167,35.2833,0
KEN4909,2015-08-13,2015,Violence against civilians,Attack,Turkana Ethnic Militia (Kenya),Civilians (Kenya),Kenya,Marsabit,Laisamis,Larachi,2.8069,36.7671,5
KEN4905,2015-08-02,2015,Riots,Mob violence,Rioters (Kenya),Rioters (Kenya),Kenya,Vihiga,Vihiga,Vihiga,0.0802,34.7237,0
KEN4903,2015-07-28,2015,Riots,Mob violence,Rioters (Kenya),Civilians (Kenya),Kenya,Isiolo,Isiolo,Isiolo,0.3546,37.5822,0
KEN4902,2015-07-27,2015,Protests,Peaceful protest,Protesters (Kenya),,Kenya,Machakos,Athi River,Athi River,-1.45,36.9833,0
KEN4907,2015-08-03,2015,Battles,Armed clash,Wardei Ethnic Militia (Kenya),Mijikenda Ethnic Militia (Kenya),Kenya,Tana River,Garsen,Wachu-Oda,-2.4695,40.1915,9
KEN4911,2015-08-16,2015,Riots,Mob violence,Rioters (Kenya),Rioters (Kenya),Kenya,Nakuru,Naivasha,Naivasha,-0.7202,36.4285,0
KEN4912,2015-08-17,2015,Battles,Armed clash,Kapkeny Clan Militia (Kenya),Kabasiran Clan Militia (Kenya),Kenya,Turkana,Turkana Central,Kerio,2.9833,36.1167,1
KEN4916,2015-08-21,2015,Protests,Peaceful protest,Protesters (Kenya),,Kenya,Mandera,Mandera East,Mandera,3.9357,41.8542,0
KEN4920,2015-08-30,2015,Riots,Mob violence,Rioters (Kenya),Rioters (Kenya),Kenya,Migori,Awendo,Awendo,-0.9,34.5333,1
KEN4914,2015-08-20,2015,Protests,Peaceful protest,Protesters (Kenya),,Kenya,Garissa,Garissa,Garissa,-0.4536,39.6461,0
KEN4913,2015-08-17,2015,Protests,Peaceful protest,Protesters (Kenya),,Kenya,Kakamega,Lurambi,Kakamega,0.2833,34.7384,0
KEN4917,2015-08-23,2015,Riots,Mob violence,Rioters (Kenya),Civilians (Kenya),Kenya,Samburu,Samburu East,Archers Post,0.644,37.6752,1
KEN4919,2015-08-24,2015,Riots,Violent demonstration,Rioters (Kenya),Police Forces of Kenya (2013-2022),Kenya,Kiambu,Limuru,Limuru,-1.1136,36.6421,0
KEN4901,2015-07-21,2015,Riots,Violent demonstration,Rioters (Kenya),Police Forces of Kenya (2013-2022),Kenya,Nairobi,Starehe,Nairobi,-1.283,36.817,0
KEN6909,2015-08-10,2015,Violence against civilians,Attack,Unidentified Armed Group (Kenya),Civilians (Kenya),Kenya,Nairobi,Starehe,Nairobi,-1.283,36.817,0
KEN4906,2015-08-02,2015,Riots,Mob violence,Rioters (Kenya),Civilians (Kenya),Kenya,Nairobi,Makadara,Nairobi - Makadara,-1.2966,36.8672,1
KEN4908,2015-08-12,2015,Explosions/Remote violence,Remote explosive/landmine/IED,Military Forces of Kenya (2013-2022),Al Shabaab,Kenya,Lamu,Lamu West,Lamu,-2.2717,40.902,7
KEN4904,2015-07-29,2015,Battles,Armed clash,Military Forces of Kenya (2013-2022),Al Shabaab,Kenya,Lamu,Lamu East,Basuba,-1.7841,41.0404,3
KEN4921,2015-08-30,2015,Riots,Mob violence,Rioters (Kenya),Rioters (Kenya),Kenya,Migori,Rongo,Rongo,-0.7556,34.5995,1
KEN4910,2015-08-15,2015,Strategic developments,Other,Al Shabaab,,Kenya,Lamu,Lamu East,Basuba,-1.7841,41.0404,0
KEN4938,2015-09-21,2015,Protests,Peaceful protest,Protesters (Kenya),,Kenya,Kisumu,Kisumu Central,Kisumu,-0.1,34.75,0
KEN4769,2015-10-03,2015,Riots,Mob violence,Rioters (Kenya),Civilians (Kenya),Kenya,Kakamega,Likuyani,Likuyani,0.7101,35.1118,0
KEN4922,2015-09-02,2015,Riots,Violent demonstration,Rioters (Kenya),,Kenya,Muranga,Kiharu,Muranga,-0.7166,37.15,0
KEN4936,2015-09-17,2015,Protests,Peaceful protest,Protesters (Kenya),,Kenya,Nyeri,Nyeri Central,Tetu,-0.4333,36.8833,0
KEN4942,2015-10-07,2015,Riots,Mob violence,Rioters (Kenya),Civilians (Kenya),Kenya,Kisumu,Kisumu West,Maseno,-0.0042,34.6095,0
KEN4945,2015-10-10,2015,Protests,Peaceful protest,Protesters (Kenya),,Kenya,Kiambu,Thika Town,Thika,-1.05,37.0833,0
KEN4929,2015-09-09,2015,Protests,Peaceful protest,Protesters (Kenya),,Kenya,Uasin Gishu,Moiben,Eldoret,0.5167,35.2833,0
KEN4932,2015-09-12,2015,Protests,Peaceful protest,Protesters (Kenya),,Kenya,Muranga,Kiharu,Muranga,-0.7166,37.15,0
KEN4923,2015-09-03,2015,Riots,Mob violence,Rioters (Kenya),Civilians (Kenya),Kenya,Makueni,Kilome,Kasikeu,-1.9494,37.3858,0
KEN4941,2015-10-05,2015,Riots,Mob violence,Rioters (Kenya),Civilians (Kenya),Kenya,Kisumu,Kisumu Central,Kisumu,-0.1,34.75,0
KEN4931,2015-09-12,2015,Protests,Peaceful protest,Protesters (Kenya),,Kenya,Garissa,Garissa,Garissa,-0.4536,39.6461,0
KEN4924,2015-09-03,2015,Riots,Violent demonstration,Rioters (Kenya),Police Forces of Kenya (2013-2022),Kenya,Nyeri,Nyeri Central,Nyeri,-0.4167,36.95,0
KEN4937,2015-09-18,2015,Riots,Violent demonstration,Rioters (Kenya),Police Forces of Kenya (2013-2022),Kenya,Uasin Gishu,Moiben,Eldoret,0.5167,35.2833,0
KEN4949,2015-10-12,2015,Battles,Armed clash,Police Forces of Kenya (2013-2022),Unidentified Armed Group (Kenya),Kenya,Garissa,Dadaab,Dadaab Refugee Camp,0.0514,40.3142,0
KEN4926,2015-09-07,2015,Protests,Peaceful protest,Protesters (Kenya),,Kenya,Nairobi,Starehe,Nairobi,-1.283,36.817,0
KEN4933,2015-09-13,2015,Protests,Peaceful protest,Protesters (Kenya),,Kenya,Nairobi,Starehe,Nairobi,-1.283,36.817,0
KEN4934,2015-09-16,2015,Protests,Peaceful protest,Protesters (Kenya),,Kenya,Nairobi,Starehe,Nairobi,-1.283,36.817,0
KEN4939,2015-09-22,2015,Riots,Violent demonstration,Rioters (Kenya),Police Forces of Kenya (2013-2022),Kenya,Nairobi,Starehe,Nairobi,-1.283,36.817,0
KEN4943,2015-10-08,2015,Riots,Mob violence,Rioters (Kenya),Civilians (Kenya),Kenya,Nairobi,Starehe,Nairobi,-1.283,36.817,1
KEN4928,2015-09-09,2015,Protests,Peaceful protest,Protesters (Kenya),,Kenya,Nairobi,Westlands,Nairobi - Westlands,-1.2379,36.7879,0
KEN4930,2015-09-11,2015,Protests,Peaceful protest,Protesters (Kenya),,Kenya,Nairobi,Kamukunji,Nairobi - Kamukunji,-1.2759,36.8526,0
KEN4948,2015-10-12,2015,Protests,Protest with intervention,Protesters (Kenya),Police Forces of Kenya (2013-2022),Kenya,Nairobi,Westlands,Nairobi - Westlands,-1.2379,36.7879,0
KEN4925,2015-09-04,2015,Riots,Violent demonstration,Rioters (Kenya),Police Forces of Kenya (2013-2022),Kenya,Mombasa,Mvita,Mombasa,-4.0547,39.6636,0
KEN4947,2015-10-12,2015,Violence against civilians,Abduction/forced disappearance,Al Shabaab,Civilians (Kenya),Kenya,Garissa,Fafi,Hagadera,0.0095,40.3756,0
KEN4935,2015-09-16,2015,Riots,Mob violence,Rioters (Kenya),Civilians (Kenya),Kenya,Nairobi,Kasarani,Nairobi - Kasarani,-1.2254,36.8977,1
KEN4944,2015-10-09,2015,Riots,Violent demonstration,Rioters (Kenya),Police Forces of Kenya (2013-2022),Kenya,Siaya,Bondo,Bondo,-0.1003,34.2729,0
KEN4946,2015-10-10,2015,Riots,Violent demonstration,Rioters (Kenya),Police Forces of Kenya (2013-2022),Kenya,Siaya,Bondo,Bondo,-0.1003,34.2729,0
KEN20678,2015-09-28,2015,Protests,Peaceful protest,Protesters (Kenya),,Kenya,Kiambu,Gatundu North,Igegania,-0.9739,36.9277,0
KEN20889,2015-09-14,2015,Riots,Mob violence,Rioters (Kenya),Civilians (Kenya),Kenya,Kiambu,Juja,Malaba,-1.1138,37.0413,1
KEN4970,2015-11-20,2015,Riots,Violent demonstration,Rioters (Kenya),,Kenya,Narok,Narok North,Narok,-1.0783,35.8601,0
KEN4959,2015-10-28,2015,Riots,Violent demonstration,Rioters (Kenya),,Kenya,Meru,Imenti North,Meru,0.05,37.65,0
KEN4950,2015-10-13,2015,Riots,Violent demonstration,Rioters (Kenya),,Kenya,Bungoma,Kanduyi,Bungoma,0.5635,34.5606,0
KEN4954,2015-10-20,2015,Violence against civilians,Attack,Turkana Ethnic Militia (Kenya),Civilians (Kenya),Kenya,Turkana,Turkana North,Narengmor,4.0167,35.1667,3
KEN4955,2015-10-24,2015,Battles,Armed clash,Unidentified Armed Group (Kenya),Unidentified Armed Group (Kenya),Kenya,Makueni,Kilome,Kasikeu,-1.9494,37.3858,1
KEN4962,2015-11-02,2015,Riots,Violent demonstration,Rioters (Kenya),,Kenya,Kisumu,Kisumu Central,Kisumu,-0.1,34.75,0
KEN4969,2015-11-19,2015,Riots,Violent demonstration,Rioters (Kenya),,Kenya,Kiambu,Ruiru,Ruiru,-1.15,36.9667,0
KEN4965,2015-11-16,2015,Violence against civilians,Abduction/forced disappearance,Al Shabaab,Civilians (Kenya),Kenya,Garissa,Fafi,Hagadera,0.0095,40.3756,0
KEN4957,2015-10-25,2015,Riots,Violent demonstration,Rioters (Kenya),,Kenya,Meru,Imenti Central,Katheri,0.0083,37.6004,0
KEN4973,2015-11-23,2015,Riots,Violent demonstration,Rioters (Kenya),,Kenya,Migori,Kuria West,Isibania,-1.2394,34.4792,0
KEN4966,2015-11-16,2015,Violence against civilians,Attack,Unidentified Armed Group (Kenya),Civilians (Kenya),Kenya,Nyeri,Kieni East,Tagwa,-0.3368,37.0659,3
KEN4956,2015-10-24,2015,Riots,Violent demonstration,Rioters (Kenya),,Kenya,Lamu,Lamu West,Mpeketoni,-2.3899,40.6987,0
KEN4961,2015-10-30,2015,Riots,Mob violence,Rioters (Kenya),Rioters (Kenya),Kenya,Meru,Buuri,Loloria,0.1993,37.6133,1
KEN4951,2015-10-13,2015,Riots,Violent demonstration,Rioters (Kenya),Police Forces of Kenya (2013-2022),Kenya,Kisumu,Kisumu West,Maseno,-0.0042,34.6095,1
KEN4953,2015-10-20,2015,Riots,Violent demonstration,Rioters (Kenya),Police Forces of Kenya (2013-2022),Kenya,Kilifi,Kilifi North,Kilifi,-3.633,39.85,0
KEN4968,2015-11-19,2015,Battles,Armed clash,Police Forces of Kenya (2013-2022),OLF: Oromo Liberation Front,Kenya,Marsabit,Moyale,Sololo,3.55,38.65,0
KEN4972,2015-11-23,2015,Explosions/Remote violence,Remote explosive/landmine/IED,Military Forces of Kenya (2013-2022),Al Shabaab,Kenya,Garissa,Hulugho,Hulugho,-1.15,41.0667,1
KEN4964,2015-11-10,2015,Protests,Peaceful protest,Protesters (Kenya),,Kenya,Nairobi,Starehe,Nairobi,-1.283,36.817,0
KEN4960,2015-10-28,2015,Protests,Peaceful protest,Protesters (Kenya),,Kenya,Nairobi,Kibra,Nairobi - Kibra,-1.3061,36.7857,0
KEN4963,2015-11-03,2015,Riots,Violent demonstration,Rioters (Kenya),Police Forces of Kenya (2013-2022),Kenya,Nairobi,Langata,Nairobi - Langata,-1.3508,36.7589,0
KEN4952,2015-10-19,2015,Riots,Violent demonstration,Rioters (Kenya),,Kenya,Mombasa,Mvita,Mombasa,-4.0547,39.6636,0
KEN14105,2015-10-16,2015,Violence against civilians,Abduction/forced disappearance,Al Shabaab,Civilians (Kenya),Kenya,Garissa,Dadaab,Kulan,0.0928,40.3191,0
KEN4958,2015-10-26,2015,Protests,Peaceful protest,Protesters (Kenya),,Kenya,Kiambu,Gatundu South,Gatundu,-1.0129,36.9049,0
KEN4967,2015-11-17,2015,Battles,Armed clash,Police Forces of Kenya (2013-2022),Al Shabaab,Kenya,Garissa,Dadaab,Dadaab Refugee Camp,0.0514,40.3142,0
KEN19422,2015-11-14,2015,Riots,Mob violence,Rioters (Kenya),Civilians (Tanzania),Kenya,Kajiado,Loitokitok,Ongata Rongai,-2.75,37.3833,1
KEN20890,2015-10-19,2015,Strategic developments,Looting/property destruction,Borana Ethnic Militia (Kenya),Civilians (Kenya),Kenya,Meru,Tigania East,Athwana,0.1119,37.8503,0
KEN20891,2015-10-21,2015,Violence against civilians,Attack,Borana Ethnic Militia (Kenya),Civilians (Kenya),Kenya,Meru,Igembe North,Kabachi,0.4062,37.9954,5
KEN4994,2015-12-22,2015,Battles,Armed clash,Unidentified Communal Militia (Kenya),Unidentified Communal Militia (Kenya),Kenya,Kisumu,Kisumu Central,Kisumu,-0.1,34.75,1
KEN4978,2015-11-30,2015,Riots,Violent demonstration,Rioters (Kenya),,Kenya,Meru,Imenti North,Meru,0.05,37.65,0
KEN4975,2015-11-24,2015,Protests,Peaceful protest,Protesters (Kenya),,Kenya,Kilifi,Malindi,Malindi,-3.22,40.12,0
KEN4982,2015-12-03,2015,Protests,Peaceful protest,Protesters (Kenya),,Kenya,Kiambu,Kiambaa,Gachie,-1.2167,36.7833,0
KEN4985,2015-12-11,2015,Protests,Peaceful protest,Protesters (Kenya),,Kenya,Nakuru,Kuresoi South,Keringet,-0.4666,35.6833,0
KEN4992,2015-12-21,2015,Violence against civilians,Attack,Al Shabaab,Civilians (Kenya),Kenya,Mandera,Mandera East,Mandera,3.9357,41.8542,2
KEN4995,2015-12-23,2015,Battles,Armed clash,Kalenjin Ethnic Militia (Kenya),Maasai Ethnic Militia (Kenya),Kenya,Narok,Narok North,Narok,-1.0783,35.8601,2
KEN5000,2015-12-26,2015,Riots,Mob violence,Rioters (Kenya),Civilians (Kenya),Kenya,Machakos,Mwala,Ndithini,-1.5833,37.6833,2
KEN5006,2015-12-29,2015,Riots,Mob violence,Rioters (Kenya),Civilians (Kenya),Kenya,Kisumu,Nyakach,Nyakach,-0.3835,34.9324,4
KEN5007,2015-12-30,2015,Riots,Mob violence,Rioters (Kenya),Civilians (Kenya),Kenya,Embu,Mbeere South,Gikiiro,-0.6667,37.6333,0
KEN5009,2016-01-02,2016,Violence against civilians,Attack,Unidentified Armed Group (Kenya),Civilians (Kenya),Kenya,Kwale,Kinango,Silaloni,-3.6169,39.2869,0
KEN5004,2015-12-28,2015,Protests,Peaceful protest,Protesters (Kenya),,Kenya,Mandera,Mandera East,Mandera,3.9357,41.8542,0
KEN5003,2015-12-28,2015,Explosions/Remote violence,Remote explosive/landmine/IED,Al Shabaab,Civilians (Kenya),Kenya,Mandera,Mandera East,Mandera,3.9357,41.8542,3
KEN4979,2015-11-30,2015,Protests,Peaceful protest,Protesters (Kenya),,Kenya,Garissa,Garissa,Garissa,-0.4536,39.6461,0
KEN4976,2015-11-27,2015,Battles,Armed clash,Military Forces of Kenya (2013-2022),Al Shabaab,Kenya,Wajir,Wajir East,Wajir,1.75,40.06,0
KEN4980,2015-11-30,2015,Riots,Violent demonstration,Rioters (Kenya),Police Forces of Kenya (2013-2022),Kenya,Uasin Gishu,Moiben,Eldoret,0.5167,35.2833,0
KEN4984,2015-12-06,2015,Violence against civilians,Attack,Police Forces of Kenya (2013-2022),Civilians (Kenya),Kenya,Garissa,Hulugho,Hulugho,-1.15,41.0667,0
KEN4990,2015-12-16,2015,Battles,Armed clash,Military Forces of Kenya (2013-2022),Al Shabaab,Kenya,Lamu,Lamu West,Milihoi,-2.2167,40.7,2
KEN4991,2015-12-19,2015,Strategic developments,Disrupted weapons use,Unidentified Armed Group (Kenya),Police Forces of Kenya (2013-2022),Kenya,Kirinyaga,Kirinyaga South,Kutus,-0.5753,37.3269,0
KEN4993,2015-12-21,2015,Battles,Armed clash,Police Forces of Kenya (2013-2022),Al Shabaab,Kenya,Mandera,Mandera East,Mandera,3.9357,41.8542,3
KEN4997,2015-12-25,2015,Battles,Armed clash,Police Forces of Kenya (2013-2022),Al Shabaab,Kenya,Lamu,Lamu West,Bodhei,-1.8563,40.7166,4
KEN5001,2015-12-27,2015,Battles,Armed clash,Police Forces of Kenya (2013-2022),Al Shabaab,Kenya,Mandera,Mandera South,El Wak,2.8094,40.9358,4
KEN5005,2015-12-28,2015,Riots,Mob violence,Rioters (Kenya),Police Forces of Kenya (2013-2022),Kenya,Mombasa,Nyali,Bombolulu,-4.0235,39.7037,0
KEN5008,2016-01-01,2016,Battles,Armed clash,Police Forces of Kenya (2013-2022),Al Shabaab,Kenya,Lamu,Lamu West,Bargoni,-2.0408,40.7913,0
KEN4983,2015-12-06,2015,Battles,Armed clash,Military Forces of Kenya (2013-2022),Al Shabaab,Kenya,Lamu,Lamu West,Lamu,-2.2717,40.902,7
KEN4988,2015-12-14,2015,Protests,Peaceful protest,Protesters (Kenya),,Kenya,Nairobi,Starehe,Nairobi,-1.283,36.817,0
KEN4989,2015-12-15,2015,Protests,Peaceful protest,Protesters (International),,Kenya,Nairobi,Starehe,Nairobi,-1.283,36.817,0
KEN4974,2015-11-24,2015,Strategic developments,Non-violent transfer of territory,Al Shabaab,,Kenya,Garissa,Garissa,Garissa,-0.4536,39.6461,0
KEN4977,2015-11-28,2015,Protests,Peaceful protest,Protesters (Kenya),,Kenya,Mombasa,Mvita,Mombasa,-4.0547,39.6636,0
KEN4996,2015-12-25,2015,Battles,Armed clash,Kalenjin Ethnic Militia (Kenya),Maasai Ethnic Militia (Kenya),Kenya,Narok,Narok North,Olpusimoru,-0.6581,35.7328,0
KEN4999,2015-12-26,2015,Battles,Armed clash,Kalenjin Ethnic Militia (Kenya),Maasai Ethnic Militia (Kenya),Kenya,Narok,Narok North,Olpusimoru,-0.6581,35.7328,0
KEN5002,2015-12-27,2015,Battles,Armed clash,Kalenjin Ethnic Militia (Kenya),Maasai Ethnic Militia (Kenya),Kenya,Narok,Narok North,Olpusimoru,-0.6581,35.7328,3
KEN4981,2015-12-01,2015,Protests,Protest with intervention,Protesters (Kenya),Police Forces of Kenya (2013-2022),Kenya,Nairobi,Starehe,Nairobi - Starehe,-1.2881,36.8236,0
KEN4986,2015-12-13,2015,Battles,Armed clash,Military Forces of Kenya (2013-2022),Al Shabaab,Kenya,Mandera,Mandera East,Mandera,3.9357,41.8542,1
KEN4987,2015-12-14,2015,Explosions/Remote violence,Remote explosive/landmine/IED,Police Forces of Kenya (2013-2022),Al Shabaab,Kenya,Mandera,Mandera East,Mandera,3.9357,41.8542,7
KEN4998,2015-12-26,2015,Explosions/Remote violence,Remote explosive/landmine/IED,Police Forces of Kenya (2013-2022),Al Shabaab,Kenya,Mandera,Mandera East,Mandera,3.9357,41.8542,1
KEN5013,2016-01-23,2016,Battles,Armed clash,Samburu Ethnic Militia (Kenya),Ndorobo Ethnic Militia (Kenya),Kenya,Isiolo,Isiolo,Leparua,0.38,37.4473,3
KEN5011,2016-01-20,2016,Battles,Armed clash,Police Forces of Kenya (2013-2022),Al Shabaab,Kenya,Kilifi,Malindi,Malindi,-3.22,40.12,4
KEN5012,2016-01-21,2016,Riots,Violent demonstration,Rioters (Kenya),Police Forces of Kenya (2013-2022),Kenya,Laikipia,Laikipia West,Nyahururu,0.0333,36.3667,0
KEN5010,2016-01-10,2016,Protests,Peaceful protest,Protesters (Kenya),,Kenya,Mombasa,Mvita,Mombasa,-4.0547,39.6636,0
KEN21159,2016-01-11,2016,Violence against civilians,Attack,Borana Ethnic Militia (Kenya),Civilians (Kenya),Kenya,Meru,Igembe North,Kina Duba,0.2999,38.1277,2
KEN21160,2016-01-12,2016,Battles,Armed clash,Turkana Ethnic Militia (Kenya),Police Forces of Kenya (2013-2022),Kenya,Meru,Igembe North,Naathu,0.4945,37.7908,0
KEN5022,2016-02-03,2016,Riots,Violent demonstration,Rioters (Kenya),,Kenya,Tharaka-Nithi,Chuka,Ndagani,-0.3167,37.65,0
KEN5015,2016-01-31,2016,Violence against civilians,Attack,Al Shabaab,Civilians (Kenya),Kenya,Lamu,Lamu West,Pandanguo,-2.2347,40.4778,3
KEN5016,2016-01-31,2016,Protests,Peaceful protest,Protesters (Kenya),,Kenya,Lamu,Lamu West,Mpeketoni,-2.3899,40.6987,0
KEN5365,2016-01-31,2016,Violence against civilians,Attack,Tugen Ethnic Militia (Kenya),Civilians (Kenya),Kenya,Baringo,Marigat,Marigat,0.4667,35.9833,1
KEN5369,2016-02-02,2016,Violence against civilians,Attack,Ilchamus Ethnic Militia (Kenya),Civilians (Kenya),Kenya,Baringo,Marigat,Marigat,0.4667,35.9833,3
KEN5014,2016-01-26,2016,Explosions/Remote violence,Remote explosive/landmine/IED,Police Forces of Kenya (2013-2022),Al Shabaab,Kenya,Lamu,Lamu West,Lamu,-2.2717,40.902,6
KEN5017,2016-01-31,2016,Strategic developments,Looting/property destruction,Unidentified Armed Group (Kenya),Civilians (Kenya),Kenya,Meru,Imenti North,Meru,0.05,37.65,0
KEN5024,2016-02-08,2016,Riots,Violent demonstration,Rioters (Kenya),Police Forces of Kenya (2013-2022),Kenya,Tharaka-Nithi,Chuka,Ndagani,-0.3167,37.65,0
KEN5026,2016-02-09,2016,Riots,Violent demonstration,Rioters (Kenya),Police Forces of Kenya (2013-2022),Kenya,Nakuru,Naivasha,Naivasha,-0.7202,36.4285,0
KEN5021,2016-02-02,2016,Battles,Armed clash,Military Forces of Kenya (2013-2022),Al Shabaab,Kenya,Garissa,Hulugho,Boni Forest,-1.5394,41.3314,4
KEN5023,2016-02-04,2016,Riots,Violent demonstration,Rioters (Kenya),,Kenya,Nairobi,Starehe,Nairobi,-1.283,36.817,0
KEN5025,2016-02-08,2016,Riots,Mob violence,Rioters (Kenya),Civilians (Tanzania),Kenya,Nairobi,Kamukunji,Nairobi - Kamukunji,-1.2759,36.8526,1
KEN5019,2016-02-01,2016,Riots,Mob violence,Rioters (Kenya),Police Forces of Kenya (2013-2022),Kenya,Nairobi,Mathare,Nairobi - Mathare,-1.2604,36.8607,0
KEN5027,2016-02-14,2016,Riots,Violent demonstration,Rioters (Kenya),,Kenya,Narok,Narok South,Olololunga,-1.003,35.664,0
KEN5030,2016-03-02,2016,Protests,Peaceful protest,Protesters (Kenya),,Kenya,Narok,Narok North,Narok,-1.0783,35.8601,0
KEN5031,2016-03-05,2016,Riots,Mob violence,Rioters (Kenya),Police Forces of Kenya (2013-2022),Kenya,Kericho,Ainamoi,Kericho,-0.3677,35.2831,0
KEN5029,2016-02-29,2016,Battles,Armed clash,Kikuyu Ethnic Militia (Kenya),Luo Ethnic Militia (Kenya),Kenya,Nairobi,Ruaraka,Nairobi - Ruaraka,-1.2456,36.8799,1
KEN5028,2016-02-20,2016,Battles,Armed clash,Maasai Ethnic Militia (Kenya),Kalenjin Ethnic Militia (Kenya),Kenya,Nairobi,Mathare,Nairobi - Mathare,-1.2604,36.8607,1
KEN21118,2016-02-25,2016,Riots,Mob violence,Rioters (Kenya),Civilians (Kenya),Kenya,Nairobi,Dagoretti South,Nairobi - Dagoretti South,-1.2828,36.7131,4
KEN5033,2016-03-09,2016,Riots,Violent demonstration,Rioters (Kenya),,Kenya,Kiambu,Juja,Juja,-1.1833,37.1167,0
KEN5034,2016-03-12,2016,Protests,Peaceful protest,Protesters (Kenya),,Kenya,Kilifi,Malindi,Malindi,-3.22,40.12,0
KEN5035,2016-03-13,2016,Riots,Mob violence,Rioters (Kenya),Police Forces of Kenya (2013-2022),Kenya,Nakuru,Naivasha,Longonot,-0.9667,36.45,0
KEN5032,2016-03-09,2016,Riots,Mob violence,Rioters (Kenya),Civilians (Ethiopia),Kenya,Nairobi,Roysambu,Nairobi - Roysambu,-1.2067,36.8888,0
KEN5036,2016-03-16,2016,Protests,Peaceful protest,Protesters (Kenya),,Kenya,Mombasa,Mvita,Mombasa,-4.0547,39.6636,0
KEN5038,2016-03-22,2016,Riots,Mob violence,Rioters (Kenya),Civilians (Kenya),Kenya,Nairobi,Mathare,Nairobi - Mathare,-1.2604,36.8607,1
KEN5037,2016-03-20,2016,Riots,Mob violence,Rioters (Kenya),Civilians (Kenya),Kenya,Nairobi,Dagoretti North,Nairobi - Dagoretti North,-1.2793,36.7789,0
KEN5052,2016-04-15,2016,Riots,Violent demonstration,Rioters (Kenya),,Kenya,Makueni,Kibwezi East,Miangeni,-2.65,38.1667,0
KEN5048,2016-04-12,2016,Riots,Violent demonstration,Rioters (Kenya),,Kenya,Uasin Gishu,Moiben,Eldoret,0.5167,35.2833,0
KEN5046,2016-04-05,2016,Protests,Peaceful protest,Protesters (Kenya),,Kenya,Samburu,Samburu North,Lesirikan,1.7833,36.9664,0
KEN5041,2016-03-29,2016,Protests,Peaceful protest,Protesters (Kenya),,Kenya,Embu,Manyatta,Embu,-0.5333,37.45,0
KEN5042,2016-03-29,2016,Riots,Mob violence,Rioters (Kenya),Civilians (Kenya),Kenya,Tharaka-Nithi,Igambang'ombe,Mariani,-0.3261,37.7027,1
KEN5039,2016-03-28,2016,Protests,Peaceful protest,Protesters (Kenya),,Kenya,Samburu,Samburu East,Kirimoni,1.2537,37.2522,0
KEN5044,2016-04-04,2016,Protests,Peaceful protest,Protesters (Kenya),,Kenya,Kirinyaga,Kirinyaga South,Kutus,-0.5753,37.3269,0
KEN5049,2016-04-12,2016,Protests,Peaceful protest,Protesters (Kenya),,Kenya,Kakamega,Lurambi,Kakamega,0.2833,34.7384,0
KEN5047,2016-04-10,2016,Battles,Armed clash,Police Forces of Kenya (2013-2022),Al Shabaab,Kenya,Wajir,Wajir South,Dif,0.9961,40.9631,0
KEN5051,2016-04-13,2016,Protests,Protest with intervention,Protesters (Kenya),Police Forces of Kenya (2013-2022),Kenya,Embu,Manyatta,Embu,-0.5333,37.45,0
KEN5043,2016-03-30,2016,Riots,Violent demonstration,Rioters (Kenya),Police Forces of Kenya (2013-2022),Kenya,Nairobi,Starehe,Nairobi,-1.283,36.817,0
KEN6921,2016-04-11,2016,Violence against civilians,Attack,Unidentified Armed Group (Kenya),Civilians (Kenya),Kenya,Nairobi,Roysambu,Nairobi - Roysambu,-1.2067,36.8888,1
KEN5045,2016-04-04,2016,Riots,Violent demonstration,Rioters (Kenya),Police Forces of Kenya (2013-2022),Kenya,Nairobi,Starehe,Nairobi - Starehe,-1.2881,36.8236,0
KEN5040,2016-03-28,2016,Protests,Peaceful protest,Protesters (Kenya),,Kenya,Nyandarua,Ndaragwa,Mairo Inya,0.0256,36.4078,0
KEN5053,2016-04-21,2016,Riots,Violent demonstration,Rioters (Kenya),,Kenya,Embu,Manyatta,Embu,-0.5333,37.45,0
KEN5057,2016-05-05,2016,Protests,Peaceful protest,Protesters (Kenya),Protesters (Kenya),Kenya,Narok,Transmara East,Emurua Dikirr,-1.0173,35.1036,0
KEN5055,2016-04-26,2016,Riots,Violent demonstration,Rioters (Kenya),Police Forces of Kenya (2013-2022),Kenya,Kisumu,Kisumu Central,Kisumu,-0.1,34.75,0
KEN5054,2016-04-25,2016,Riots,Violent demonstration,Rioters (Kenya),Police Forces of Kenya (2013-2022),Kenya,Nairobi,Starehe,Nairobi,-1.283,36.817,0
KEN5058,2016-05-05,2016,Violence against civilians,Attack,Unidentified Armed Group (Kenya),Civilians (Kenya),Kenya,Nairobi,Langata,Nairobi - Langata,-1.3508,36.7589,1
KEN5056,2016-05-03,2016,Riots,Violent demonstration,Rioters (Kenya),Police Forces of Kenya (2013-2022),Kenya,Nairobi,Roysambu,Nairobi - Roysambu,-1.2067,36.8888,0
KEN5067,2016-05-16,2016,Riots,Mob violence,Rioters (Kenya),Civilians (Kenya),Kenya,Narok,Narok North,Narok,-1.0783,35.8601,1
KEN5062,2016-05-12,2016,Battles,Armed clash,Unidentified Ethnic Militia (Kenya),Unidentified Ethnic Militia (Kenya),Kenya,Elgeyo Marakwet,Keiyo North,Keiyo Valley,0.659,35.5834,4
KEN5060,2016-05-10,2016,Protests,Peaceful protest,Protesters (Kenya),,Kenya,Kwale,Msambweni,Diani,-4.279,39.594,0
KEN5077,2016-05-29,2016,Violence against civilians,Attack,Al Shabaab,Civilians (Kenya),Kenya,Kwale,Msambweni,Diani,-4.279,39.594,3
KEN5078,2016-05-29,2016,Strategic developments,Change to group/activity,Al Shabaab,,Kenya,Wajir,Wajir East,Wajir,1.75,40.06,0
KEN5061,2016-05-10,2016,Protests,Protest with intervention,Protesters (Kenya),Police Forces of Kenya (2013-2022),Kenya,Kisumu,Kisumu Central,Kisumu,-0.1,34.75,0
KEN5065,2016-05-16,2016,Protests,Protest with intervention,Protesters (Kenya),Police Forces of Kenya (2013-2022),Kenya,Kisumu,Kisumu Central,Kisumu,-0.1,34.75,0
KEN5066,2016-05-16,2016,Riots,Violent demonstration,Rioters (Kenya),Police Forces of Kenya (2013-2022),Kenya,Kisii,Nyaribari Chache,Kisii,-0.6833,34.7667,0
KEN5071,2016-05-23,2016,Riots,Violent demonstration,Rioters (Kenya),Police Forces of Kenya (2013-2022),Kenya,Siaya,Alego Usonga,Siaya,0.06,34.2861,2
KEN5072,2016-05-23,2016,Protests,Excessive force against protesters,Protesters (Kenya),Police Forces of Kenya (2013-2022),Kenya,Kisumu,Kisumu Central,Kisumu,-0.1,34.75,1
KEN5073,2016-05-23,2016,Riots,Violent demonstration,Rioters (Kenya),Police Forces of Kenya (2013-2022),Kenya,Kakamega,Lurambi,Kakamega,0.2833,34.7384,0
KEN5075,2016-05-23,2016,Riots,Violent demonstration,Rioters (Kenya),Police Forces of Kenya (2013-2022),Kenya,Migori,Suna West,Migori,-1.0667,34.4667,0
KEN5076,2016-05-23,2016,Protests,Protest with intervention,Protesters (Kenya),Police Forces of Kenya (2013-2022),Kenya,Homa Bay,Homa Bay Town,Homa Bay,-0.5273,34.4571,0
KEN5068,2016-05-18,2016,Riots,Mob violence,Rioters (Kenya),Rioters (Kenya),Kenya,Nyeri,Nyeri Central,Nyeri,-0.4167,36.95,0
KEN5070,2016-05-23,2016,Riots,Violent demonstration,Rioters (Kenya),Police Forces of Kenya (2013-2022),Kenya,Nairobi,Starehe,Nairobi,-1.283,36.817,0
KEN5063,2016-05-15,2016,Riots,Mob violence,Rioters (Kenya),Civilians (Kenya),Kenya,Nairobi,Makadara,Nairobi - Makadara,-1.2966,36.8672,1
KEN5074,2016-05-23,2016,Riots,Violent demonstration,Rioters (Kenya),Police Forces of Kenya (2013-2022),Kenya,Nairobi,Kibra,Nairobi - Kibra,-1.3061,36.7857,0
KEN5069,2016-05-23,2016,Riots,Violent demonstration,Rioters (Kenya),Police Forces of Kenya (2013-2022),Kenya,Mombasa,Mvita,Mombasa,-4.0547,39.6636,0
KEN5059,2016-05-09,2016,Riots,Violent demonstration,Rioters (Kenya),Police Forces of Kenya (2013-2022),Kenya,Nairobi,Starehe,Nairobi - Starehe,-1.2881,36.8236,0
KEN5064,2016-05-16,2016,Riots,Violent demonstration,Rioters (Kenya),Police Forces of Kenya (2013-2022),Kenya,Nairobi,Starehe,Nairobi,-1.283,36.817,0
KEN21111,2016-05-25,2016,Protests,Peaceful protest,Protesters (Kenya),,Kenya,Samburu,Samburu Central,Loosuk,1.1016,36.5002,0
KEN21161,2016-05-26,2016,Riots,Mob violence,Rioters (Kenya),Civilians (Kenya),Kenya,Meru,Imenti North,Thuura,0.0922,37.718,2
KEN5099,2016-06-18,2016,Battles,Armed clash,Luo Ethnic Militia (Kenya),Nandi Ethnic Militia (Kenya),Kenya,Nandi,Chesumei,Kapsabet,0.2039,35.105,2
KEN5096,2016-06-14,2016,Violence against civilians,Attack,Unidentified Armed Group (Kenya),Civilians (Kenya),Kenya,Kiambu,Kiambu Town,Kiambu,-1.1667,36.8333,1
KEN5095,2016-06-14,2016,Riots,Violent demonstration,Rioters (Kenya),,Kenya,Lamu,Lamu West,Lamu,-2.2717,40.902,0
KEN5087,2016-06-06,2016,Riots,Violent demonstration,Rioters (Kenya),,Kenya,Kisumu,Kisumu Central,Kibuye,-0.1421,34.733,0
KEN5083,2016-06-03,2016,Riots,Mob violence,Rioters (Kenya),Civilians (Kenya),Kenya,Kwale,Matuga,Matuga,-4.1666,39.5666,1
KEN5097,2016-06-15,2016,Violence against civilians,Abduction/forced disappearance,Al Shabaab,Civilians (Kenya),Kenya,Mandera,Mandera East,Mandera,3.9357,41.8542,0
KEN5080,2016-05-31,2016,Riots,Violent demonstration,Rioters (Kenya),,Kenya,Isiolo,Isiolo,Isiolo,0.3546,37.5822,0
KEN5085,2016-06-06,2016,Riots,Violent demonstration,Rioters (Kenya),,Kenya,Machakos,Athi River,Mlolongo,-1.3964,36.9403,0
KEN5079,2016-05-31,2016,Violence against civilians,Attack,Al Shabaab,Civilians (Kenya),Kenya,Kwale,Matuga,Kwale,-4.1738,39.4521,3
KEN5098,2016-06-15,2016,Protests,Peaceful protest,Protesters (Kenya),,Kenya,Bungoma,Kanduyi,Bungoma,0.5635,34.5606,0
KEN5088,2016-06-06,2016,Riots,Violent demonstration,Rioters (Kenya),,Kenya,Migori,Suna West,Migori,-1.0667,34.4667,0
KEN5084,2016-06-05,2016,Riots,Violent demonstration,Rioters (Kenya),,Kenya,Migori,Suna West,Migori,-1.0667,34.4667,0
KEN5081,2016-06-01,2016,Protests,Peaceful protest,Protesters (Kenya),,Kenya,Nakuru,Nakuru North,Nakuru,-0.2441,36.142,0
KEN5089,2016-06-06,2016,Riots,Violent demonstration,Rioters (Kenya),Police Forces of Kenya (2013-2022),Kenya,Kisumu,Kisumu Central,Kisumu,-0.1,34.75,2
KEN5091,2016-06-11,2016,Explosions/Remote violence,Remote explosive/landmine/IED,Military Forces of Kenya (2013-2022),Al Shabaab,Kenya,Mandera,Mandera East,Mandera,3.9357,41.8542,0
KEN5092,2016-06-11,2016,Protests,Peaceful protest,Protesters (Kenya),,Kenya,Uasin Gishu,Moiben,Eldoret,0.5167,35.2833,0
KEN5093,2016-06-11,2016,Riots,Violent demonstration,Rioters (Kenya),Police Forces of Kenya (2013-2022),Kenya,Nakuru,Nakuru North,Nakuru,-0.2441,36.142,0
KEN5086,2016-06-06,2016,Protests,Peaceful protest,Protesters (Kenya),,Kenya,Nairobi,Kibra,Nairobi - Kibra,-1.3061,36.7857,0
KEN5082,2016-06-03,2016,Explosions/Remote violence,Remote explosive/landmine/IED,Military Forces of Kenya (2013-2022),Al Shabaab,Kenya,Garissa,Dadaab,Liboi,0.3534,40.8723,10
KEN5090,2016-06-06,2016,Riots,Violent demonstration,Rioters (Kenya),,Kenya,Nairobi,Mathare,Nairobi - Mathare,-1.2604,36.8607,0
KEN5094,2016-06-14,2016,Riots,Violent demonstration,Rioters (Kenya),Police Forces of Kenya (2013-2022),Kenya,Nairobi,Starehe,Nairobi,-1.283,36.817,0
KEN21061,2016-05-30,2016,Riots,Mob violence,Rioters (Kenya),Civilians (Kenya),Kenya,Nairobi,Kasarani,Nairobi - Kasarani,-1.2254,36.8977,1
KEN21162,2016-06-02,2016,Riots,Mob violence,Rioters (Kenya),Civilians (Kenya),Kenya,Nyamira,Nyamira,Nyamira,-0.5666,34.9167,3
KEN5147,2016-07-08,2016,Protests,Peaceful protest,Protesters (Kenya),,Kenya,Kirinyaga,Kirinyaga West,Kiangai,-0.5833,37.2333,0
KEN5121,2016-07-06,2016,Protests,Peaceful protest,Protesters (Kenya),,Kenya,Uasin Gishu,Moiben,Eldoret,0.5167,35.2833,0
KEN5117,2016-07-05,2016,Violence against civilians,Attack,Al Shabaab,Civilians (Kenya),Kenya,Kwale,Msambweni,Mbuwani,-4.3067,39.5188,1
KEN5116,2016-07-04,2016,Protests,Peaceful protest,Protesters (Kenya),,Kenya,Kisii,Nyaribari Chache,Nyamache,-0.7833,34.8333,0
KEN5104,2016-06-21,2016,Protests,Peaceful protest,Protesters (Kenya),,Kenya,Isiolo,Isiolo,Isiolo,0.3546,37.5822,0
KEN5114,2016-07-01,2016,Violence against civilians,Attack,Unidentified Armed Group (Kenya),Civilians (Kenya),Kenya,Mandera,Mandera South,El Wak,2.8094,40.9358,6
KEN5123,2016-07-09,2016,Violence against civilians,Attack,Al Shabaab,Civilians (Kenya),Kenya,Mandera,Lafey,Lafey,3.1508,41.1862,1
KEN5111,2016-06-25,2016,Riots,Violent demonstration,Rioters (Kenya),,Kenya,Kisii,Nyaribari Chache,Kisii,-0.6833,34.7667,0
KEN5102,2016-06-20,2016,Explosions/Remote violence,Remote explosive/landmine/IED,Al Shabaab,Civilians (Kenya),Kenya,Garissa,Hulugho,Hulugho,-1.15,41.0667,1
KEN5108,2016-06-22,2016,Violence against civilians,Attack,Unidentified Communal Militia (Kenya),Civilians (Kenya),Kenya,Kisumu,Muhoroni,Songhor,-0.05,35.2167,1
KEN5107,2016-06-22,2016,Violence against civilians,Attack,Unidentified Communal Militia (Kenya),Civilians (Kenya),Kenya,Kisii,Nyaribari Chache,Kisii,-0.6833,34.7667,1
KEN5100,2016-06-20,2016,Battles,Armed clash,Police Forces of Kenya (2013-2022),Al Shabaab,Kenya,Mandera,Mandera South,El Wak,2.8094,40.9358,5
KEN5101,2016-06-20,2016,Battles,Armed clash,Police Forces of Kenya (2013-2022),Al Shabaab,Kenya,Kwale,Matuga,Kwale,-4.1738,39.4521,1
KEN5103,2016-06-20,2016,Protests,Excessive force against protesters,Protesters (Kenya),Police Forces of Kenya (2013-2022),Kenya,Kisumu,Kisumu Central,Kisumu,-0.1,34.75,2
KEN5106,2016-06-21,2016,Protests,Excessive force against protesters,Protesters (Kenya),Police Forces of Kenya (2013-2022),Kenya,Kisumu,Kisumu Central,Kisumu,-0.1,34.75,2
KEN5109,2016-06-22,2016,Protests,Excessive force against protesters,Protesters (Kenya),Police Forces of Kenya (2013-2022),Kenya,Kisumu,Kisumu Central,Kisumu,-0.1,34.75,1
KEN5119,2016-07-06,2016,Battles,Armed clash,Police Forces of Kenya (2013-2022),Al Shabaab,Kenya,Kwale,Matuga,Kwale,-4.1738,39.4521,1
KEN5120,2016-07-06,2016,Battles,Armed clash,Police Forces of Kenya (2013-2022),Al Shabaab,Kenya,Kwale,Msambweni,Diani,-4.279,39.594,1
KEN5122,2016-07-09,2016,Battles,Non-state actor overtakes territory,Police Forces of Kenya (2013-2022),Al Shabaab,Kenya,Wajir,Wajir South,Dif,0.9961,40.9631,10
KEN6922,2016-06-23,2016,Violence against civilians,Attack,Police Forces of Kenya (2013-2022),Civilians (Kenya),Kenya,Nairobi,Starehe,Nairobi,-1.283,36.817,2
KEN5115,2016-07-04,2016,Protests,Peaceful protest,Protesters (Kenya),,Kenya,Nairobi,Westlands,Nairobi - Westlands,-1.2379,36.7879,0
KEN5124,2016-07-10,2016,Battles,Armed clash,Police Forces of Kenya (2013-2022),Al Shabaab,Kenya,Lamu,Lamu West,Mokowe,-2.2343,40.8466,0
KEN5113,2016-06-30,2016,Battles,Armed clash,Military Forces of Kenya (2013-2022),Al Shabaab,Kenya,Lamu,Lamu West,Lamu,-2.2717,40.902,6
KEN5112,2016-06-29,2016,Battles,Armed clash,Military Forces of Kenya (2013-2022),Al Shabaab,Kenya,Lamu,Lamu East,Milimani,-1.7758,40.8375,4
KEN5110,2016-06-24,2016,Explosions/Remote violence,Remote explosive/landmine/IED,Al Shabaab,,Kenya,Mandera,Lafey,Damasa,3.1597,41.3256,0
KEN5105,2016-06-21,2016,Protests,Peaceful protest,Protesters (Kenya),,Kenya,Nakuru,Rongai,Rongai,-0.1666,35.85,0
KEN5118,2016-07-06,2016,Riots,Violent demonstration,Rioters (Kenya),Police Forces of Kenya (2013-2022),Kenya,Nairobi,Starehe,Nairobi,-1.283,36.817,0
KEN20509,2016-06-22,2016,Strategic developments,Agreement,Somali Ethnic Militia (Kenya),Borana Ethnic Militia (Kenya),Kenya,Isiolo,Garbatulla,Eldera,0.7162,38.6422,0
KEN5132,2016-07-21,2016,Riots,Mob violence,Rioters (Kenya),Civilians (Kenya),Kenya,Busia,Bunyala,Port Bunyala,0.0939,33.9756,0
KEN5127,2016-07-13,2016,Violence against civilians,Attack,Unidentified Armed Group (Kenya),Civilians (Kenya),Kenya,Narok,Transmara West,Kilgoris,-1.0077,34.8806,1
KEN5125,2016-07-12,2016,Strategic developments,Disrupted weapons use,Military Forces of Kenya (2013-2022),Al Shabaab,Kenya,Lamu,Lamu West,Lamu,-2.2717,40.902,0
KEN5128,2016-07-14,2016,Battles,Armed clash,Police Forces of Kenya (2013-2022),Police Forces of Kenya (2013-2022),Kenya,West Pokot,West Pokot,Kapenguria,1.2333,35.1167,6
KEN5129,2016-07-14,2016,Battles,Armed clash,Police Forces of Kenya (2013-2022),Al Shabaab,Kenya,Lamu,Lamu West,Lamu,-2.2717,40.902,1
KEN5126,2016-07-12,2016,Riots,Mob violence,Rioters (Kenya),Rioters (Kenya),Kenya,Kakamega,Mumias West,Mumias,0.3351,34.4864,0
KEN5130,2016-07-19,2016,Riots,Mob violence,Rioters (Kenya),Police Forces of Kenya (2013-2022),Kenya,Mombasa,Likoni,Likoni,-4.0839,39.6616,0
KEN5131,2016-07-21,2016,Battles,Armed clash,Police Forces of Kenya (2013-2022),Al Shabaab,Kenya,Mombasa,Mvita,Mombasa,-4.0547,39.6636,2
KEN5134,2016-07-24,2016,Violence against civilians,Attack,Unidentified Armed Group (Kenya),Civilians (Kenya),Kenya,Kirinyaga,Kirinyaga North,Thiba,-0.6921,37.3402,1
KEN5133,2016-07-23,2016,Protests,Peaceful protest,Protesters (Kenya),,Kenya,Kirinyaga,Kirinyaga Central,Kerugoya,-0.4989,37.2803,0
KEN5135,2016-07-26,2016,Explosions/Remote violence,Remote explosive/landmine/IED,Military Forces of Kenya (2013-2022),Al Shabaab,Kenya,Lamu,Lamu East,Kiunga,-1.741,41.492,0
KEN5137,2016-07-28,2016,Battles,Armed clash,Military Forces of Kenya (2013-2022),Al Shabaab,Kenya,Mandera,Lafey,Fino,3.3711,41.4468,6
KEN5136,2016-07-27,2016,Riots,Violent demonstration,Rioters (Kenya),,Kenya,Nyeri,Mukurweini,Mukurweini,-0.5609,37.0476,0
KEN21078,2016-07-28,2016,Riots,Mob violence,Rioters (Kenya),Civilians (Kenya),Kenya,Kilifi,Kilifi North,Mavueni,-3.6208,39.8493,0
KEN5157,2016-08-20,2016,Riots,Mob violence,Rioters (Kenya),Rioters (Kenya),Kenya,Meru,Imenti North,Meru,0.05,37.65,0
KEN5155,2016-08-18,2016,Protests,Peaceful protest,Protesters (Kenya),,Kenya,Kisii,Nyaribari Masaba,Keroka,-0.7833,34.95,0
KEN5156,2016-08-18,2016,Riots,Mob violence,Rioters (Kenya),Civilians (Kenya),Kenya,Laikipia,Laikipia West,Nyahururu,0.0333,36.3667,1
KEN5151,2016-08-14,2016,Riots,Mob violence,Rioters (Kenya),Civilians (Kenya),Kenya,Kiambu,Gatundu South,Kiriko,-1.0333,36.8833,1
KEN5150,2016-08-14,2016,Battles,Armed clash,Unidentified Communal Militia (Kenya),Unidentified Communal Militia (Kenya),Kenya,Isiolo,Isiolo,Isiolo,0.3546,37.5822,1
KEN5143,2016-08-05,2016,Riots,Violent demonstration,Rioters (Kenya),,Kenya,Makueni,Makueni,Wote,-1.7808,37.6288,0
KEN5140,2016-08-02,2016,Riots,Mob violence,Rioters (Kenya),Civilians (International),Kenya,Narok,Narok East,Duka Moja,-1.1171,36.2435,0
KEN5139,2016-08-01,2016,Protests,Peaceful protest,Protesters (Kenya),,Kenya,Narok,Narok East,Duka Moja,-1.1171,36.2435,0
KEN5148,2016-08-10,2016,Protests,Peaceful protest,Protesters (Kenya),,Kenya,Nakuru,Nakuru North,Nakuru,-0.2441,36.142,0
KEN5144,2016-08-06,2016,Riots,Mob violence,Rioters (Kenya),Civilians (Kenya),Kenya,Narok,Transmara East,Pimbinyiet,-0.9543,35.0452,0
KEN5146,2016-08-07,2016,Violence against civilians,Attack,Unidentified Communal Militia (Kenya),Civilians (Kenya),Kenya,Narok,Transmara East,Pimbinyiet,-0.9543,35.0452,1
KEN5141,2016-08-03,2016,Riots,Mob violence,Rioters (Kenya),Civilians (Kenya),Kenya,Kilifi,Kilifi North,Mavueni,-3.6208,39.8493,1
KEN5138,2016-08-01,2016,Explosions/Remote violence,Remote explosive/landmine/IED,Police Forces of Kenya (2013-2022),Al Shabaab,Kenya,Lamu,Lamu East,Kiunga,-1.741,41.492,0
KEN5145,2016-08-06,2016,Battles,Armed clash,Police Forces of Kenya (2013-2022),Al Shabaab,Kenya,Lamu,Lamu East,Milimani,-1.7758,40.8375,0
KEN5152,2016-08-14,2016,Battles,Armed clash,Police Forces of Kenya (2013-2022),Al Shabaab,Kenya,Mombasa,Kisauni,Kisauni,-4.0333,39.6833,2
KEN5153,2016-08-17,2016,Riots,Mob violence,Rioters (Kenya),Police Forces of Kenya (2013-2022),Kenya,Isiolo,Isiolo,Isiolo,0.3546,37.5822,0
KEN5149,2016-08-14,2016,Battles,Armed clash,Police Forces of Kenya (2013-2022),Al Shabaab,Kenya,Kwale,Msambweni,Diani,-4.279,39.594,1
KEN5154,2016-08-18,2016,Riots,Violent demonstration,Rioters (Kenya),,Kenya,Machakos,Kathiani,Mitaboni,-1.3833,37.25,0
KEN5142,2016-08-03,2016,Riots,Mob violence,Police Forces of Kenya (2013-2022),Rioters (Kenya),Kenya,Siaya,Bondo,Bondo,-0.1003,34.2729,3
KEN19946,2016-08-16,2016,Riots,Mob violence,Rioters (Kenya),,Kenya,Nyeri,Nyeri Central,Kiganjo,-0.3931,37.002,0
KEN20947,2016-08-04,2016,Riots,Mob violence,Rioters (Kenya),Civilians (Kenya),Kenya,Garissa,Garissa,Garissa,-0.4536,39.6461,0
KEN21128,2016-08-20,2016,Riots,Mob violence,Rioters (Kenya),Civilians (Kenya),Kenya,Machakos,Machakos,Katanga,-1.6955,37.3787,1
KEN21129,2016-08-20,2016,Riots,Mob violence,Rioters (Kenya),Civilians (Kenya),Kenya,Machakos,Kangundo,Ngulini,-1.339,37.3657,1
KEN5175,2016-09-08,2016,Protests,Peaceful protest,Protesters (Kenya),,Kenya,Nyeri,Nyeri Central,Nyeri,-0.4167,36.95,0
KEN5176,2016-09-08,2016,Violence against civilians,Attack,Unidentified Communal Militia (Somalia),Civilians (Kenya),Kenya,Isiolo,Isiolo,Isiolo,0.3546,37.5822,1
KEN5167,2016-09-07,2016,Protests,Peaceful protest,Protesters (Kenya),,Kenya,Nyamira,Nyamira,Gianchore,-0.5833,34.8833,0
KEN5166,2016-09-06,2016,Protests,Peaceful protest,Protesters (Kenya),,Kenya,Nyamira,Manga,Tombe,-0.651,34.8724,0
KEN5164,2016-09-02,2016,Protests,Peaceful protest,Protesters (Kenya),,Kenya,Embu,Manyatta,Embu,-0.5333,37.45,0
KEN5165,2016-09-02,2016,Protests,Peaceful protest,Protesters (Kenya),,Kenya,Nyeri,Mathira West,Kiamariga,-0.3833,37.0833,0
KEN5163,2016-08-31,2016,Protests,Peaceful protest,Protesters (Kenya),,Kenya,Kiambu,Thika Town,Thika,-1.05,37.0833,0
KEN5161,2016-08-30,2016,Riots,Violent demonstration,Rioters (Kenya),,Kenya,Kirinyaga,Kirinyaga South,Kutus,-0.5753,37.3269,0
KEN5159,2016-08-26,2016,Protests,Peaceful protest,Protesters (Kenya),,Kenya,Kirinyaga,Kirinyaga East,Thumaita,-0.4466,37.366,0
KEN5170,2016-09-08,2016,Protests,Peaceful protest,Protesters (Kenya),,Kenya,Uasin Gishu,Moiben,Eldoret,0.5167,35.2833,0
KEN5171,2016-09-08,2016,Protests,Peaceful protest,Protesters (Kenya),,Kenya,Trans Nzoia,Saboti,Kitale,1.0167,35,0
KEN5168,2016-09-07,2016,Protests,Peaceful protest,Protesters (Kenya),,Kenya,Kisii,Nyaribari Chache,Kisii,-0.6833,34.7667,0
KEN5160,2016-08-27,2016,Explosions/Remote violence,Remote explosive/landmine/IED,Al Shabaab,Civilians (Kenya),Kenya,Lamu,Lamu West,Lamu,-2.2717,40.902,1
KEN5173,2016-09-08,2016,Protests,Peaceful protest,Protesters (Kenya),,Kenya,Nakuru,Nakuru North,Nakuru,-0.2441,36.142,0
KEN5162,2016-08-30,2016,Protests,Peaceful protest,Protesters (Kenya),,Kenya,Migori,Suna West,Migori,-1.0667,34.4667,0
KEN5158,2016-08-23,2016,Protests,Peaceful protest,Protesters (Kenya),,Kenya,Nyeri,Kieni East,Naro Moru,-0.17,37.02,0
KEN5169,2016-09-07,2016,Violence against civilians,Attack,Unidentified Armed Group (Kenya),Civilians (Kenya),Kenya,Trans Nzoia,Saboti,Kitale,1.0167,35,1
KEN5172,2016-09-08,2016,Protests,Peaceful protest,Protesters (Kenya),,Kenya,Nairobi,Starehe,Nairobi,-1.283,36.817,0
KEN5177,2016-09-09,2016,Explosions/Remote violence,Remote explosive/landmine/IED,Military Forces of Kenya (2013-2022),Al Shabaab,Kenya,Mandera,Mandera East,Mandera,3.9357,41.8542,4
KEN5174,2016-09-08,2016,Protests,Peaceful protest,Protesters (Kenya),,Kenya,Meru,Imenti North,Meru,0.05,37.65,0
KEN5178,2016-09-10,2016,Battles,Armed clash,Borana Ethnic Militia (Kenya),Darod-Auliyan Sub-Clan Militia (Somalia),Kenya,Isiolo,Garbatulla,Garbatulla,0.5333,38.52,4
KEN20563,2016-08-22,2016,Riots,Mob violence,Rioters (Kenya),Rioters (Kenya),Kenya,Migori,Rongo,Kamagambo,-0.7387,34.6275,0
KEN5197,2016-09-30,2016,Riots,Violent demonstration,Rioters (Kenya),,Kenya,Kwale,Matuga,Tiwi,-4.2543,39.587,0
KEN5194,2016-09-27,2016,Protests,Peaceful protest,Protesters (Kenya),,Kenya,Elgeyo Marakwet,Keiyo North,Iten,0.6702,35.5077,0
KEN5191,2016-09-23,2016,Riots,Violent demonstration,Rioters (Kenya),,Kenya,Kwale,Matuga,Kwale,-4.1738,39.4521,0
KEN5186,2016-09-19,2016,Riots,Mob violence,Rioters (Kenya),Civilians (Kenya),Kenya,Nyeri,Nyeri Central,Nyeri,-0.4167,36.95,1
KEN5182,2016-09-13,2016,Riots,Violent demonstration,Rioters (Kenya),,Kenya,Embu,Mbeere North,Siakago,-0.5833,37.6333,0
KEN5183,2016-09-13,2016,Protests,Peaceful protest,Protesters (Kenya),,Kenya,Marsabit,North Horr,North Horr,3.3167,37.0667,0
KEN5181,2016-09-12,2016,Riots,Violent demonstration,Rioters (Kenya),,Kenya,Embu,Manyatta,Manyatta,-0.4307,37.4803,0
KEN5180,2016-09-12,2016,Battles,Armed clash,Maasai Ethnic Militia (Kenya),Kipsigi Ethnic Militia (Kenya),Kenya,Narok,Narok North,Narok,-1.0783,35.8601,0
KEN5189,2016-09-22,2016,Battles,Armed clash,Police Forces of Kenya (2013-2022),Al Shabaab,Kenya,Garissa,Dadaab,Liboi,0.3534,40.8723,1
KEN5195,2016-09-27,2016,Protests,Protest with intervention,Protesters (Kenya),Police Forces of Kenya (2013-2022),Kenya,Uasin Gishu,Moiben,Eldoret,0.5167,35.2833,0
KEN5188,2016-09-21,2016,Protests,Peaceful protest,Protesters (Kenya),,Kenya,Nairobi,Starehe,Nairobi,-1.283,36.817,0
KEN5190,2016-09-22,2016,Battles,Armed clash,Police Forces of Kenya (2013-2022),Al Shabaab,Kenya,Garissa,Garissa,Garissa,-0.4536,39.6461,6
KEN5187,2016-09-21,2016,Protests,Peaceful protest,Protesters (Kenya),,Kenya,Mombasa,Mvita,Mombasa,-4.0547,39.6636,0
KEN5193,2016-09-27,2016,Battles,Armed clash,Police Forces of Kenya (2013-2022),Al Shabaab,Kenya,Mombasa,Mvita,Mombasa,-4.0547,39.6636,1
KEN5196,2016-09-29,2016,Protests,Peaceful protest,Protesters (Kenya),,Kenya,Nakuru,Rongai,Rongai,-0.1666,35.85,0
KEN5185,2016-09-17,2016,Riots,Mob violence,Rioters (Kenya),Rioters (Kenya),Kenya,Kirinyaga,Kirinyaga South,Wang'uru,-0.6844,37.3582,0
KEN5179,2016-09-11,2016,Battles,Armed clash,Police Forces of Kenya (2013-2022),Islamic State (IS),Kenya,Mombasa,Mvita,Mombasa,-4.0547,39.6636,3
KEN5184,2016-09-16,2016,Protests,Peaceful protest,Protesters (Kenya),,Kenya,Nairobi,Starehe,Nairobi,-1.283,36.817,0
KEN5192,2016-09-27,2016,Riots,Violent demonstration,Rioters (Kenya),Police Forces of Kenya (2013-2022),Kenya,Kajiado,Loitokitok,Ongata Rongai,-2.75,37.3833,0
KEN5212,2016-10-15,2016,Protests,Peaceful protest,Protesters (Kenya),,Kenya,Tharaka-Nithi,Chuka,Chuka,-0.3333,37.65,0
KEN5208,2016-10-12,2016,Protests,Peaceful protest,Protesters (Kenya),,Kenya,Nyeri,Mathira East,Karatina,-0.4817,37.1251,0
KEN5206,2016-10-11,2016,Protests,Peaceful protest,Protesters (Kenya),,Kenya,Isiolo,Isiolo,Isiolo,0.3546,37.5822,0
KEN5203,2016-10-10,2016,Violence against civilians,Attack,Unidentified Communal Militia (Kenya),Civilians (Kenya),Kenya,Nakuru,Naivasha,Naivasha,-0.7202,36.4285,1
KEN5199,2016-10-03,2016,Protests,Peaceful protest,Protesters (Kenya),,Kenya,Nyeri,Nyeri Central,Nyeri,-0.4167,36.95,0
KEN5201,2016-10-07,2016,Riots,Mob violence,Rioters (Kenya),Civilians (Kenya),Kenya,Meru,Imenti North,Meru,0.05,37.65,1
KEN5204,2016-10-11,2016,Riots,Violent demonstration,Rioters (Kenya),,Kenya,Bungoma,Kabuchai,Chwele,0.7333,34.5833,0
KEN5200,2016-10-06,2016,Violence against civilians,Attack,Al Shabaab,Civilians (Kenya),Kenya,Mandera,Mandera East,Mandera,3.9357,41.8542,6
KEN5198,2016-10-03,2016,Protests,Peaceful protest,Protesters (Kenya),,Kenya,Garissa,Garissa,Garissa,-0.4536,39.6461,0
KEN6231,2016-10-05,2016,Riots,Violent demonstration,Rioters (Kenya),,Kenya,Kakamega,Lurambi,Kakamega,0.2833,34.7384,0
KEN6230,2016-10-04,2016,Riots,Violent demonstration,Rioters (Kenya),,Kenya,Kakamega,Lurambi,Kakamega,0.2833,34.7384,0
KEN5216,2016-10-20,2016,Riots,Mob violence,Rioters (Kenya),Civilians (Kenya),Kenya,Kisii,Kitutu Chache North,Samogara,-0.5847,34.8408,1
KEN6229,2016-10-03,2016,Riots,Violent demonstration,Rioters (Kenya),,Kenya,Kakamega,Lurambi,Kakamega,0.2833,34.7384,0
KEN5202,2016-10-10,2016,Protests,Protest with intervention,Protesters (Kenya),Police Forces of Kenya (2013-2022),Kenya,Busia,Teso North,Malaba,0.6346,34.2756,0
KEN5214,2016-10-17,2016,Battles,Armed clash,Police Forces of Kenya (2013-2022),Al Shabaab,Kenya,Mandera,Mandera East,Mandera,3.9357,41.8542,1
KEN5215,2016-10-17,2016,Riots,Violent demonstration,Police Forces of Kenya (2013-2022),Rioters (Kenya),Kenya,Kisii,Nyaribari Chache,Kisii,-0.6833,34.7667,0
KEN6232,2016-10-09,2016,Violence against civilians,Attack,Police Forces of Kenya (2013-2022),Civilians (Kenya),Kenya,Samburu,Samburu North,Baragoi,1.7833,36.7833,0
KEN5210,2016-10-13,2016,Protests,Peaceful protest,Protesters (Kenya),,Kenya,Nairobi,Starehe,Nairobi,-1.283,36.817,0
KEN6233,2016-10-21,2016,Riots,Violent demonstration,Rioters (Kenya),,Kenya,Nairobi,Starehe,Nairobi,-1.283,36.817,0
KEN5205,2016-10-11,2016,Protests,Peaceful protest,Protesters (Kenya),,Kenya,Tana River,Galole,Hola,-1.5036,40.0333,0
KEN5207,2016-10-12,2016,Protests,Peaceful protest,Protesters (Kenya),,Kenya,Tana River,Galole,Hola,-1.5036,40.0333,0
KEN5209,2016-10-13,2016,Protests,Peaceful protest,Protesters (Kenya),,Kenya,Tana River,Galole,Hola,-1.5036,40.0333,0
KEN5211,2016-10-14,2016,Protests,Peaceful protest,Protesters (Kenya),,Kenya,Tana River,Galole,Hola,-1.5036,40.0333,0
KEN5213,2016-10-15,2016,Riots,Violent demonstration,Rioters (Kenya),Police Forces of Kenya (2013-2022),Kenya,Tana River,Galole,Hola,-1.5036,40.0333,0
KEN5235,2016-11-12,2016,Riots,Mob violence,Rioters (Kenya),Civilians (Kenya),Kenya,Meru,Imenti North,Meru,0.05,37.65,1
KEN5222,2016-10-31,2016,Riots,Mob violence,Rioters (Kenya),Civilians (Kenya),Kenya,Baringo,Tiaty,Salawa,0.7833,36.0333,1
KEN5223,2016-10-31,2016,Riots,Mob violence,Rioters (Kenya),Civilians (Kenya),Kenya,Kisumu,Kisumu West,Maseno,-0.0042,34.6095,1
KEN5218,2016-10-25,2016,Violence against civilians,Attack,Unidentified Armed Group (Kenya),Civilians (Kenya),Kenya,Turkana,Turkana Central,Lodwar,3.1191,35.5973,0
KEN5226,2016-11-02,2016,Protests,Peaceful protest,Protesters (Kenya),,Kenya,Kisii,Nyaribari Chache,Kisii,-0.6833,34.7667,0
KEN5227,2016-11-05,2016,Battles,Armed clash,Jibril Clan Militia (Kenya),Matan Clan Militia (Kenya),Kenya,Wajir,Wajir East,Wajir,1.75,40.06,6
KEN5228,2016-11-05,2016,Battles,Armed clash,Kisii Ethnic Militia (Kenya),Kipsigi Ethnic Militia (Kenya),Kenya,Kisii,Nyaribari Chache,Kisii,-0.6833,34.7667,1
KEN5229,2016-11-05,2016,Protests,Peaceful protest,Protesters (Kenya),,Kenya,Meru,Imenti North,Meru,0.05,37.65,0
KEN6239,2016-11-07,2016,Protests,Peaceful protest,Protesters (Kenya),,Kenya,Kisumu,Kisumu Central,Kisumu,-0.1,34.75,0
KEN5231,2016-11-06,2016,Riots,Mob violence,Rioters (Kenya),Rioters (Kenya),Kenya,Bomet,Bomet East,Bomet,-0.7833,35.35,0
KEN5219,2016-10-26,2016,Riots,Mob violence,Rioters (Kenya),Jubilee Party,Kenya,Kisii,Bobasi,Nyacheki,-0.9,34.88,0
KEN5221,2016-10-31,2016,Protests,Protest with intervention,Protesters (Kenya),Police Forces of Kenya (2013-2022),Kenya,Muranga,Kiharu,Muranga,-0.7166,37.15,0
KEN5230,2016-11-05,2016,Protests,Protest with intervention,Protesters (Kenya),Police Forces of Kenya (2013-2022),Kenya,Nyeri,Nyeri Central,Tetu,-0.4333,36.8833,0
KEN5234,2016-11-09,2016,Riots,Violent demonstration,Rioters (Kenya),Police Forces of Kenya (2013-2022),Kenya,Busia,Butula,Butula,0.3392,34.3342,1
KEN6236,2016-10-28,2016,Riots,Violent demonstration,Police Forces of Kenya (2013-2022),Rioters (Kenya),Kenya,Nakuru,Kuresoi South,Keringet,-0.4666,35.6833,0
KEN6237,2016-10-31,2016,Riots,Mob violence,Police Forces of Kenya (2013-2022),Rioters (Kenya),Kenya,Kisumu,Kisumu West,Maseno,-0.0042,34.6095,0
KEN5224,2016-11-02,2016,Protests,Protest with intervention,Protesters (Kenya),Police Forces of Kenya (2013-2022),Kenya,Nairobi,Starehe,Nairobi,-1.283,36.817,0
KEN5233,2016-11-09,2016,Protests,Peaceful protest,Protesters (Kenya),,Kenya,Nairobi,Starehe,Nairobi,-1.283,36.817,0
KEN5232,2016-11-09,2016,Riots,Violent demonstration,Rioters (Kenya),,Kenya,Nairobi,Makadara,Nairobi - Makadara,-1.2966,36.8672,0
KEN6234,2016-10-23,2016,Riots,Mob violence,Rioters (Kenya),Civilians (Kenya),Kenya,Mombasa,Jomvu,Jomvu,-3.985,39.614,0
KEN6235,2016-10-26,2016,Protests,Peaceful protest,Protesters (Kenya),,Kenya,Mombasa,Mvita,Mombasa,-4.0547,39.6636,0
KEN5220,2016-10-27,2016,Battles,Armed clash,Police Forces of Kenya (2013-2022) General Service Unit,Islamic State (IS),Kenya,Nairobi,Starehe,Nairobi,-1.283,36.817,1
KEN16993,2016-10-25,2016,Strategic developments,Change to group/activity,Government of Kenya (2013-2022),,Kenya,Mandera,Mandera East,Mandera,3.9357,41.8542,0
KEN5217,2016-10-25,2016,Explosions/Remote violence,Remote explosive/landmine/IED,Al Shabaab,Civilians (Kenya),Kenya,Mandera,Mandera East,Mandera,3.9357,41.8542,12
KEN6238,2016-11-03,2016,Protests,Excessive force against protesters,Protesters (Kenya),Police Forces of Kenya (2013-2022),Kenya,Nairobi,Dagoretti North,Nairobi - Dagoretti North,-1.2793,36.7789,0
KEN20846,2016-11-11,2016,Riots,Mob violence,Rioters (Kenya),Civilians (Kenya),Kenya,Meru,Imenti South,Kiamweri,-0.1434,37.5843,1
KEN5251,2016-12-02,2016,Explosions/Remote violence,Remote explosive/landmine/IED,Al Shabaab,Civilians (Kenya),Kenya,Mandera,Mandera East,Mandera,3.9357,41.8542,0
KEN5245,2016-11-28,2016,Protests,Peaceful protest,Protesters (Kenya),,Kenya,Isiolo,Isiolo,Isiolo,0.3546,37.5822,0
KEN5246,2016-11-28,2016,Protests,Peaceful protest,Protesters (Kenya),,Kenya,Nandi,Nandi East,Nandi Hills,0.1066,35.1838,0
KEN5236,2016-11-15,2016,Protests,Peaceful protest,Protesters (Kenya),,Kenya,Baringo,Koibatek,Eldama Ravine,0.052,35.731,0
KEN5237,2016-11-15,2016,Strategic developments,Change to group/activity,Al Shabaab,,Kenya,Garissa,Ijara,Ijara,-1.5952,40.5144,0
KEN6241,2016-11-20,2016,Strategic developments,Looting/property destruction,Unidentified Armed Group (Kenya),,Kenya,Mombasa,Mvita,Majengo,-4.0486,39.6706,0
KEN5241,2016-11-20,2016,Battles,Armed clash,Jimo Communal Militia (Kenya),Agoro Communal Militia (Kenya),Kenya,Kisumu,Nyakach,Nyakach,-0.3835,34.9324,2
KEN5240,2016-11-19,2016,Battles,Armed clash,Jimo Communal Militia (Kenya),Agoro Communal Militia (Kenya),Kenya,Kisumu,Nyakach,Nyakach,-0.3835,34.9324,1
KEN5243,2016-11-22,2016,Violence against civilians,Attack,Unidentified Armed Group (Kenya),Civilians (Kenya),Kenya,Wajir,Wajir East,Wajir,1.75,40.06,0
KEN5249,2016-11-30,2016,Protests,Peaceful protest,Protesters (Kenya),,Kenya,Tharaka-Nithi,Tharaka South,Kathwana,-0.1282,37.9358,0
KEN5252,2016-12-03,2016,Riots,Violent demonstration,Rioters (Kenya),,Kenya,Nakuru,Nakuru North,Nakuru,-0.2441,36.142,0
KEN6243,2016-11-27,2016,Battles,Armed clash,Pokot Ethnic Militia (Kenya),Turkana Ethnic Militia (Kenya),Kenya,Turkana,Turkana East,Lomelo,1.5,35.9167,1
KEN6240,2016-11-20,2016,Protests,Peaceful protest,Protesters (Kenya),,Kenya,Tharaka-Nithi,Chuka,Chuka,-0.3333,37.65,0
KEN5238,2016-11-18,2016,Riots,Violent demonstration,Rioters (Kenya),Police Forces of Kenya (2013-2022),Kenya,Nyeri,Nyeri Central,Nyeri,-0.4167,36.95,0
KEN5239,2016-11-19,2016,Battles,Armed clash,Military Forces of Kenya (2013-2022),Al Shabaab,Kenya,Mandera,Mandera South,El Wak,2.8094,40.9358,4
KEN5242,2016-11-22,2016,Battles,Armed clash,Police Forces of Kenya (2013-2022),Unidentified Armed Group (Kenya),Kenya,Wajir,Wajir East,Wajir,1.75,40.06,0
KEN5247,2016-11-29,2016,Explosions/Remote violence,Remote explosive/landmine/IED,Police Forces of Kenya (2013-2022),Al Shabaab,Kenya,Mandera,Mandera East,Mandera,3.9357,41.8542,0
KEN5248,2016-11-30,2016,Riots,Violent demonstration,Police Forces of Kenya (2013-2022),Rioters (Kenya),Kenya,Migori,Kuria West,Isebania,-1.2167,34.4667,0
KEN5250,2016-12-01,2016,Strategic developments,Looting/property destruction,Unidentified Armed Group (Kenya),Government of Kenya (2013-2022),Kenya,Vihiga,Vihiga,Vihiga,0.0802,34.7237,0
KEN6242,2016-11-22,2016,Protests,Peaceful protest,Protesters (Kenya),,Kenya,Nairobi,Starehe,Nairobi,-1.283,36.817,0
KEN5244,2016-11-22,2016,Violence against civilians,Attack,Al Shabaab,Civilians (Kenya),Kenya,Garissa,Garissa,Garissa,-0.4536,39.6461,0
KEN6244,2016-11-28,2016,Protests,Peaceful protest,Protesters (Kenya),,Kenya,Nairobi,Dagoretti North,Nairobi - Dagoretti North,-1.2793,36.7789,0
KEN5264,2016-12-20,2016,Riots,Violent demonstration,Rioters (Kenya),,Kenya,Taita Taveta,Voi,Sagalla,-3.5101,38.5746,0
KEN5263,2016-12-19,2016,Violence against civilians,Attack,Pokot Ethnic Militia (Kenya),Civilians (Kenya),Kenya,Turkana,Turkana Central,Kerio,2.9833,36.1167,2
KEN5260,2016-12-16,2016,Protests,Peaceful protest,Protesters (Kenya),,Kenya,Nyeri,Nyeri Central,Nyeri,-0.4167,36.95,0
KEN5270,2016-12-23,2016,Violence against civilians,Attack,Al Shabaab,Civilians (Kenya),Kenya,Wajir,Tarbaj,Tarbaj,2.216,40.12,2
KEN5261,2016-12-16,2016,Riots,Violent demonstration,Rioters (Kenya),Civilians (Kenya),Kenya,Kitui,Kitui Central,Kitui,-1.3667,38.0167,1
KEN5259,2016-12-15,2016,Protests,Peaceful protest,Protesters (Kenya),,Kenya,Migori,Suna West,Migori,-1.0667,34.4667,0
KEN5266,2016-12-20,2016,Violence against civilians,Attack,Maasai Ethnic Militia (Kenya),Civilians (Kenya),Kenya,Narok,Transmara West,Kilgoris,-1.0077,34.8806,1
KEN5265,2016-12-20,2016,Violence against civilians,Attack,Kipsigi Ethnic Militia (Kenya),Civilians (Kenya),Kenya,Narok,Transmara West,Kilgoris,-1.0077,34.8806,2
KEN5267,2016-12-21,2016,Battles,Armed clash,Kipsigi Ethnic Militia (Kenya),Maasai Ethnic Militia (Kenya),Kenya,Narok,Transmara West,Kilgoris,-1.0077,34.8806,3
KEN6249,2016-12-24,2016,Violence against civilians,Attack,Somali Ethnic Militia (Kenya),Civilians (Kenya),Kenya,Kitui,Kitui Central,Kitui,-1.3667,38.0167,1
KEN6250,2016-12-24,2016,Battles,Armed clash,Pokot Ethnic Militia (Kenya),Marakwet Ethnic Militia (Kenya),Kenya,Turkana,Turkana Central,Kerio,2.9833,36.1167,0
KEN6246,2016-12-08,2016,Protests,Peaceful protest,Protesters (Kenya),,Kenya,Kitui,Kitui Central,Kitui,-1.3667,38.0167,0
KEN6247,2016-12-12,2016,Riots,Mob violence,Rioters (Kenya),Rioters (Kenya),Kenya,Meru,Imenti North,Meru,0.05,37.65,0
KEN5256,2016-12-12,2016,Violence against civilians,Attack,Police Forces of Kenya (2013-2022),Civilians (Kenya),Kenya,Nyamira,Masaba North,Nyakongo,-0.7,34.9833,0
KEN5257,2016-12-12,2016,Protests,Protest with intervention,Protesters (Kenya),Police Forces of Kenya (2013-2022),Kenya,Nairobi,Starehe,Nairobi,-1.283,36.817,0
KEN5268,2016-12-22,2016,Protests,Peaceful protest,Protesters (Kenya),,Kenya,Nairobi,Starehe,Nairobi,-1.283,36.817,0
KEN5258,2016-12-15,2016,Battles,Armed clash,Military Forces of Kenya (2013-2022),Al Shabaab,Kenya,Garissa,Hulugho,Hulugho,-1.15,41.0667,4
KEN5254,2016-12-12,2016,Battles,Armed clash,Military Forces of Kenya (2013-2022),Al Shabaab,Kenya,Mandera,Mandera South,Daba Siti,2.6106,40.8863,0
KEN5262,2016-12-19,2016,Violence against civilians,Attack,Kabasiran Clan Militia (Kenya),Civilians (Kenya),Kenya,Elgeyo Marakwet,Marakwet East,Tot,1.2003,35.6588,2
KEN6248,2016-12-20,2016,Battles,Armed clash,Kabasiran Clan Militia (Kenya),Kapshoi Clan Militia (Kenya),Kenya,Elgeyo Marakwet,Marakwet East,Tot,1.2003,35.6588,0
KEN16480,2016-12-08,2016,Riots,Mob violence,Rioters (Kenya),Civilians (Kenya),Kenya,Kilifi,Kilifi North,Matsangoni,-3.3868,39.9165,1
KEN5255,2016-12-12,2016,Protests,Peaceful protest,Protesters (Kenya),,Kenya,Nyandarua,Ndaragwa,Mairo Inya,0.0256,36.4078,0
KEN5253,2016-12-09,2016,Battles,Armed clash,Military Forces of Kenya (2013-2022),Al Shabaab,Kenya,Garissa,Hulugho,Hulugho,-1.15,41.0667,4
KEN5269,2016-12-23,2016,Battles,Armed clash,Police Forces of Kenya (2013-2022),MRC: Mombasa Republican Council,Kenya,Kwale,Matuga,Kombani,-4.1999,39.5811,1
KEN5275,2017-01-04,2017,Battles,Armed clash,Kipsigi Ethnic Militia (Kenya),Maasai Ethnic Militia (Kenya),Kenya,Narok,Narok North,Narok,-1.0783,35.8601,1
KEN5274,2017-01-03,2017,Riots,Violent demonstration,Rioters (Kenya),,Kenya,Nyeri,Nyeri Central,Muruguru,-0.4631,37.0371,0
KEN5273,2016-12-31,2016,Riots,Violent demonstration,Rioters (Kenya),,Kenya,Kisumu,Kisumu East,Nyamasaria,-0.1161,34.7837,0
KEN5271,2016-12-26,2016,Violence against civilians,Attack,Pokot Ethnic Militia (Kenya),Civilians (Kenya),Kenya,Elgeyo Marakwet,Marakwet East,Chesongoch,1.1333,35.6333,1
KEN6251,2016-12-25,2016,Strategic developments,Other,Pokot Ethnic Militia (Kenya),,Kenya,Baringo,Marigat,Marigat,0.4667,35.9833,0
KEN6253,2016-12-27,2016,Strategic developments,Other,Pokot Ethnic Militia (Kenya),,Kenya,Baringo,Marigat,Makutani,0.5,36,0
KEN5272,2016-12-28,2016,Violence against civilians,Attack,Maasai Ethnic Militia (Kenya),Civilians (Kenya),Kenya,Narok,Transmara West,Kilgoris,-1.0077,34.8806,1
KEN6254,2017-01-02,2017,Violence against civilians,Attack,Somali Ethnic Militia (Kenya),Civilians (Kenya),Kenya,Kitui,Kitui Central,Kitui,-1.3667,38.0167,2
KEN6252,2016-12-26,2016,Battles,Armed clash,Naivasha Communal Militia (Kenya),Kinangop Communal Militia (Kenya),Kenya,Nakuru,Naivasha,Naivasha,-0.7202,36.4285,0
KEN20369,2017-01-04,2017,Riots,Mob violence,Rioters (Kenya),Civilians (Kenya),Kenya,Narok,Narok North,Narok,-1.0783,35.8601,4
KEN5278,2017-01-09,2017,Riots,Mob violence,Rioters (Kenya),Civilians (Kenya),Kenya,Narok,Narok North,Narok,-1.0783,35.8601,0
KEN5277,2017-01-08,2017,Battles,Armed clash,Kipsigi Ethnic Militia (Kenya),Maasai Ethnic Militia (Kenya),Kenya,Narok,Narok North,Narok,-1.0783,35.8601,1
KEN5279,2017-01-13,2017,Riots,Mob violence,Rioters (Kenya),Civilians (Kenya),Kenya,Bomet,Bomet Central,Chepkositonik,-0.7333,35.3667,1
KEN6255,2017-01-10,2017,Strategic developments,Other,Somali Ethnic Militia (Kenya),,Kenya,Kitui,Kitui Central,Kitui,-1.3667,38.0167,0
KEN5280,2017-01-14,2017,Riots,Mob violence,Rioters (Kenya),Civilians (Kenya),Kenya,Nyamira,Nyamira,Nyamira,-0.5666,34.9167,2
KEN5276,2017-01-05,2017,Riots,Violent demonstration,Rioters (Kenya),Police Forces of Kenya (2013-2022),Kenya,Busia,Butula,Bumala,0.3036,34.2014,0
KEN20214,2017-01-11,2017,Battles,Armed clash,Police Forces of Kenya (2013-2022) National Police Reservists,Pokot Ethnic Militia (Kenya),Kenya,Turkana,Turkana East,Lomelo,1.5,35.9167,3
KEN5286,2017-01-24,2017,Protests,Peaceful protest,Protesters (Kenya),,Kenya,Isiolo,Isiolo,Isiolo,0.3546,37.5822,0
KEN5282,2017-01-20,2017,Battles,Armed clash,Unidentified Communal Militia (Kenya),Unidentified Communal Militia (Kenya),Kenya,Kisumu,Kisumu West,Kanyakwar,-0.0667,34.75,3
KEN5283,2017-01-21,2017,Protests,Peaceful protest,Protesters (Kenya),,Kenya,Kisumu,Kisumu West,Kanyakwar,-0.0667,34.75,0
KEN6263,2017-01-22,2017,Protests,Peaceful protest,Protesters (Kenya),,Kenya,Kitui,Kitui Central,Kitui,-1.3667,38.0167,0
KEN6259,2017-01-19,2017,Protests,Peaceful protest,Protesters (Kenya),,Kenya,Nakuru,Njoro,Egerton University,-0.3697,35.9358,0
KEN6258,2017-01-19,2017,Protests,Peaceful protest,Protesters (Kenya),,Kenya,Machakos,Machakos,Machakos,-1.5167,37.2667,0
KEN6256,2017-01-16,2017,Battles,Armed clash,Kowow Clan Militia (Kenya),Marakwet Ethnic Militia (Kenya),Kenya,Elgeyo Marakwet,Marakwet West,Elegeyo-Marakwet,0.99,35.55,0
KEN5281,2017-01-18,2017,Riots,Violent demonstration,Rioters (Kenya),Police Forces of Kenya (2013-2022),Kenya,Laikipia,Laikipia North,Laikipia,0.4167,36.75,0
KEN5284,2017-01-23,2017,Battles,Armed clash,Police Forces of Kenya (2013-2022),Al Shabaab,Kenya,Mandera,Mandera East,Mandera,3.9357,41.8542,1
KEN5285,2017-01-23,2017,Riots,Mob violence,Rioters (Kenya),Civilians (Kenya),Kenya,Nairobi,Starehe,Nairobi,-1.283,36.817,2
KEN6257,2017-01-19,2017,Protests,Peaceful protest,Protesters (Kenya),,Kenya,Nairobi,Starehe,Nairobi,-1.283,36.817,0
KEN5288,2017-01-25,2017,Riots,Mob violence,Rioters (Kenya),Civilians (Kenya),Kenya,Nairobi,Embakasi North,Nairobi - Embakasi North,-1.2517,36.8995,0
KEN5287,2017-01-25,2017,Protests,Peaceful protest,Protesters (Kenya),,Kenya,Mombasa,Changamwe,Changamwe,-4.0166,39.6333,0
KEN6262,2017-01-21,2017,Riots,Mob violence,Police Forces of Kenya (2013-2022),Rioters (Kenya),Kenya,Mombasa,Kisauni,Nguu Tata,-3.9667,39.6833,0
KEN6261,2017-01-21,2017,Violence against civilians,Attack,Somali Ethnic Militia (Kenya),Civilians (Kenya),Kenya,Kitui,Mwingi Central Sub- County,Ukasi,-0.8373,38.2978,1
KEN21114,2017-01-17,2017,Riots,Mob violence,Rioters (Kenya),Civilians (Kenya),Kenya,Kilifi,Ganze,Kitengwani,-3.5278,39.7767,1
KEN5289,2017-01-30,2017,Protests,Peaceful protest,Protesters (Kenya),,Kenya,Kirinyaga,Kirinyaga South,Kutus,-0.5753,37.3269,0
KEN6264,2017-01-29,2017,Riots,Mob violence,Rioters (Kenya),Civilians (Kenya),Kenya,Homa Bay,Karachuonyo,Kendu Bay,-0.3589,34.6492,2
KEN5290,2017-02-01,2017,Battles,Armed clash,Police Forces of Kenya (2013-2022),Al Shabaab,Kenya,Mandera,Mandera East,Arabia,3.5254,41.4991,11
KEN5291,2017-02-04,2017,Riots,Mob violence,Rioters (Kenya),Civilians (Kenya),Kenya,Nairobi,Langata,Nairobi - Langata,-1.3508,36.7589,0
KEN6265,2017-02-03,2017,Violence against civilians,Attack,Unidentified Armed Group (Kenya),Civilians (Kenya),Kenya,Nairobi,Starehe,Nairobi - Starehe,-1.2881,36.8236,0
KEN5300,2017-02-13,2017,Riots,Violent demonstration,Rioters (Kenya),,Kenya,Nyandarua,Kinangop,Nyandarua,-0.55,36.6167,0
KEN5293,2017-02-08,2017,Protests,Peaceful protest,Protesters (Kenya),,Kenya,Kisii,Nyaribari Chache,Kisii,-0.6833,34.7667,0
KEN5296,2017-02-09,2017,Protests,Peaceful protest,Protesters (Kenya),,Kenya,Nakuru,Subukia,Subukia,-0.0062,36.1733,0
KEN5298,2017-02-11,2017,Battles,Armed clash,Kipsigi Ethnic Militia (Kenya),Maasai Ethnic Militia (Kenya),Kenya,Narok,Transmara East,Pimbinyiet,-0.9543,35.0452,0
KEN5297,2017-02-10,2017,Battles,Armed clash,Kipsigi Ethnic Militia (Kenya),Maasai Ethnic Militia (Kenya),Kenya,Narok,Transmara East,Pimbinyiet,-0.9543,35.0452,0
KEN6269,2017-02-08,2017,Violence against civilians,Attack,Unidentified Armed Group (Kenya),Civilians (Kenya),Kenya,Turkana,Turkana Central,Kerio,2.9833,36.1167,1
KEN6268,2017-02-08,2017,Violence against civilians,Attack,Kinangop Communal Militia (Kenya),Civilians (Kenya),Kenya,Nyandarua,Kinangop,Kinangop,-0.7308,36.6591,1
KEN6266,2017-02-06,2017,Protests,Peaceful protest,Protesters (Kenya),,Kenya,Nyandarua,Kinangop,Kinangop,-0.7308,36.6591,0
KEN6267,2017-02-08,2017,Riots,Violent demonstration,Rioters (Kenya),,Kenya,Samburu,Samburu Central,Maralal,1.0968,36.698,0
KEN5292,2017-02-07,2017,Battles,Armed clash,Police Forces of Kenya (2013-2022),Unidentified Communal Militia (Kenya),Kenya,Laikipia,Laikipia West,Rumuruti,0.2707,36.5454,0
KEN5294,2017-02-08,2017,Riots,Mob violence,Rioters (Kenya),Police Forces of Kenya (2013-2022),Kenya,Laikipia,Laikipia West,Ngarua,0.3696,36.449,0
KEN5295,2017-02-08,2017,Riots,Violent demonstration,Rioters (Kenya),Police Forces of Kenya (2013-2022),Kenya,Tana River,Galole,Teso,-1.3,39.6667,0
KEN5299,2017-02-11,2017,Battles,Armed clash,Police Forces of Kenya (2013-2022),Unidentified Communal Militia (Kenya),Kenya,Makueni,Kilome,Mangala,-1.9167,37.3333,1
KEN5301,2017-02-13,2017,Riots,Mob violence,Rioters (Kenya),Police Forces of Kenya (2013-2022),Kenya,Kirinyaga,Kirinyaga South,Mugumoini,-0.6333,37.3667,0
KEN6270,2017-02-14,2017,Protests,Peaceful protest,Protesters (Kenya),,Kenya,Nairobi,Starehe,Nairobi,-1.283,36.817,0
KEN6271,2017-02-14,2017,Riots,Violent demonstration,Rioters (Kenya),Police Forces of Kenya (2013-2022),Kenya,Nairobi,Mathare,Nairobi - Mathare,-1.2604,36.8607,0
KEN21090,2017-02-13,2017,Violence against civilians,Attack,Somali Ethnic Militia (Kenya),Civilians (Kenya),Kenya,Kitui,Mwingi North,Kasiluni,-0.6304,38.5249,1
KEN5312,2017-02-24,2017,Riots,Mob violence,Rioters (Kenya),Civilians (Kenya),Kenya,Bungoma,Cheptais,Cheptais,0.8099,34.4564,3
KEN5311,2017-02-24,2017,Battles,Armed clash,Unidentified Communal Militia (Kenya),Unidentified Communal Militia (Kenya),Kenya,Machakos,Athi River,Athi River Township,-1.4333,37.0333,3
KEN5308,2017-02-22,2017,Protests,Peaceful protest,Protesters (Kenya),,Kenya,Narok,Narok North,Narok,-1.0783,35.8601,0
KEN5307,2017-02-21,2017,Protests,Peaceful protest,Protesters (Kenya),,Kenya,Kilifi,Kilifi North,Kilifi,-3.633,39.85,0
KEN5303,2017-02-17,2017,Battles,Armed clash,Pokot Ethnic Militia (Kenya),Marakwet Ethnic Militia (Kenya),Kenya,Turkana,Turkana Central,Kerio,2.9833,36.1167,1
KEN5313,2017-02-24,2017,Protests,Peaceful protest,Protesters (Kenya),,Kenya,Samburu,Samburu Central,Maralal,1.0968,36.698,0
KEN6274,2017-02-22,2017,Violence against civilians,Attack,Pokot Ethnic Militia (Kenya),Civilians (Kenya),Kenya,Baringo,Baringo North,Yatya,0.7879,35.9108,2
KEN5309,2017-02-22,2017,Violence against civilians,Attack,Unidentified Armed Group (Kenya),Civilians (Kenya),Kenya,Garissa,Garissa,Garissa,-0.4536,39.6461,3
KEN6275,2017-02-22,2017,Violence against civilians,Attack,Pokot Ethnic Militia (Kenya),Civilians (Kenya),Kenya,Baringo,Tiaty,Loruk,0.7109,36.0273,1
KEN6276,2017-02-22,2017,Violence against civilians,Attack,Unidentified Armed Group (Kenya),Civilians (Kenya),Kenya,Kiambu,Kabete,Gitaru,-1.2333,36.6833,4
KEN6273,2017-02-21,2017,Violence against civilians,Attack,Pokot Ethnic Militia (Kenya),Civilians (Kenya),Kenya,Baringo,Baringo North,Yatya,0.7879,35.9108,2
KEN5305,2017-02-18,2017,Violence against civilians,Attack,Pokot Ethnic Militia (Kenya),Civilians (Kenya),Kenya,Baringo,Marigat,Marigat,0.4667,35.9833,2
KEN5304,2017-02-17,2017,Riots,Mob violence,Rioters (Kenya),Police Forces of Kenya (2013-2022),Kenya,Turkana,Turkana East,Katilia,2.1167,36.1167,0
KEN5306,2017-02-19,2017,Riots,Violent demonstration,Rioters (Kenya),Police Forces of Kenya (2013-2022),Kenya,Nakuru,Nakuru North,Nakuru,-0.2441,36.142,0
KEN6278,2017-02-23,2017,Strategic developments,Change to group/activity,Government of Kenya (2013-2022),,Kenya,Baringo,Baringo North,Ngaratuko,0.7299,35.9763,0
KEN5310,2017-02-22,2017,Protests,Peaceful protest,Protesters (Kenya),,Kenya,Nairobi,Starehe,Nairobi,-1.283,36.817,0
KEN6277,2017-02-22,2017,Violence against civilians,Attack,Pokot Ethnic Militia (Kenya),Civilians (Kenya),Kenya,Baringo,Baringo North,Chepkesin,0.8917,35.8851,1
KEN6272,2017-02-17,2017,Violence against civilians,Attack,Pokot Ethnic Militia (Kenya),Civilians (Kenya),Kenya,Elgeyo Marakwet,Marakwet East,Tot,1.2003,35.6588,0
KEN20943,2017-02-15,2017,Battles,Armed clash,Somali Ethnic Militia (Kenya),Borana Ethnic Militia (Kenya),Kenya,Isiolo,Garbatulla,Garbatulla,0.5333,38.52,2
KEN20944,2017-02-20,2017,Battles,Armed clash,Somali Ethnic Militia (Kenya),Borana Ethnic Militia (Kenya),Kenya,Isiolo,Garbatulla,Garbatulla,0.5333,38.52,0
KEN20945,2017-02-21,2017,Riots,Violent demonstration,Rioters (Kenya),,Kenya,Isiolo,Garbatulla,Garbatulla,0.5333,38.52,0
KEN21089,2017-02-20,2017,Violence against civilians,Attack,Somali Ethnic Militia (Kenya),Civilians (Kenya),Kenya,Kitui,Mwingi Central Sub- County,Ukasi,-0.8373,38.2978,2
KEN5327,2017-03-07,2017,Protests,Peaceful protest,Protesters (Kenya),,Kenya,Mandera,Mandera North,Rhamu,3.9208,41.2192,0
KEN5324,2017-03-06,2017,Protests,Peaceful protest,Protesters (Kenya),,Kenya,Mandera,Mandera East,Mandera,3.9357,41.8542,0
KEN5325,2017-03-06,2017,Protests,Peaceful protest,Protesters (Kenya),,Kenya,Mandera,Banissa,Banissa,3.9439,40.3445,0
KEN5326,2017-03-06,2017,Protests,Peaceful protest,Protesters (Kenya),,Kenya,Mandera,Mandera West,Takaba,3.3553,40.2228,0
KEN6279,2017-02-25,2017,Riots,Mob violence,Rioters (Kenya),Civilians (Kenya),Kenya,Nakuru,Molo,Molo,-0.248,35.737,1
KEN5323,2017-03-05,2017,Violence against civilians,Attack,Pokot Ethnic Militia (Kenya),Civilians (International),Kenya,Laikipia,Laikipia North,Aiyam,0.3667,36.55,1
KEN5321,2017-03-03,2017,Strategic developments,Looting/property destruction,Pokot Ethnic Militia (Kenya),Civilians (International),Kenya,Laikipia,Laikipia North,Aiyam,0.3667,36.55,0
KEN5317,2017-02-27,2017,Riots,Violent demonstration,Rioters (Kenya),,Kenya,Meru,Imenti North,Meru,0.05,37.65,0
KEN5314,2017-02-26,2017,Battles,Armed clash,Military Forces of Kenya (2013-2022),Al Shabaab,Kenya,Kwale,Matuga,Kwale,-4.1738,39.4521,1
KEN5322,2017-03-04,2017,Battles,Armed clash,Police Forces of Kenya (2013-2022),Pokot Ethnic Militia (Kenya),Kenya,Laikipia,Laikipia North,Aiyam,0.3667,36.55,0
KEN5328,2017-03-07,2017,Riots,Violent demonstration,Rioters (Kenya),Police Forces of Kenya (2013-2022),Kenya,Kisumu,Kisumu Central,Kisumu,-0.1,34.75,0
KEN5315,2017-02-27,2017,Riots,Violent demonstration,Rioters (Kenya),,Kenya,Nairobi,Embakasi Central,Nairobi - Embakasi Central,-1.268,36.9148,0
KEN5318,2017-03-01,2017,Riots,Violent demonstration,Rioters (Kenya),Rioters (Kenya),Kenya,Nairobi,Kamukunji,Nairobi - Kamukunji,-1.2759,36.8526,0
KEN5319,2017-03-01,2017,Battles,Armed clash,Ilchamus Ethnic Militia (Kenya),Pokot Ethnic Militia (Kenya),Kenya,Baringo,Marigat,Mukutani,0.6335,36.257,8
KEN5316,2017-02-27,2017,Riots,Mob violence,Rioters (Kenya),Civilians (Kenya),Kenya,Nakuru,Molo,Mariashoni,-0.3678,35.8267,0
KEN5320,2017-03-02,2017,Violence against civilians,Abduction/forced disappearance,Unidentified Armed Group (Kenya),Civilians (Kenya),Kenya,Garissa,Dadaab,Dadaab Refugee Camp,0.0514,40.3142,0
KEN5343,2017-03-16,2017,Riots,Mob violence,Rioters (Kenya),Rioters (Kenya),Kenya,Mandera,Mandera East,Mandera,3.9357,41.8542,0
KEN5334,2017-03-11,2017,Violence against civilians,Attack,Auliyan Ethnic Militia (Kenya),Civilians (Kenya),Kenya,Isiolo,Isiolo,Isiolo,0.3546,37.5822,5
KEN5330,2017-03-08,2017,Riots,Mob violence,Rioters (Kenya),Rioters (Kenya),Kenya,Homa Bay,Karachuonyo,Kendu Bay,-0.3589,34.6492,0
KEN5341,2017-03-15,2017,Riots,Violent demonstration,Rioters (Kenya),,Kenya,Kisumu,Kisumu West,Maseno,-0.0042,34.6095,0
KEN5340,2017-03-15,2017,Violence against civilians,Attack,Unidentified Armed Group (Kenya),Civilians (Kenya),Kenya,Lamu,Lamu West,Lamu,-2.2717,40.902,2
KEN5344,2017-03-14,2017,Protests,Peaceful protest,Protesters (Kenya),,Kenya,Kitui,Kitui Central,Kitui,-1.3667,38.0167,0
KEN5984,2017-03-15,2017,Riots,Violent demonstration,Rioters (Kenya),,Kenya,Muranga,Kiharu,Muranga,-0.7166,37.15,0
KEN5985,2017-03-15,2017,Riots,Violent demonstration,Rioters (Kenya),,Kenya,Nakuru,Nakuru North,Nakuru,-0.2441,36.142,0
KEN5329,2017-03-08,2017,Battles,Armed clash,Military Forces of Kenya (2013-2022),Al Shabaab,Kenya,Lamu,Lamu West,Lamu,-2.2717,40.902,1
KEN5333,2017-03-11,2017,Battles,Armed clash,Police Forces of Kenya (2013-2022),Auliyan Ethnic Militia (Kenya),Kenya,Isiolo,Isiolo,Isiolo,0.3546,37.5822,2
KEN5982,2017-03-15,2017,Battles,Armed clash,Al Shabaab,Military Forces of Kenya (2013-2022),Kenya,Garissa,Hulugho,Kolbio,-1.1536,41.2032,0
KEN6480,2017-03-17,2017,Strategic developments,Change to group/activity,Government of Kenya (2013-2022),,Kenya,Laikipia,Laikipia North,Laikipia,0.4167,36.75,0
KEN5332,2017-03-10,2017,Riots,Mob violence,Rioters (Kenya),Rioters (Kenya),Kenya,Nairobi,Starehe,Nairobi,-1.283,36.817,0
KEN5981,2017-03-15,2017,Riots,Violent demonstration,Rioters (Kenya),,Kenya,Nairobi,Starehe,Nairobi,-1.283,36.817,0
KEN5337,2017-03-14,2017,Battles,Armed clash,Ilchamus Ethnic Militia (Kenya),Police Forces of Kenya (2013-2022),Kenya,Baringo,Marigat,Mukutani,0.6335,36.257,2
KEN5336,2017-03-15,2017,Violence against civilians,Attack,Pokot Ethnic Militia (Kenya),Civilians (Kenya),Kenya,Baringo,Marigat,Mukutani,0.6335,36.257,11
KEN5335,2017-03-13,2017,Battles,Armed clash,Ilchamus Ethnic Militia (Kenya),Pokot Ethnic Militia (Kenya),Kenya,Baringo,Marigat,Mukutani,0.6335,36.257,2
KEN5983,2017-03-15,2017,Battles,Armed clash,Pokot Ethnic Militia (Kenya),Police Forces of Kenya (2013-2022),Kenya,Baringo,Marigat,Mukutani,0.6335,36.257,0
KEN5342,2017-03-15,2017,Riots,Mob violence,Rioters (Kenya),Rioters (Kenya),Kenya,Nairobi,Mathare,Nairobi - Mathare,-1.2604,36.8607,1
KEN5339,2017-03-15,2017,Violence against civilians,Attack,Unidentified Armed Group (Kenya),Civilians (Kenya),Kenya,Tana River,Galole,Hola,-1.5036,40.0333,2
KEN5331,2017-03-09,2017,Violence against civilians,Attack,Auliyan Ethnic Militia (Kenya),Civilians (Kenya),Kenya,Isiolo,Garbatulla,Garbatulla,0.5333,38.52,1
KEN5359,2017-03-28,2017,Violence against civilians,Attack,Unidentified Communal Militia (Kenya),Civilians (Kenya),Kenya,Laikipia,Laikipia North,Laikipia,0.4167,36.75,1
KEN5348,2017-03-20,2017,Riots,Mob violence,Rioters (Kenya),Civilians (Kenya),Kenya,Nyeri,Nyeri Central,Nyeri,-0.4167,36.95,1
KEN5347,2017-03-19,2017,Battles,Armed clash,Turkana Ethnic Militia (Kenya),Samburu Ethnic Militia (Kenya),Kenya,Samburu,Samburu North,Baragoi,1.7833,36.7833,3
KEN5345,2017-03-19,2017,Battles,Armed clash,Borana Ethnic Militia (Kenya),Samburu Ethnic Militia (Kenya),Kenya,Isiolo,Merti,Kom,1.0833,38.0333,10
KEN5357,2017-03-27,2017,Protests,Peaceful protest,Protesters (Kenya),,Kenya,Kajiado,Kajiado Central,Namanga,-2.5431,36.791,0
KEN6131,2017-03-24,2017,Violence against civilians,Attack,Unidentified Armed Group (Kenya),Civilians (Kenya),Kenya,Kisii,Nyaribari Chache,Kisii,-0.6833,34.7667,0
KEN6132,2017-03-26,2017,Riots,Mob violence,Rioters (Kenya),Rioters (Kenya),Kenya,Homa Bay,Karachuonyo,Kendu Bay,-0.3589,34.6492,0
KEN5360,2017-03-28,2017,Protests,Peaceful protest,Protesters (Kenya),,Kenya,Kilifi,Malindi,Malindi,-3.22,40.12,0
KEN6129,2017-03-22,2017,Violence against civilians,Attack,Samburu Ethnic Militia (Kenya),Civilians (Kenya),Kenya,Samburu,Samburu North,Marti,1.4771,36.7236,10
KEN5351,2017-03-21,2017,Protests,Peaceful protest,Protesters (Kenya),,Kenya,Siaya,Bondo,Usengi,-0.0637,34.054,0
KEN5349,2017-03-21,2017,Protests,Peaceful protest,Protesters (Kenya),,Kenya,West Pokot,West Pokot,Kapenguria,1.2333,35.1167,0
KEN5358,2017-03-28,2017,Battles,Armed clash,Unidentified Communal Militia (Kenya),Unidentified Communal Militia (Kenya),Kenya,Garissa,Garissa,Garissa,-0.4536,39.6461,1
KEN5356,2017-03-26,2017,Violence against civilians,Attack,Darod-Ogaden-Absame-Bah Geri Sub-Clan Militia (Somalia),Civilians (Kenya),Kenya,Garissa,Garissa,Garissa,-0.4536,39.6461,0
KEN6130,2017-03-23,2017,Violence against civilians,Attack,Unidentified Armed Group (Kenya),Civilians (Kenya),Kenya,Muranga,Kiharu,Muranga,-0.7166,37.15,1
KEN5352,2017-03-21,2017,Violence against civilians,Attack,Police Forces of Kenya (2013-2022),Civilians (Kenya),Kenya,Siaya,Bondo,Usengi,-0.0637,34.054,0
KEN5353,2017-03-22,2017,Violence against civilians,Attack,Police Forces of Kenya (2013-2022),Civilians (Kenya),Kenya,Siaya,Bondo,Usengi,-0.0637,34.054,0
KEN5350,2017-03-21,2017,Protests,Peaceful protest,Protesters (Kenya),,Kenya,Nairobi,Starehe,Nairobi,-1.283,36.817,0
KEN5354,2017-03-23,2017,Riots,Mob violence,Rioters (Kenya),Rioters (Kenya),Kenya,Nairobi,Starehe,Nairobi,-1.283,36.817,0
KEN5987,2017-03-20,2017,Violence against civilians,Attack,Unidentified Armed Group (Kenya),Civilians (Kenya),Kenya,Nairobi,Starehe,Nairobi,-1.283,36.817,1
KEN5363,2017-03-26,2017,Violence against civilians,Attack,Police Forces of Kenya (2013-2022) General Service Unit,Civilians (International),Kenya,Nairobi,Westlands,Nairobi - Westlands,-1.2379,36.7879,1
KEN5355,2017-03-25,2017,Explosions/Remote violence,Remote explosive/landmine/IED,Al Shabaab,Civilians (Kenya),Kenya,Mandera,Mandera East,Mandera,3.9357,41.8542,2
KEN14106,2017-03-25,2017,Violence against civilians,Attack,Pokot Ethnic Militia (Kenya),Civilians (Kenya),Kenya,Baringo,Marigat,Mukutani,0.6335,36.257,0
KEN5346,2017-03-19,2017,Battles,Armed clash,Police Forces of Kenya (2013-2022),Pokot Ethnic Militia (Kenya),Kenya,Baringo,Marigat,Mukutani,0.6335,36.257,0
KEN5988,2017-03-28,2017,Violence against civilians,Attack,Jubilee Party,Civilians (Kenya),Kenya,Nyeri,Mukurweini,Mukurweini,-0.5609,37.0476,1
KEN5373,2017-04-07,2017,Violence against civilians,Attack,Unidentified Communal Militia (Kenya),Civilians (Kenya),Kenya,West Pokot,Pokot North,Alale,2.3333,35.0176,1
KEN5374,2017-04-07,2017,Violence against civilians,Attack,Unidentified Communal Militia (Kenya),Civilians (Kenya),Kenya,West Pokot,Pokot North,Kasei,1.9877,35.2281,4
KEN5371,2017-04-07,2017,Riots,Mob violence,Rioters (Kenya),Rioters (Kenya),Kenya,Busia,Samia,Funyula,0.2813,34.1175,1
KEN5361,2017-03-30,2017,Strategic developments,Change to group/activity,Al Shabaab,,Kenya,Mandera,Mandera South,El Wak,2.8094,40.9358,0
KEN5362,2017-03-30,2017,Strategic developments,Looting/property destruction,Unidentified Armed Group (Kenya),,Kenya,Laikipia,Laikipia North,Laikipia,0.4167,36.75,0
KEN5366,2017-04-03,2017,Riots,Mob violence,Rioters (Kenya),Rioters (Kenya),Kenya,Migori,Suna West,Migori,-1.0667,34.4667,0
KEN6135,2017-04-03,2017,Battles,Armed clash,Unidentified Armed Group (Kenya),Private Security Forces (Kenya),Kenya,Migori,Suna West,Migori,-1.0667,34.4667,0
KEN6481,2017-04-02,2017,Strategic developments,Looting/property destruction,Unidentified Armed Group (Kenya),ODM: Orange Democratic Movement,Kenya,Migori,Suna West,Migori,-1.0667,34.4667,0
KEN6133,2017-03-31,2017,Protests,Peaceful protest,Protesters (Kenya),,Kenya,Kisumu,Kisumu Central,Kisumu,-0.1,34.75,0
KEN5364,2017-04-02,2017,Riots,Mob violence,Police Forces of Kenya (2013-2022),Rioters (Kenya),Kenya,Taita Taveta,Voi,Voi,-3.3961,38.5561,2
KEN5367,2017-04-04,2017,Battles,Armed clash,Police Forces of Kenya (2013-2022),Pokot Ethnic Militia (Kenya),Kenya,Laikipia,Laikipia North,Ol Moran,0.4599,36.7556,0
KEN5372,2017-04-07,2017,Battles,Armed clash,Unidentified Communal Militia (Kenya),Police Forces of Kenya (2013-2022),Kenya,West Pokot,Pokot North,Kasei,1.9877,35.2281,3
KEN6483,2017-04-05,2017,Riots,Violent demonstration,Rioters (Kenya),Police Forces of Kenya (2013-2022),Kenya,Wajir,Wajir East,Wajir,1.75,40.06,0
KEN5370,2017-04-05,2017,Riots,Violent demonstration,Rioters (Kenya),Police Forces of Kenya (2013-2022),Kenya,Nairobi,Westlands,Nairobi - Westlands,-1.2379,36.7879,0
KEN6134,2017-03-31,2017,Violence against civilians,Attack,Police Forces of Kenya (2013-2022),Civilians (Kenya),Kenya,Nairobi,Kamukunji,Nairobi - Kamukunji,-1.2759,36.8526,1
KEN5368,2017-04-04,2017,Protests,Peaceful protest,Protesters (Kenya),,Kenya,Mombasa,Mvita,Mombasa,-4.0547,39.6636,0
KEN5989,2017-03-29,2017,Protests,Protest with intervention,Protesters (Kenya),Police Forces of Kenya (2013-2022),Kenya,Mombasa,Mvita,Mombasa,-4.0547,39.6636,0
KEN6482,2017-04-05,2017,Protests,Peaceful protest,Protesters (Kenya),,Kenya,Mombasa,Mvita,Mombasa,-4.0547,39.6636,0
KEN5990,2017-03-29,2017,Battles,Armed clash,Unidentified Ethnic Militia (Kenya),Police Forces of Kenya (2013-2022),Kenya,Baringo,Marigat,Mukutani,0.6335,36.257,0
KEN16994,2017-03-29,2017,Strategic developments,Change to group/activity,Government of Kenya (2013-2022),,Kenya,Mandera,Mandera East,Mandera,3.9357,41.8542,0
KEN20837,2017-04-04,2017,Violence against civilians,Attack,Gabra Ethnic Militia (Kenya),Civilians (Kenya),Kenya,Marsabit,Saku,Bulesare,2.36,38.0271,4
KEN5397,2017-04-18,2017,Protests,Peaceful protest,Protesters (Kenya),,Kenya,Nyamira,Nyamira,Nyamira,-0.5666,34.9167,0
KEN5388,2017-04-15,2017,Protests,Peaceful protest,Protesters (Kenya),,Kenya,Kiambu,Kabete,Kabete,-1.2333,36.7167,0
KEN5389,2017-04-15,2017,Protests,Peaceful protest,Protesters (Kenya),,Kenya,Kakamega,Khwisero,Khwisero,0.1672,34.5996,0
KEN5390,2017-04-15,2017,Riots,Mob violence,Rioters (Kenya),ODM: Orange Democratic Movement,Kenya,Migori,Nyatike,Sori,-0.8409,34.1598,0
KEN5381,2017-04-12,2017,Protests,Peaceful protest,Protesters (Kenya),,Kenya,Kisumu,Kisumu Central,Kisumu,-0.1,34.75,0
KEN5382,2017-04-12,2017,Riots,Mob violence,Rioters (Kenya),Civilians (Kenya),Kenya,Busia,Matayos,Busia,0.46,34.112,0
KEN5378,2017-04-11,2017,Violence against civilians,Attack,Gabra Ethnic Militia (Kenya),Civilians (Kenya),Kenya,Marsabit,Saku,Kubi Kalo,2.2238,38.0281,1
KEN5380,2017-04-12,2017,Violence against civilians,Attack,Gabra Ethnic Militia (Kenya),Civilians (Kenya),Kenya,Marsabit,Saku,Kubi Kalo,2.2238,38.0281,4
KEN6136,2017-04-14,2017,Protests,Peaceful protest,Protesters (Kenya),,Kenya,Busia,Matayos,Busia,0.46,34.112,0
KEN5393,2017-04-16,2017,Riots,Mob violence,Rioters (Kenya),Rioters (Kenya),Kenya,Taita Taveta,Mwatate,Mwatate,-3.4995,38.3762,0
KEN5395,2017-04-17,2017,Riots,Mob violence,Rioters (Kenya),Rioters (Kenya),Kenya,Taita Taveta,Mwatate,Mwatate,-3.4995,38.3762,0
KEN5376,2017-04-10,2017,Strategic developments,Other,Al Shabaab,Civilians (Kenya),Kenya,Mandera,Mandera East,Mandera,3.9357,41.8542,0
KEN5387,2017-04-15,2017,Violence against civilians,Attack,Unidentified Armed Group (Kenya),Civilians (Kenya),Kenya,Lamu,Lamu West,Lamu,-2.2717,40.902,3
KEN5383,2017-04-14,2017,Violence against civilians,Attack,Unidentified Armed Group (Kenya),Civilians (Kenya),Kenya,Nakuru,Naivasha,Naivasha,-0.7202,36.4285,2
KEN5396,2017-04-17,2017,Riots,Mob violence,Rioters (Kenya),Rioters (Kenya),Kenya,Homa Bay,Suba,Magunga,-0.6888,34.1505,0
KEN5997,2017-04-17,2017,Violence against civilians,Attack,Unidentified Armed Group (Kenya),Civilians (Kenya),Kenya,Kiambu,Gatundu North,Kieni,-0.85,36.6833,0
KEN5399,2017-04-18,2017,Strategic developments,Other,Unidentified Armed Group (Kenya),Civilians (Kenya),Kenya,Kiambu,Githunguri,Ikinu,-1.1099,36.7904,0
KEN5398,2017-04-18,2017,Riots,Mob violence,Rioters (Kenya),Rioters (Kenya),Kenya,Kiambu,Ruiru,Ruiru,-1.15,36.9667,0
KEN5384,2017-04-14,2017,Strategic developments,Other,Unidentified Armed Group (Kenya),Civilians (Kenya),Kenya,Kiambu,Kabete,Kabete,-1.2333,36.7167,0
KEN5379,2017-04-12,2017,Riots,Mob violence,Rioters (Kenya),Civilians (Kenya),Kenya,Tharaka-Nithi,Tharaka South,Kathwana,-0.1282,37.9358,0
KEN5385,2017-04-14,2017,Violence against civilians,Attack,Unidentified Armed Group (Kenya),Civilians (Kenya),Kenya,Nyeri,Nyeri Central,Tetu,-0.4333,36.8833,0
KEN5401,2017-04-18,2017,Riots,Mob violence,Rioters (Kenya),Civilians (Kenya),Kenya,Uasin Gishu,Moiben,Eldoret,0.5167,35.2833,0
KEN6137,2017-04-17,2017,Riots,Mob violence,Rioters (Kenya),Rioters (Kenya),Kenya,Kajiado,Kajiado Central,Namanga,-2.5431,36.791,0
KEN6484,2017-04-18,2017,Protests,Peaceful protest,Protesters (Kenya),,Kenya,Baringo,Baringo Central,Kabarnet,0.4919,35.743,0
KEN5400,2017-04-18,2017,Riots,Mob violence,Rioters (Kenya),Civilians (Kenya),Kenya,Nyeri,Kieni West,Aberdare Forest,-0.3666,36.8333,0
KEN5375,2017-04-09,2017,Violence against civilians,Attack,Police Forces of Kenya (2013-2022),Civilians (Kenya),Kenya,Baringo,Tiaty,Tiati,1.2972,35.9336,1
KEN5377,2017-04-11,2017,Battles,Armed clash,Police Forces of Kenya (2013-2022),Pokot Ethnic Militia (Kenya),Kenya,Baringo,Tiaty,Tiati,1.2972,35.9336,7
KEN5992,2017-04-13,2017,Battles,Armed clash,Pokot Ethnic Militia (Kenya),Police Forces of Kenya (2013-2022),Kenya,Laikipia,Laikipia West,Ol Ari Nyiro,0.5699,36.3982,3
KEN5993,2017-04-13,2017,Battles,Armed clash,Pokot Ethnic Militia (Kenya),Police Forces of Kenya (2013-2022),Kenya,Laikipia,Laikipia North,Olmaiso,0.4597,36.5785,2
KEN5994,2017-04-14,2017,Battles,Armed clash,Pokot Ethnic Militia (Kenya),Police Forces of Kenya (2013-2022),Kenya,Elgeyo Marakwet,Marakwet West,Elegeyo-Marakwet,0.99,35.55,0
KEN5995,2017-04-14,2017,Battles,Armed clash,Pokot Ethnic Militia (Kenya),Police Forces of Kenya (2013-2022),Kenya,Laikipia,Laikipia North,Olmaiso,0.4597,36.5785,0
KEN5996,2017-04-15,2017,Battles,Armed clash,Pokot Ethnic Militia (Kenya),Police Forces of Kenya (2013-2022),Kenya,Elgeyo Marakwet,Marakwet West,Elegeyo-Marakwet,0.99,35.55,0
KEN6486,2017-04-18,2017,Violence against civilians,Attack,Police Forces of Kenya (2013-2022),Civilians (Kenya),Kenya,Nakuru,Naivasha,Naivasha,-0.7202,36.4285,0
KEN5394,2017-04-15,2017,Battles,Armed clash,Police Forces of Kenya (2013-2022) General Service Unit,Unidentified Communal Militia (Kenya),Kenya,Laikipia,Laikipia West,Tandar,0.3813,36.2933,0
KEN6485,2017-04-18,2017,Violence against civilians,Attack,Unidentified Armed Group (Kenya),Civilians (Kenya),Kenya,Nairobi,Starehe,Nairobi,-1.283,36.817,0
KEN5391,2017-04-15,2017,Violence against civilians,Attack,Unidentified Communal Militia (Kenya),Civilians (Kenya),Kenya,Mombasa,Mvita,Mombasa,-4.0547,39.6636,1
KEN5392,2017-04-15,2017,Riots,Mob violence,Rioters (Kenya),Civilians (Kenya),Kenya,Mombasa,Mvita,Mombasa,-4.0547,39.6636,1
KEN5386,2017-04-15,2017,Violence against civilians,Attack,Unidentified Armed Group (Kenya),Civilians (Kenya),Kenya,Tana River,Galole,Hola,-1.5036,40.0333,3
KEN5418,2017-04-24,2017,Protests,Peaceful protest,Protesters (Kenya),,Kenya,Trans Nzoia,Kiminini,Kiminini,0.8931,34.9241,0
KEN5420,2017-04-24,2017,Riots,Violent demonstration,Rioters (Kenya),,Kenya,Kirinyaga,Kirinyaga East,Kianyaga,-0.4927,37.3564,0
KEN5408,2017-04-21,2017,Riots,Violent demonstration,Rioters (Kenya),,Kenya,Nakuru,Kuresoi North,Mau Summit,-0.1607,35.6932,0
KEN5998,2017-04-20,2017,Strategic developments,Looting/property destruction,Unidentified Armed Group (Kenya),ODM: Orange Democratic Movement,Kenya,Kisii,Nyaribari Chache,Bogiakumu,-0.7,34.75,0
KEN6004,2017-04-25,2017,Riots,Mob violence,Rioters (Kenya),Rioters (Kenya),Kenya,Bungoma,Kanduyi,Bungoma,0.5635,34.5606,0
KEN6005,2017-04-25,2017,Riots,Violent demonstration,Rioters (Kenya),,Kenya,Bungoma,Kabuchai,Chekulo,0.6459,34.6569,0
KEN6006,2017-04-25,2017,Riots,Violent demonstration,Rioters (Kenya),,Kenya,Bungoma,Webuye West,Webuye,0.6167,34.7667,0
KEN5403,2017-04-20,2017,Violence against civilians,Attack,Unidentified Communal Militia (Kenya),Civilians (Kenya),Kenya,Laikipia,Laikipia North,Laikipia,0.4167,36.75,1
KEN6494,2017-04-26,2017,Protests,Peaceful protest,Protesters (Kenya),,Kenya,Kisii,Bonchari,Bonchari,-0.6667,34.7,0
KEN6501,2017-04-27,2017,Riots,Violent demonstration,Rioters (Kenya),,Kenya,Meru,Imenti Central,South Imenti,-0.0667,37.7,0
KEN5417,2017-04-24,2017,Riots,Mob violence,Rioters (Kenya),Rioters (Kenya),Kenya,Homa Bay,Homa Bay Town,Homa Bay,-0.5273,34.4571,0
KEN5402,2017-04-19,2017,Violence against civilians,Attack,Unidentified Armed Group (Kenya),Civilians (Kenya),Kenya,Migori,Suna East,Kadika,-1.0833,34.4833,0
KEN5432,2017-04-26,2017,Protests,Peaceful protest,Protesters (Kenya),,Kenya,Kisumu,Muhoroni,Chemelil,-0.0877,35.126,0
KEN6498,2017-04-27,2017,Riots,Violent demonstration,Rioters (Kenya),,Kenya,Kisumu,Kisumu Central,Kisumu,-0.1,34.75,0
KEN5429,2017-04-26,2017,Violence against civilians,Attack,Unidentified Armed Group (Kenya),Civilians (Kenya),Kenya,Homa Bay,Mbita,Got Rateng,-0.5333,34.4,0
KEN5413,2017-04-23,2017,Violence against civilians,Attack,Unidentified Communal Militia (Kenya),Civilians (International),Kenya,Laikipia,Laikipia North,Laikipia,0.4167,36.75,0
KEN5425,2017-04-25,2017,Protests,Peaceful protest,Protesters (Kenya),,Kenya,Embu,Manyatta,Embu,-0.5333,37.45,0
KEN5406,2017-04-21,2017,Protests,Peaceful protest,Protesters (Kenya),,Kenya,Embu,Manyatta,Embu,-0.5333,37.45,0
KEN6000,2017-04-21,2017,Riots,Violent demonstration,Rioters (Kenya),,Kenya,Kericho,Ainamoi,Kericho,-0.3677,35.2831,0
KEN6001,2017-04-21,2017,Riots,Violent demonstration,Rioters (Kenya),,Kenya,Muranga,Kiharu,Muranga,-0.7166,37.15,0
KEN5407,2017-04-21,2017,Riots,Violent demonstration,Rioters (Kenya),,Kenya,Meru,Imenti Central,Imenti,-0.0713,37.7007,0
KEN6008,2017-04-27,2017,Protests,Peaceful protest,Protesters (Kenya),,Kenya,Nakuru,Nakuru North,Gingalili,-0.207,36.116,0
KEN5999,2017-04-21,2017,Riots,Violent demonstration,Rioters (Kenya),,Kenya,Nandi,Chesumei,Kapsabet,0.2039,35.105,0
KEN5419,2017-04-24,2017,Protests,Peaceful protest,Protesters (Kenya),,Kenya,Kirinyaga,Kirinyaga East,Kianyaga,-0.4927,37.3564,0
KEN6009,2017-04-27,2017,Protests,Peaceful protest,Protesters (Kenya),,Kenya,Nakuru,Subukia,Kabazi,-0.0833,36.1667,0
KEN6140,2017-04-28,2017,Protests,Peaceful protest,Protesters (Kenya),,Kenya,Samburu,Samburu North,South Horr,2.096,36.9191,0
KEN6499,2017-04-27,2017,Riots,Violent demonstration,Rioters (Kenya),,Kenya,Nyamira,Manga,Kitutu Chache,-0.6333,34.8333,0
KEN6488,2017-04-21,2017,Riots,Violent demonstration,Rioters (Kenya),,Kenya,Trans Nzoia,Kwanza,Kwanza,1.1684,34.9926,0
KEN6489,2017-04-21,2017,Riots,Violent demonstration,Rioters (Kenya),,Kenya,Laikipia,Laikipia East,Nanyuki,0.0167,37.0667,0
KEN5409,2017-04-21,2017,Protests,Protest with intervention,Police Forces of Kenya (2013-2022),Protesters (Kenya),Kenya,Nakuru,Nakuru North,Nakuru,-0.2441,36.142,0
KEN5421,2017-04-24,2017,Riots,Mob violence,Rioters (Kenya),Police Forces of Kenya (2013-2022),Kenya,Homa Bay,Rangwe,Rangwe,-0.6003,34.5835,0
KEN5424,2017-04-25,2017,Protests,Protest with intervention,Protesters (Kenya),Police Forces of Kenya (2013-2022),Kenya,Homa Bay,Homa Bay Town,Homa Bay,-0.5273,34.4571,0
KEN5428,2017-04-26,2017,Protests,Protest with intervention,Protesters (Kenya),Police Forces of Kenya (2013-2022),Kenya,Kisumu,Kisumu Central,Kisumu,-0.1,34.75,0
KEN5434,2017-04-28,2017,Riots,Violent demonstration,Rioters (Kenya),Police Forces of Kenya (2013-2022),Kenya,Laikipia,Laikipia North,Laikipia,0.4167,36.75,0
KEN6138,2017-04-21,2017,Riots,Mob violence,Rioters (Kenya),Police Forces of Kenya (2013-2022),Kenya,Kirinyaga,Kirinyaga East,Ngariama,-0.4301,37.4112,0
KEN6139,2017-04-22,2017,Battles,Armed clash,Pokot Ethnic Militia (Kenya),Police Forces of Kenya (2013-2022),Kenya,Elgeyo Marakwet,Keiyo North,Keiyo Valley,0.659,35.5834,6
KEN6490,2017-04-22,2017,Riots,Mob violence,Rioters (Kenya),Civilians (Kenya),Kenya,Kwale,Msambweni,Msambweni,-4.4619,39.4827,0
KEN6492,2017-04-25,2017,Riots,Violent demonstration,Rioters (Kenya),Police Forces of Kenya (2013-2022),Kenya,Kiambu,Kiambu Town,Kiambu,-1.1667,36.8333,0
KEN6497,2017-04-27,2017,Riots,Violent demonstration,Rioters (Kenya),Police Forces of Kenya (2013-2022),Kenya,Kisii,Nyaribari Chache,Bomorenda,-0.75,34.8333,0
KEN6495,2017-04-26,2017,Riots,Mob violence,Rioters (Kenya),Civilians (Kenya),Kenya,Homa Bay,Mbita,Mbita,-0.4166,34.2,0
KEN5414,2017-04-23,2017,Battles,Armed clash,Police Forces of Kenya (2013-2022) General Service Unit,Unidentified Communal Militia (Kenya),Kenya,Laikipia,Laikipia North,Laikipia,0.4167,36.75,2
KEN5416,2017-04-23,2017,Protests,Protest with intervention,Protesters (Kenya),Police Forces of Kenya (2013-2022) General Service Unit,Kenya,Kilifi,Kilifi North,Kilifi,-3.633,39.85,0
KEN5422,2017-04-24,2017,Riots,Mob violence,Rioters (Kenya),Rioters (Kenya),Kenya,Homa Bay,Mbita,Got Rateng,-0.5333,34.4,1
KEN5427,2017-04-26,2017,Riots,Mob violence,Rioters (Kenya),Civilians (Kenya),Kenya,Nairobi,Starehe,Nairobi,-1.283,36.817,1
KEN5430,2017-04-26,2017,Riots,Mob violence,Rioters (Kenya),Police Forces of Kenya (2013-2022),Kenya,Nairobi,Starehe,Nairobi,-1.283,36.817,0
KEN6007,2017-04-25,2017,Riots,Mob violence,Rioters (Kenya),Police Forces of Kenya (2013-2022),Kenya,Nairobi,Starehe,Nairobi,-1.283,36.817,0
KEN6500,2017-04-27,2017,Protests,Peaceful protest,Protesters (Kenya),,Kenya,Nairobi,Starehe,Nairobi,-1.283,36.817,0
KEN5404,2017-04-20,2017,Riots,Violent demonstration,Rioters (Kenya),Police Forces of Kenya (2013-2022),Kenya,Nairobi,Embakasi North,Nairobi - Embakasi North,-1.2517,36.8995,0
KEN5423,2017-04-24,2017,Riots,Mob violence,Rioters (Kenya),Civilians (Kenya),Kenya,Nairobi,Langata,Nairobi - Langata,-1.3508,36.7589,0
KEN5431,2017-04-26,2017,Protests,Peaceful protest,Protesters (Kenya),,Kenya,Nairobi,Makadara,Nairobi - Makadara,-1.2966,36.8672,0
KEN6487,2017-04-19,2017,Riots,Violent demonstration,Rioters (Kenya),,Kenya,Nairobi,Embakasi West,Nairobi - Embakasi West,-1.2692,36.8917,0
KEN6502,2017-04-28,2017,Violence against civilians,Attack,Unidentified Armed Group (Kenya),Civilians (Kenya),Kenya,Nairobi,Langata,Nairobi - Langata,-1.3508,36.7589,0
KEN5410,2017-04-22,2017,Protests,Peaceful protest,Protesters (Kenya),,Kenya,Mombasa,Jomvu,Jomvu,-3.985,39.614,0
KEN5411,2017-04-22,2017,Riots,Mob violence,Rioters (Kenya),Rioters (Kenya),Kenya,Mombasa,Mvita,Mombasa,-4.0547,39.6636,0
KEN6003,2017-04-24,2017,Riots,Mob violence,Rioters (Kenya),Civilians (Kenya),Kenya,Mombasa,Changamwe,Changamwe,-4.0166,39.6333,0
KEN6197,2017-04-26,2017,Protests,Peaceful protest,Protesters (Kenya),,Kenya,Mombasa,Mvita,Mombasa,-4.0547,39.6636,0
KEN6496,2017-04-26,2017,Protests,Peaceful protest,Protesters (Kenya),,Kenya,Mombasa,Mvita,Mombasa,-4.0547,39.6636,0
KEN5405,2017-04-20,2017,Violence against civilians,Attack,Unidentified Armed Group (Kenya),Civilians (Kenya),Kenya,Migori,Rongo,Rongo,-0.7556,34.5995,0
KEN6491,2017-04-25,2017,Riots,Mob violence,Rioters (Kenya),Civilians (Kenya),Kenya,Kiambu,Gatundu South,Gatundu,-1.0129,36.9049,0
KEN5412,2017-04-22,2017,Protests,Protest with intervention,Police Forces of Kenya (2013-2022),Protesters (Kenya),Kenya,Tana River,Galole,Hola,-1.5036,40.0333,0
KEN5433,2017-04-27,2017,Violence against civilians,Attack,Moran Ethnic Militia (Kenya),Civilians (Kenya),Kenya,Turkana,Turkana South,Lokichar,2.3833,35.65,1
KEN6088,2017-04-19,2017,Protests,Peaceful protest,Protesters (Kenya),,Kenya,Nairobi,Starehe,Nairobi - Starehe,-1.2881,36.8236,0
KEN6493,2017-04-25,2017,Protests,Peaceful protest,Protesters (Kenya),,Kenya,Nairobi,Starehe,Nairobi - Starehe,-1.2881,36.8236,0
KEN5426,2017-04-26,2017,Riots,Mob violence,Rioters (Kenya),Unidentified Armed Group (Kenya),Kenya,Nairobi,Starehe,Nairobi - Starehe,-1.2881,36.8236,1
KEN5439,2017-05-03,2017,Protests,Peaceful protest,Protesters (Kenya),,Kenya,Kisumu,Kisumu Central,Kisumu,-0.1,34.75,0
KEN6089,2017-05-02,2017,Riots,Mob violence,Rioters (Kenya),Civilians (Kenya),Kenya,Nyeri,Nyeri Central,Nyeri,-0.4167,36.95,0
KEN5435,2017-04-29,2017,Violence against civilians,Attack,Turkana Ethnic Militia (Kenya),Civilians (Kenya),Kenya,Baringo,Tiaty,Kapedo,1.1692,36.0955,5
KEN5436,2017-04-29,2017,Riots,Mob violence,Rioters (Kenya),Rioters (Kenya),Kenya,Uasin Gishu,Moiben,Eldoret,0.5167,35.2833,0
KEN5438,2017-05-01,2017,Protests,Peaceful protest,Protesters (Kenya),,Kenya,Busia,Matayos,Busia,0.46,34.112,0
KEN5441,2017-05-04,2017,Protests,Peaceful protest,Protesters (Kenya),,Kenya,Nyandarua,Kinangop,Nyandarua,-0.55,36.6167,0
KEN6141,2017-05-04,2017,Strategic developments,Looting/property destruction,Unidentified Communal Militia (Kenya),,Kenya,Baringo,Marigat,Chemorongion,0.4673,36.1935,0
KEN6142,2017-05-06,2017,Violence against civilians,Attack,Unidentified Communal Militia (Kenya),Civilians (Kenya),Kenya,Baringo,Baringo North,Ngaratuko,0.7299,35.9763,2
KEN6143,2017-05-07,2017,Protests,Peaceful protest,Protesters (Kenya),,Kenya,Kiambu,Limuru,Ngecha,-1.17,36.6689,0
KEN5454,2017-05-09,2017,Protests,Peaceful protest,Protesters (Kenya),,Kenya,Elgeyo Marakwet,Keiyo North,Iten,0.6702,35.5077,0
KEN6505,2017-05-03,2017,Violence against civilians,Attack,Al Shabaab,Civilians (Kenya),Kenya,Mandera,Mandera South,El Wak,2.8094,40.9358,2
KEN6503,2017-04-29,2017,Protests,Peaceful protest,Protesters (Kenya),,Kenya,Nakuru,Naivasha,Naivasha,-0.7202,36.4285,0
KEN5443,2017-05-05,2017,Protests,Peaceful protest,Protesters (Kenya),,Kenya,Nakuru,Nakuru North,Nakuru,-0.2441,36.142,0
KEN5446,2017-05-06,2017,Protests,Protest with intervention,Protesters (Kenya),Rioters (Kenya),Kenya,Uasin Gishu,Moiben,Eldoret,0.5167,35.2833,0
KEN5447,2017-05-06,2017,Protests,Peaceful protest,Protesters (Kenya),,Kenya,Lamu,Lamu East,Milimani,-1.7758,40.8375,0
KEN5444,2017-05-05,2017,Riots,Violent demonstration,Rioters (Kenya),,Kenya,Kisumu,Kisumu Central,Kondele,-0.0789,34.7759,0
KEN5445,2017-05-05,2017,Riots,Violent demonstration,Rioters (Kenya),,Kenya,Nyamira,Borabu,Nyando,-0.7166,35.0333,0
KEN5440,2017-05-03,2017,Riots,Violent demonstration,Rioters (Kenya),Police Forces of Kenya (2013-2022),Kenya,Nakuru,Molo,Molo,-0.248,35.737,0
KEN5442,2017-05-04,2017,Riots,Violent demonstration,Rioters (Kenya),Police Forces of Kenya (2013-2022),Kenya,Nakuru,Molo,Molo,-0.248,35.737,0
KEN5449,2017-05-08,2017,Explosions/Remote violence,Remote explosive/landmine/IED,Military Forces of Kenya (2013-2022),Al Shabaab,Kenya,Garissa,Dadaab,Liboi,0.3534,40.8723,0
KEN5451,2017-05-08,2017,Violence against civilians,Attack,Military Forces of Kenya (2013-2022),Civilians (Kenya),Kenya,Kakamega,Lurambi,Kakamega,0.2833,34.7384,0
KEN5453,2017-05-09,2017,Protests,Protest with intervention,Protesters (Kenya),Military Forces of Kenya (2013-2022),Kenya,Isiolo,Isiolo,Isiolo,0.3546,37.5822,0
KEN6011,2017-04-30,2017,Riots,Violent demonstration,Rioters (Kenya),Police Forces of Kenya (2013-2022),Kenya,Nairobi,Starehe,Nairobi,-1.283,36.817,0
KEN6012,2017-05-02,2017,Protests,Peaceful protest,Protesters (Kenya),,Kenya,Nairobi,Westlands,Nairobi - Westlands,-1.2379,36.7879,0
KEN6504,2017-05-01,2017,Protests,Peaceful protest,Protesters (Kenya),,Kenya,Nairobi,Langata,Nairobi - Langata,-1.3508,36.7589,0
KEN5452,2017-05-09,2017,Explosions/Remote violence,Remote explosive/landmine/IED,Military Forces of Kenya (2013-2022),Unidentified Armed Group (Kenya),Kenya,Garissa,Dadaab,Liboi,0.3534,40.8723,0
KEN6144,2017-05-09,2017,Battles,Armed clash,Unidentified Communal Militia (Kenya),Police Forces of Kenya (2013-2022),Kenya,Baringo,Tiaty,Seretion,0.8975,35.9562,2
KEN5448,2017-05-07,2017,Riots,Mob violence,Rioters (Kenya),Rioters (Kenya),Kenya,Kisumu,Muhoroni,Muhoroni,-0.1567,35.1984,0
KEN16792,2017-05-06,2017,Violence against civilians,Abduction/forced disappearance,Military Forces of Kenya (2013-2022),Civilians (Kenya),Kenya,Nairobi,Roysambu,Nairobi - Roysambu,-1.2067,36.8888,0
KEN5450,2017-05-08,2017,Protests,Peaceful protest,Protesters (Kenya),,Kenya,Nairobi,Kasarani,Nairobi - Kasarani,-1.2254,36.8977,0
KEN5437,2017-04-30,2017,Protests,Peaceful protest,Protesters (Kenya),,Kenya,Nyandarua,Ndaragwa,Mairo Inya,0.0256,36.4078,0
KEN6010,2017-04-30,2017,Riots,Mob violence,Rioters (Kenya),Civilians (Kenya),Kenya,Nairobi,Dagoretti North,Nairobi - Dagoretti North,-1.2793,36.7789,0
KEN5486,2017-05-18,2017,Violence against civilians,Attack,Unidentified Communal Militia (Kenya),Civilians (Kenya),Kenya,Turkana,Turkana Central,Turkwel,3.1048,36.0975,1
KEN6014,2017-05-15,2017,Strategic developments,Looting/property destruction,Al Shabaab,,Kenya,Wajir,Wajir East,Wajir,1.75,40.06,0
KEN5469,2017-05-14,2017,Violence against civilians,Attack,Unidentified Communal Militia (Kenya),Civilians (Kenya),Kenya,Kitui,Kitui Central,Kitui,-1.3667,38.0167,2
KEN5479,2017-05-14,2017,Violence against civilians,Attack,Unidentified Armed Group (Kenya),Civilians (Kenya),Kenya,Uasin Gishu,Soy,Matunda,0.85,35.1333,3
KEN5456,2017-05-10,2017,Violence against civilians,Attack,Unidentified Communal Militia (Kenya),Civilians (Kenya),Kenya,Kitui,Kitui Central,Kitui,-1.3667,38.0167,2
KEN5461,2017-05-13,2017,Riots,Violent demonstration,Rioters (Kenya),,Kenya,Kakamega,Mumias West,Mumias,0.3351,34.4864,0
KEN5464,2017-05-13,2017,Protests,Peaceful protest,Protesters (Kenya),,Kenya,Nyandarua,Ndaragwa,Ndaragwa,-0.0559,36.5289,0
KEN5465,2017-05-13,2017,Protests,Peaceful protest,Protesters (Kenya),,Kenya,Nyandarua,Olkalou,Ol Kalou,-0.2709,36.3792,0
KEN5466,2017-05-13,2017,Protests,Peaceful protest,Protesters (Kenya),,Kenya,Nyandarua,Kipipiri,Miharati,-0.3982,36.4905,0
KEN5475,2017-05-16,2017,Explosions/Remote violence,Remote explosive/landmine/IED,Al Shabaab,Civilians (Kenya),Kenya,Garissa,Dadaab,Liboi,0.3534,40.8723,4
KEN5478,2017-05-17,2017,Riots,Mob violence,Rioters (Kenya),Rioters (Kenya),Kenya,Homa Bay,Karachuonyo,Kendu Bay,-0.3589,34.6492,0
KEN5483,2017-05-18,2017,Riots,Mob violence,Rioters (Kenya),Civilians (Kenya),Kenya,Tharaka-Nithi,Tharaka South,Kathwana,-0.1282,37.9358,0
KEN5487,2017-05-19,2017,Violence against civilians,Attack,Unidentified Armed Group (Kenya),Civilians (Kenya),Kenya,Bungoma,Webuye West,Webuye,0.6167,34.7667,0
KEN5492,2017-05-19,2017,Riots,Violent demonstration,Rioters (Kenya),,Kenya,Baringo,Tiaty,Churo Village,0.8333,36.3333,0
KEN6507,2017-05-12,2017,Strategic developments,Looting/property destruction,Unidentified Armed Group (Kenya),,Kenya,Kitui,Kitui Central,Kitui,-1.3667,38.0167,0
KEN5472,2017-05-15,2017,Violence against civilians,Attack,Al Shabaab,Civilians (Kenya),Kenya,Mandera,Mandera East,Mandera,3.9357,41.8542,1
KEN5459,2017-05-12,2017,Riots,Violent demonstration,Rioters (Kenya),,Kenya,Nakuru,Nakuru North,Nakuru,-0.2441,36.142,0
KEN5481,2017-05-17,2017,Protests,Peaceful protest,Protesters (Kenya),,Kenya,Kakamega,Lurambi,Kakamega,0.2833,34.7384,0
KEN5470,2017-05-14,2017,Riots,Mob violence,Rioters (Kenya),Civilians (Kenya),Kenya,Kakamega,Lurambi,Kakamega,0.2833,34.7384,0
KEN5467,2017-05-13,2017,Protests,Peaceful protest,Protesters (Kenya),,Kenya,Nyandarua,Kinangop,Engineer,-0.6,36.5833,0
KEN5463,2017-05-13,2017,Protests,Peaceful protest,Protesters (Kenya),,Kenya,Nyandarua,Kinangop,Kinangop,-0.7308,36.6591,0
KEN5455,2017-05-10,2017,Riots,Violent demonstration,Rioters (Kenya),,Kenya,Nyeri,Nyeri Central,Tetu,-0.4333,36.8833,0
KEN5490,2017-05-19,2017,Protests,Peaceful protest,Protesters (Kenya),,Kenya,Kirinyaga,Kirinyaga South,Kutus,-0.5753,37.3269,0
KEN6146,2017-05-13,2017,Riots,Mob violence,Rioters (Kenya),Rioters (Kenya),Kenya,Bomet,Chepalungu,Olbutyo,-0.854,35.2728,0
KEN5460,2017-05-13,2017,Battles,Non-state actor overtakes territory,Al Shabaab,Police Forces of Kenya (2013-2022),Kenya,Garissa,Garissa,Garissa,-0.4536,39.6461,10
KEN5468,2017-05-13,2017,Protests,Excessive force against protesters,Protesters (Kenya),Police Forces of Kenya (2013-2022),Kenya,Nyandarua,Kinangop,Nyandarua,-0.55,36.6167,1
KEN5473,2017-05-15,2017,Riots,Violent demonstration,Rioters (Kenya),Police Forces of Kenya (2013-2022),Kenya,Taita Taveta,Voi,Voi,-3.3961,38.5561,0
KEN5477,2017-05-17,2017,Explosions/Remote violence,Remote explosive/landmine/IED,Al Shabaab,Civilians (Kenya),Kenya,Mandera,Mandera South,El Wak,2.8094,40.9358,1
KEN5482,2017-05-17,2017,Violence against civilians,Attack,Police Forces of Kenya (2013-2022),Civilians (Kenya),Kenya,Kakamega,Lurambi,Kakamega,0.2833,34.7384,0
KEN5484,2017-05-18,2017,Riots,Mob violence,Rioters (Kenya),Police Forces of Kenya (2013-2022),Kenya,Meru,Imenti North,Meru,0.05,37.65,0
KEN5485,2017-05-18,2017,Violence against civilians,Attack,Unidentified Armed Group (Kenya),Civilians (Kenya),Kenya,Machakos,Machakos,Machakos,-1.5167,37.2667,1
KEN6015,2017-05-15,2017,Violence against civilians,Attack,Unidentified Armed Group (Kenya),Civilians (Kenya),Kenya,Baringo,Tiaty,Churo Village,0.8333,36.3333,1
KEN6017,2017-05-18,2017,Riots,Mob violence,Rioters (Kenya),Civilians (Kenya),Kenya,Turkana,Turkana Central,Lodwar,3.1191,35.5973,0
KEN6145,2017-05-12,2017,Protests,Protest with intervention,Protesters (Kenya),Police Forces of Kenya (2013-2022),Kenya,Taita Taveta,Voi,Voi,-3.3961,38.5561,0
KEN6506,2017-05-10,2017,Battles,Armed clash,Al Shabaab,Police Forces of Kenya (2013-2022),Kenya,Mandera,Mandera East,Omar Jilo,3.7938,41.7167,2
KEN5458,2017-05-10,2017,Protests,Peaceful protest,Protesters (Kenya),,Kenya,Nairobi,Starehe,Nairobi,-1.283,36.817,0
KEN5474,2017-05-15,2017,Violence against civilians,Attack,Unidentified Armed Group (Kenya),Civilians (Kenya),Kenya,Nairobi,Starehe,Nairobi,-1.283,36.817,0
KEN5471,2017-05-15,2017,Riots,Violent demonstration,Rioters (Kenya),,Kenya,Nairobi,Kibra,Nairobi - Kibra,-1.3061,36.7857,0
KEN5488,2017-05-19,2017,Protests,Peaceful protest,Protesters (Kenya),,Kenya,Nairobi,Westlands,Nairobi - Westlands,-1.2379,36.7879,0
KEN16989,2017-05-11,2017,Violence against civilians,Attack,Al Shabaab,Civilians (Kenya),Kenya,Mandera,Mandera South,El Wak,2.8094,40.9358,1
KEN17032,2017-05-11,2017,Strategic developments,Looting/property destruction,Al Shabaab,Civilians (Kenya),Kenya,Mandera,Mandera South,El Wak,2.8094,40.9358,0
KEN5476,2017-05-15,2017,Battles,Armed clash,Al Shabaab,Police Forces of Kenya (2013-2022) National Police Reservists,Kenya,Mandera,Mandera East,Omar Jilo,3.7938,41.7167,1
KEN5480,2017-05-17,2017,Protests,Peaceful protest,Protesters (Kenya),,Kenya,Nairobi,Starehe,Nairobi - Starehe,-1.2881,36.8236,0
KEN5489,2017-05-19,2017,Protests,Peaceful protest,Protesters (Kenya),,Kenya,Nairobi,Starehe,Nairobi - Starehe,-1.2881,36.8236,0
KEN6710,2017-05-12,2017,Violence against civilians,Abduction/forced disappearance,Unidentified Armed Group (Kenya),Civilians (Kenya),Kenya,Nairobi,Starehe,Nairobi - Starehe,-1.2881,36.8236,0
KEN5462,2017-05-13,2017,Riots,Violent demonstration,Rioters (Kenya),Police Forces of Kenya (2013-2022),Kenya,Nairobi,Kasarani,Nairobi - Kasarani,-1.2254,36.8977,1
KEN5457,2017-05-12,2017,Violence against civilians,Attack,Al Shabaab,Civilians (Kenya),Kenya,Mandera,Mandera East,Mandera,3.9357,41.8542,2
KEN21092,2017-05-11,2017,Battles,Armed clash,Somali Ethnic Militia (Kenya),Orma Ethnic Militia (Kenya),Kenya,Tana River,Bura,Bura,-1.095,39.8673,2
KEN5494,2017-05-22,2017,Protests,Peaceful protest,Protesters (Kenya),,Kenya,Nyeri,Nyeri Central,Nyeri,-0.4167,36.95,0
KEN5493,2017-05-22,2017,Protests,Peaceful protest,Protesters (Kenya),,Kenya,Embu,Manyatta,Embu,-0.5333,37.45,0
KEN5506,2017-05-26,2017,Battles,Armed clash,Isiolo Communal Militia (Kenya),Marsabit Communal Militia (Kenya),Kenya,Isiolo,Merti,Barchuma Guda,1.3833,38.2167,10
KEN5511,2017-05-30,2017,Protests,Peaceful protest,Protesters (Kenya),,Kenya,Kisii,Nyaribari Chache,Kisii,-0.6833,34.7667,0
KEN6148,2017-05-26,2017,Violence against civilians,Attack,Unidentified Armed Group (Kenya),Civilians (Kenya),Kenya,Nakuru,Naivasha,Mai Mahiu,-0.9838,36.5899,1
KEN6150,2017-05-30,2017,Protests,Peaceful protest,Protesters (Kenya),,Kenya,Kilifi,Malindi,Malindi,-3.22,40.12,0
KEN5495,2017-05-23,2017,Violence against civilians,Attack,Baringo Communal Militia (Kenya),Civilians (Kenya),Kenya,Laikipia,Laikipia North,Laikipia,0.4167,36.75,0
KEN5498,2017-05-24,2017,Protests,Peaceful protest,Protesters (Kenya),,Kenya,Nakuru,Nakuru North,Nakuru,-0.2441,36.142,0
KEN5503,2017-05-25,2017,Protests,Excessive force against protesters,Rioters (Kenya),Protesters (Kenya),Kenya,Tharaka-Nithi,Tharaka South,Kathwana,-0.1282,37.9358,0
KEN5496,2017-05-23,2017,Protests,Peaceful protest,Protesters (Kenya),,Kenya,Kericho,Ainamoi,Kericho,-0.3677,35.2831,0
KEN5491,2017-05-20,2017,Riots,Violent demonstration,Rioters (Kenya),Police Forces of Kenya (2013-2022),Kenya,Isiolo,Isiolo,Isiolo,0.3546,37.5822,1
KEN5499,2017-05-24,2017,Strategic developments,Looting/property destruction,Police Forces of Kenya (2013-2022),Civilians (Kenya),Kenya,Kitui,Kitui East,Malalani,-1.35,38.55,0
KEN5500,2017-05-24,2017,Explosions/Remote violence,Remote explosive/landmine/IED,Al Shabaab,Police Forces of Kenya (2013-2022),Kenya,Garissa,Fafi,Hagadera Refugee Camp,0.0037,40.3746,2
KEN5501,2017-05-24,2017,Explosions/Remote violence,Remote explosive/landmine/IED,Al Shabaab,Police Forces of Kenya (2013-2022),Kenya,Garissa,Dadaab,Liboi,0.3534,40.8723,3
KEN5502,2017-05-24,2017,Explosions/Remote violence,Remote explosive/landmine/IED,Al Shabaab,Police Forces of Kenya (2013-2022),Kenya,Mandera,Mandera East,Mandera,3.9357,41.8542,5
KEN5504,2017-05-25,2017,Explosions/Remote violence,Remote explosive/landmine/IED,Al Shabaab,Police Forces of Kenya (2013-2022),Kenya,Garissa,Dadaab,Liboi,0.3534,40.8723,5
KEN5508,2017-05-28,2017,Battles,Armed clash,Moran Ethnic Militia (Kenya),Police Forces of Kenya (2013-2022),Kenya,Samburu,Samburu East,Archers Post,0.644,37.6752,3
KEN6021,2017-05-25,2017,Riots,Violent demonstration,Rioters (Kenya),Police Forces of Kenya (2013-2022),Kenya,Homa Bay,Kasipul,Oyugis,-0.509,34.7358,0
KEN6149,2017-05-29,2017,Riots,Violent demonstration,Rioters (Kenya),Police Forces of Kenya (2013-2022),Kenya,Laikipia,Laikipia West,Nyahururu,0.0333,36.3667,0
KEN6508,2017-05-22,2017,Riots,Violent demonstration,Rioters (Kenya),Police Forces of Kenya (2013-2022),Kenya,Kisumu,Kisumu West,Kogony,-0.0833,34.7167,0
KEN6509,2017-05-24,2017,Battles,Armed clash,Police Forces of Kenya (2013-2022),Moran Ethnic Militia (Kenya),Kenya,Samburu,Samburu East,Archers Post,0.644,37.6752,3
KEN5497,2017-05-23,2017,Riots,Violent demonstration,Rioters (Kenya),Police Forces of Kenya (2013-2022),Kenya,Nairobi,Starehe,Nairobi,-1.283,36.817,0
KEN6147,2017-05-23,2017,Riots,Violent demonstration,Rioters (Kenya),Police Forces of Kenya (2013-2022),Kenya,Mombasa,Mvita,Mombasa,-4.0547,39.6636,0
KEN5507,2017-05-26,2017,Riots,Violent demonstration,Rioters (Kenya),,Kenya,Kisumu,Muhoroni,Muhoroni,-0.1567,35.1984,0
KEN5505,2017-05-26,2017,Violence against civilians,Attack,Al Shabaab,Civilians (Kenya),Kenya,Tana River,Galole,Hola,-1.5036,40.0333,1
KEN5509,2017-05-29,2017,Battles,Armed clash,Al Shabaab,Police Forces of Kenya (2013-2022),Kenya,Tana River,Galole,Hola,-1.5036,40.0333,3
KEN5510,2017-05-29,2017,Riots,Mob violence,Rioters (Kenya),Rioters (Kenya),Kenya,Nairobi,Starehe,Nairobi - Starehe,-1.2881,36.8236,0
KEN6510,2017-05-28,2017,Riots,Violent demonstration,Rioters (Kenya),Civilians (Kenya),Kenya,Siaya,Bondo,Bondo,-0.1003,34.2729,1
KEN6023,2017-06-06,2017,Riots,Mob violence,Rioters (Kenya),Civilians (Kenya),Kenya,Baringo,Koibatek,Eldama Ravine,0.052,35.731,1
KEN5519,2017-06-04,2017,Protests,Peaceful protest,Protesters (Kenya),,Kenya,Nyeri,Mathira East,Karatina,-0.4817,37.1251,0
KEN5520,2017-06-02,2017,Protests,Peaceful protest,Protesters (Kenya),,Kenya,Laikipia,Laikipia West,Nyahururu,0.0333,36.3667,0
KEN5521,2017-06-02,2017,Protests,Peaceful protest,Protesters (Kenya),,Kenya,Nyeri,Nyeri Central,Nyeri,-0.4167,36.95,0
KEN5523,2017-06-02,2017,Protests,Peaceful protest,Protesters (Kenya),,Kenya,Nyeri,Nyeri South,Othaya,-0.5666,36.95,0
KEN5528,2017-06-06,2017,Explosions/Remote violence,Remote explosive/landmine/IED,Al Shabaab,Civilians (Kenya),Kenya,Garissa,Dadaab,Dadaab Refugee Camp,0.0514,40.3142,3
KEN5529,2017-06-06,2017,Protests,Peaceful protest,Protesters (Kenya),,Kenya,Taita Taveta,Voi,Voi,-3.3961,38.5561,0
KEN6151,2017-06-05,2017,Protests,Peaceful protest,Protesters (Kenya),,Kenya,Kisii,Nyaribari Chache,Kisii,-0.6833,34.7667,0
KEN5527,2017-06-06,2017,Violence against civilians,Attack,Unidentified Armed Group (Kenya),Civilians (Kenya),Kenya,Mandera,Mandera East,Mandera,3.9357,41.8542,1
KEN5525,2017-06-05,2017,Riots,Mob violence,Rioters (Kenya),Civilians (Kenya),Kenya,Kisii,Nyaribari Chache,Kisii,-0.6833,34.7667,0
KEN5518,2017-06-04,2017,Protests,Peaceful protest,Protesters (Kenya),,Kenya,Nakuru,Gilgil,Gilgil,-0.4897,36.312,0
KEN5522,2017-06-02,2017,Protests,Peaceful protest,Protesters (Kenya),,Kenya,Nyandarua,Olkalou,Ol Kalou,-0.2709,36.3792,0
KEN6022,2017-06-04,2017,Riots,Mob violence,Rioters (Kenya),Rioters (Kenya),Kenya,Nandi,Chesumei,Kapsabet,0.2039,35.105,0
KEN5517,2017-06-02,2017,Riots,Mob violence,Rioters (Kenya),Rioters (Kenya),Kenya,Bungoma,Kanduyi,Bungoma,0.5635,34.5606,1
KEN5515,2017-05-31,2017,Explosions/Remote violence,Remote explosive/landmine/IED,Al Shabaab,Military Forces of Kenya (2013-2022),Kenya,Lamu,Lamu East,Kiunga,-1.741,41.492,0
KEN5516,2017-05-31,2017,Protests,Excessive force against protesters,Protesters (Kenya),Police Forces of Kenya (2013-2022),Kenya,Marsabit,Moyale,Moyale,3.5094,39.0528,0
KEN5524,2017-06-05,2017,Explosions/Remote violence,Remote explosive/landmine/IED,Al Shabaab,Police Forces of Kenya (2013-2022),Kenya,Wajir,Wajir East,Wajir,1.75,40.06,0
KEN5530,2017-06-07,2017,Battles,Armed clash,Police Forces of Kenya (2013-2022),Isiolo Communal Militia (Kenya),Kenya,Isiolo,Isiolo,Isiolo,0.3546,37.5822,5
KEN5532,2017-06-09,2017,Battles,Armed clash,Police Forces of Kenya (2013-2022),Baringo East Communal Militia (Kenya),Kenya,Turkana,Turkana East,Katilia,2.1167,36.1167,2
KEN6511,2017-06-07,2017,Violence against civilians,Attack,Private Security Forces (Kenya),Civilians (Kenya),Kenya,Nairobi,Starehe,Nairobi,-1.283,36.817,0
KEN5514,2017-05-31,2017,Violence against civilians,Attack,Al Shabaab,Civilians (Kenya),Kenya,Garissa,Garissa,Garissa,-0.4536,39.6461,1
KEN5512,2017-05-31,2017,Battles,Armed clash,Al Shabaab,Police Forces of Kenya (2013-2022),Kenya,Lamu,Lamu East,Baure,-1.723,40.9646,10
KEN6152,2017-06-07,2017,Riots,Violent demonstration,Rioters (Kenya),,Kenya,Nairobi,Starehe,Nairobi - Starehe,-1.2881,36.8236,0
KEN5531,2017-06-08,2017,Riots,Violent demonstration,Rioters (Kenya),Police Forces of Kenya (2013-2022),Kenya,Nairobi,Starehe,Nairobi - Starehe,-1.2881,36.8236,0
KEN5541,2017-06-16,2017,Explosions/Remote violence,Remote explosive/landmine/IED,Al Shabaab,Civilians (Kenya),Kenya,Mandera,Mandera South,El Wak,2.8094,40.9358,4
KEN5543,2017-06-18,2017,Violence against civilians,Attack,Unidentified Communal Militia (Kenya),Civilians (Kenya),Kenya,Trans Nzoia,Saboti,Kitale,1.0167,35,1
KEN5546,2017-06-19,2017,Riots,Mob violence,Rioters (Kenya),Civilians (Kenya),Kenya,Samburu,Samburu Central,Maralal,1.0968,36.698,0
KEN6024,2017-06-13,2017,Riots,Violent demonstration,Rioters (Kenya),,Kenya,Elgeyo Marakwet,Keiyo North,Iten,0.6702,35.5077,0
KEN6025,2017-06-14,2017,Violence against civilians,Attack,Unidentified Armed Group (Kenya),Civilians (Kenya),Kenya,Nyeri,Nyeri South,Othaya,-0.5666,36.95,1
KEN6153,2017-06-10,2017,Violence against civilians,Attack,Pokot Ethnic Militia (Kenya),Civilians (Kenya),Kenya,Turkana,Turkana East,Lokori,1.9516,36.0358,6
KEN6155,2017-06-12,2017,Protests,Peaceful protest,Protesters (Kenya),,Kenya,Kisumu,Kisumu Central,Kisumu,-0.1,34.75,0
KEN6156,2017-06-13,2017,Violence against civilians,Attack,Pokot Ethnic Militia (Kenya),Civilians (Kenya),Kenya,Elgeyo Marakwet,Marakwet West,Elegeyo-Marakwet,0.99,35.55,1
KEN6513,2017-06-16,2017,Riots,Violent demonstration,Rioters (Kenya),,Kenya,Kitui,Kitui Central,Kitui,-1.3667,38.0167,0
KEN6512,2017-06-12,2017,Riots,Mob violence,Rioters (Kenya),Rioters (Kenya),Kenya,Kiambu,Thika Town,Thika,-1.05,37.0833,0
KEN5537,2017-06-11,2017,Riots,Mob violence,Rioters (Kenya),Civilians (Kenya),Kenya,Kakamega,Lurambi,Kakamega,0.2833,34.7384,0
KEN6026,2017-06-17,2017,Riots,Mob violence,Rioters (Kenya),Rioters (Kenya),Kenya,Meru,Imenti North,Meru,0.05,37.65,0
KEN5538,2017-06-13,2017,Riots,Mob violence,Rioters (Kenya),Rioters (Kenya),Kenya,West Pokot,West Pokot,Makutano,1.2577,35.0927,0
KEN5534,2017-06-10,2017,Riots,Mob violence,Rioters (Kenya),Civilians (Kenya),Kenya,Kisumu,Nyando,Ahero,-0.1833,34.9166,0
KEN5535,2017-06-11,2017,Strategic developments,Disrupted weapons use,Al Shabaab,Military Forces of Kenya (2013-2022),Kenya,Lamu,Lamu West,Lamu,-2.2717,40.902,0
KEN5539,2017-06-13,2017,Battles,Armed clash,Laikipia Communal Militia (Kenya),Police Forces of Kenya (2013-2022),Kenya,Laikipia,Laikipia North,Laikipia,0.4167,36.75,0
KEN5545,2017-06-19,2017,Riots,Violent demonstration,Rioters (Kenya),Police Forces of Kenya (2013-2022),Kenya,Samburu,Samburu East,Kirimoni,1.2537,37.2522,0
KEN5548,2017-06-20,2017,Riots,Violent demonstration,Rioters (Kenya),Police Forces of Kenya (2013-2022),Kenya,Muranga,Kiharu,Muranga,-0.7166,37.15,0
KEN5533,2017-06-10,2017,Battles,Armed clash,Police Forces of Kenya (2013-2022) General Service Unit,Unidentified Armed Group (Kenya),Kenya,Baringo,Marigat,Rugus,0.65,36.1167,0
KEN6154,2017-06-12,2017,Protests,Peaceful protest,Protesters (Kenya),,Kenya,Nairobi,Starehe,Nairobi,-1.283,36.817,0
KEN5540,2017-06-14,2017,Riots,Violent demonstration,Rioters (Kenya),,Kenya,Nairobi,Makadara,Nairobi - Makadara,-1.2966,36.8672,0
KEN5547,2017-06-20,2017,Strategic developments,Arrests,Police Forces of Kenya (2013-2022),Civilians (Kenya),Kenya,Nairobi,Kamukunji,Nairobi - Kamukunji,-1.2759,36.8526,0
KEN5544,2017-06-19,2017,Explosions/Remote violence,Remote explosive/landmine/IED,Al Shabaab,Police Forces of Kenya (2013-2022),Kenya,Wajir,Wajir East,Wajir,1.75,40.06,9
KEN5536,2017-06-11,2017,Explosions/Remote violence,Remote explosive/landmine/IED,Al Shabaab,Military Forces of Kenya (2013-2022),Kenya,Garissa,Dadaab,Liboi,0.3534,40.8723,0
KEN5542,2017-06-17,2017,Protests,Peaceful protest,Protesters (Kenya),,Kenya,Kisumu,Muhoroni,Muhoroni,-0.1567,35.1984,0
KEN5551,2017-06-23,2017,Explosions/Remote violence,Remote explosive/landmine/IED,Al Shabaab,Civilians (Kenya),Kenya,Mandera,Mandera East,Mandera,3.9357,41.8542,0
KEN5552,2017-06-23,2017,Protests,Peaceful protest,Protesters (Kenya),,Kenya,Nyeri,Nyeri Central,Nyeri,-0.4167,36.95,0
KEN5557,2017-06-25,2017,Violence against civilians,Attack,Unidentified Communal Militia (Kenya),Civilians (Kenya),Kenya,Marsabit,Laisamis,Laisamis,1.6,37.8,1
KEN5558,2017-06-25,2017,Violence against civilians,Attack,Unidentified Communal Militia (Kenya),Civilians (Kenya),Kenya,Marsabit,Saku,Saku,2.3333,37.9833,1
KEN6027,2017-06-22,2017,Protests,Peaceful protest,Protesters (Kenya),,Kenya,Uasin Gishu,Kapseret,Kiambaa,0.45,35.2833,0
KEN6157,2017-06-24,2017,Violence against civilians,Attack,Pokot Ethnic Militia (Kenya),Civilians (Kenya),Kenya,Elgeyo Marakwet,Marakwet West,Elegeyo-Marakwet,0.99,35.55,1
KEN6158,2017-06-24,2017,Riots,Mob violence,Rioters (Kenya),Rioters (Kenya),Kenya,Baringo,Baringo Central,Kabarnet,0.4919,35.743,0
KEN5549,2017-06-21,2017,Battles,Armed clash,Police Forces of Kenya (2013-2022),Police Forces of Kenya (2013-2022),Kenya,Baringo,Baringo Central,Kabarnet,0.4919,35.743,2
KEN5554,2017-06-24,2017,Riots,Violent demonstration,Rioters (Kenya),Police Forces of Kenya (2013-2022),Kenya,Meru,Imenti North,Meru,0.05,37.65,0
KEN5556,2017-06-25,2017,Riots,Violent demonstration,Rioters (Kenya),Police Forces of Kenya (2013-2022),Kenya,Tharaka-Nithi,Chuka,Chuka,-0.3333,37.65,0
KEN5561,2017-06-29,2017,Strategic developments,Arrests,Police Forces of Kenya (2013-2022),Unidentified Armed Group (Kenya),Kenya,Kisumu,Kisumu Central,Kisumu,-0.1,34.75,0
KEN5562,2017-06-30,2017,Riots,Mob violence,Rioters (Kenya),Police Forces of Kenya (2013-2022),Kenya,Migori,Suna West,Migori,-1.0667,34.4667,0
KEN6199,2017-06-21,2017,Violence against civilians,Attack,Police Forces of Kenya (2013-2022),Civilians (Kenya),Kenya,Mombasa,Kisauni,Kisauni,-4.0333,39.6833,1
KEN6516,2017-06-29,2017,Strategic developments,Change to group/activity,Al Shabaab,Police Forces of Kenya (2013-2022),Kenya,Lamu,Lamu East,Kiunga,-1.741,41.492,0
KEN6517,2017-06-29,2017,Strategic developments,Arrests,Police Forces of Kenya (2013-2022),ODM: Orange Democratic Movement,Kenya,Nyamira,Borabu,Nyando,-0.7166,35.0333,0
KEN6514,2017-06-22,2017,Riots,Violent demonstration,Rioters (Kenya),Police Forces of Kenya (2013-2022),Kenya,Nairobi,Starehe,Nairobi,-1.283,36.817,0
KEN5560,2017-06-28,2017,Violence against civilians,Attack,Mungiki Militia,Civilians (Kenya),Kenya,Nairobi,Embakasi South,Nairobi - Embakasi South,-1.3261,36.889,1
KEN6198,2017-06-21,2017,Riots,Mob violence,Rioters (Kenya),Civilians (Kenya),Kenya,Mombasa,Kisauni,Mishomoroni,-4.0207,39.6819,2
KEN5559,2017-06-27,2017,Riots,Violent demonstration,Rioters (Kenya),,Kenya,Kiambu,Gatundu South,Gatundu,-1.0129,36.9049,0
KEN6515,2017-06-26,2017,Riots,Violent demonstration,Rioters (Kenya),Police Forces of Kenya (2013-2022),Kenya,Siaya,Rarieda,Rarieda,-0.2017,34.3386,0
KEN5555,2017-06-27,2017,Explosions/Remote violence,Remote explosive/landmine/IED,Al Shabaab,Police Forces of Kenya (2013-2022),Kenya,Lamu,Lamu East,Kiunga,-1.741,41.492,8
KEN5550,2017-06-23,2017,Battles,Armed clash,Al Shabaab,Police Forces of Kenya (2013-2022),Kenya,Mandera,Mandera South,El Wak,2.8094,40.9358,6
KEN5563,2017-06-30,2017,Violence against civilians,Attack,Unidentified Armed Group (Kenya),Civilians (Kenya),Kenya,Mandera,Lafey,Bamba,3.5008,41.0395,5
KEN6035,2017-07-10,2017,Riots,Mob violence,Rioters (Kenya),Civilians (Kenya),Kenya,Meru,Igembe South,Maua,0.2321,37.9405,1
KEN6032,2017-07-09,2017,Violence against civilians,Attack,Meru Ethnic Militia (Kenya),Civilians (Kenya),Kenya,Isiolo,Garbatulla,Kinna,0.3167,38.2,3
KEN6033,2017-07-09,2017,Strategic developments,Looting/property destruction,Unidentified Communal Militia (Kenya),Civilians (Kenya),Kenya,Meru,Igembe South,Maua,0.2321,37.9405,0
KEN6030,2017-07-08,2017,Violence against civilians,Attack,Isiolo Communal Militia (Kenya),Civilians (Kenya),Kenya,Meru,Igembe South,Maua,0.2321,37.9405,4
KEN5566,2017-07-03,2017,Violence against civilians,Attack,Unidentified Armed Group (Kenya),Civilians (Kenya),Kenya,Mandera,Mandera East,Mandera,3.9357,41.8542,5
KEN5575,2017-07-07,2017,Protests,Peaceful protest,Protesters (Kenya),,Kenya,Nyeri,Mathira East,Karatina,-0.4817,37.1251,0
KEN5582,2017-07-10,2017,Violence against civilians,Attack,Unidentified Ethnic Militia (Kenya),Civilians (Kenya),Kenya,Meru,Igembe Central,Njia,0.2667,37.9,13
KEN5583,2017-07-11,2017,Battles,Armed clash,Tugen Ethnic Militia (Kenya),Pokot Ethnic Militia (Kenya),Kenya,Baringo,Baringo Central,Kabarnet,0.4919,35.743,3
KEN5567,2017-07-03,2017,Protests,Peaceful protest,Protesters (Kenya),,Kenya,Kiambu,Juja,Juja,-1.1833,37.1167,0
KEN5568,2017-07-03,2017,Protests,Peaceful protest,Protesters (Kenya),,Kenya,Kisii,Nyaribari Chache,Kisii,-0.6833,34.7667,0
KEN5571,2017-07-03,2017,Protests,Peaceful protest,Protesters (Kenya),,Kenya,Narok,Narok North,Narok,-1.0783,35.8601,0
KEN5580,2017-07-08,2017,Violence against civilians,Attack,Al Shabaab,Civilians (Kenya),Kenya,Lamu,Lamu West,Pandanguo,-2.2347,40.4778,5
KEN5578,2017-07-08,2017,Violence against civilians,Attack,Al Shabaab,Civilians (Kenya),Kenya,Lamu,Lamu West,Lamu,-2.2717,40.902,4
KEN5573,2017-07-04,2017,Protests,Peaceful protest,Protesters (Kenya),,Kenya,Garissa,Garissa,Garissa,-0.4536,39.6461,0
KEN5584,2017-07-11,2017,Riots,Mob violence,Rioters (Kenya),Civilians (Kenya),Kenya,Embu,Manyatta,Embu,-0.5333,37.45,0
KEN5565,2017-07-02,2017,Riots,Violent demonstration,Rioters (Kenya),Police Forces of Kenya (2013-2022),Kenya,Kilifi,Kilifi North,Kilifi,-3.633,39.85,0
KEN5574,2017-07-05,2017,Battles,Armed clash,Al Shabaab,Police Forces of Kenya (2013-2022),Kenya,Lamu,Lamu West,Pandanguo,-2.2347,40.4778,3
KEN5576,2017-07-07,2017,Protests,Protest with intervention,Protesters (Kenya),Police Forces of Kenya (2013-2022),Kenya,Nyeri,Nyeri Central,Nyeri,-0.4167,36.95,0
KEN6028,2017-07-05,2017,Battles,Armed clash,Unidentified Communal Militia (Kenya),Police Forces of Kenya (2013-2022),Kenya,Laikipia,Laikipia West,Kinamba,0.419,36.3274,0
KEN6519,2017-07-01,2017,Riots,Violent demonstration,Rioters (Kenya),Police Forces of Kenya (2013-2022),Kenya,Meru,Imenti North,Meru,0.05,37.65,0
KEN5581,2017-07-10,2017,Explosions/Remote violence,Air/drone strike,Police Forces of Kenya (2013-2022),Al Shabaab,Kenya,Garissa,Hulugho,Boni Forest,-1.5394,41.3314,0
KEN5570,2017-07-03,2017,Protests,Peaceful protest,Protesters (Kenya),,Kenya,Nairobi,Starehe,Nairobi,-1.283,36.817,0
KEN5572,2017-07-04,2017,Protests,Peaceful protest,Protesters (Kenya),,Kenya,Nairobi,Starehe,Nairobi,-1.283,36.817,0
KEN5569,2017-07-03,2017,Protests,Peaceful protest,Protesters (Kenya),,Kenya,Mombasa,Mvita,Mombasa,-4.0547,39.6636,0
KEN6029,2017-07-07,2017,Strategic developments,Looting/property destruction,ODM: Orange Democratic Movement,Jubilee Party,Kenya,Mombasa,Mvita,Mombasa,-4.0547,39.6636,0
KEN6518,2017-07-01,2017,Riots,Violent demonstration,Rioters (Kenya),,Kenya,Nairobi,Mathare,Nairobi - Mathare,-1.2604,36.8607,0
KEN5577,2017-07-08,2017,Strategic developments,Change to group/activity,Police Forces of Kenya (2013-2022),,Kenya,Lamu,Lamu West,Lamu,-2.2717,40.902,0
KEN6031,2017-07-08,2017,Violence against civilians,Attack,Unidentified Communal Militia (Kenya),Civilians (Kenya),Kenya,Meru,Tigania East,Muthara,0.2166,37.7998,1
KEN6034,2017-07-09,2017,Violence against civilians,Attack,Unidentified Communal Militia (Kenya),Civilians (Kenya),Kenya,Meru,Tigania East,Muthara,0.2166,37.7998,2
KEN5601,2017-07-20,2017,Violence against civilians,Attack,Unidentified Armed Group (Kenya),Civilians (Kenya),Kenya,Bungoma,Kimilili,Kimilili,0.783,34.7193,1
KEN5597,2017-07-19,2017,Protests,Peaceful protest,Protesters (Kenya),,Kenya,Kisii,Nyaribari Chache,Kisii,-0.6833,34.7667,0
KEN5589,2017-07-12,2017,Protests,Peaceful protest,Protesters (Kenya),,Kenya,Kisii,Nyaribari Chache,Kisii,-0.6833,34.7667,0
KEN5600,2017-07-21,2017,Violence against civilians,Attack,Unidentified Communal Militia (Kenya),Civilians (Kenya),Kenya,Samburu,Samburu North,Baragoi,1.7833,36.7833,3
KEN6160,2017-07-18,2017,Violence against civilians,Attack,Unidentified Armed Group (Kenya),Civilians (Kenya),Kenya,Laikipia,Laikipia North,Ol Moran,0.4599,36.7556,1
KEN6521,2017-07-12,2017,Riots,Violent demonstration,Rioters (Kenya),,Kenya,Kisumu,Kisumu Central,Kisumu,-0.1,34.75,0
KEN5588,2017-07-12,2017,Violence against civilians,Attack,Pokot Ethnic Militia (Kenya),Civilians (Kenya),Kenya,Laikipia,Laikipia North,Laikipia,0.4167,36.75,0
KEN5598,2017-07-20,2017,Violence against civilians,Attack,Al Shabaab,Civilians (Kenya),Kenya,Lamu,Lamu East,Mararani,-1.7027,41.3019,2
KEN6200,2017-07-21,2017,Riots,Mob violence,Rioters (Kenya),Rioters (Kenya),Kenya,Uasin Gishu,Moiben,Eldoret,0.5167,35.2833,0
KEN6520,2017-07-12,2017,Riots,Violent demonstration,Rioters (Kenya),,Kenya,Baringo,Baringo Central,Kabarnet,0.4919,35.743,0
KEN5586,2017-07-12,2017,Battles,Armed clash,Pokot Ethnic Militia (Kenya),Police Forces of Kenya (2013-2022),Kenya,Laikipia,Laikipia North,Laikipia,0.4167,36.75,6
KEN5590,2017-07-13,2017,Battles,Armed clash,Police Forces of Kenya (2013-2022),Al Shabaab,Kenya,Lamu,Lamu West,Lamu,-2.2717,40.902,5
KEN5591,2017-07-13,2017,Riots,Mob violence,Rioters (Kenya),Police Forces of Kenya (2013-2022),Kenya,Kiambu,Thika Town,Thika,-1.05,37.0833,0
KEN5593,2017-07-13,2017,Violence against civilians,Attack,Al Shabaab,Civilians (Kenya),Kenya,Lamu,Lamu West,Lamu,-2.2717,40.902,3
KEN5599,2017-07-20,2017,Battles,Armed clash,Police Forces of Kenya (2013-2022),Unidentified Communal Militia (Kenya),Kenya,Samburu,Samburu North,Baragoi,1.7833,36.7833,0
KEN6522,2017-07-12,2017,Riots,Violent demonstration,Rioters (Kenya),,Kenya,Homa Bay,Mbita,Mbita,-0.4166,34.2,0
KEN5596,2017-07-17,2017,Battles,Armed clash,Police Forces of Kenya (2013-2022) General Service Unit,Al Shabaab,Kenya,Lamu,Lamu West,Mokowe,-2.2343,40.8466,0
KEN5592,2017-07-13,2017,Riots,Mob violence,Rioters (Kenya),Private Security Forces (Kenya),Kenya,Nairobi,Roysambu,Nairobi - Roysambu,-1.2067,36.8888,0
KEN5595,2017-07-16,2017,Explosions/Remote violence,Remote explosive/landmine/IED,Al Shabaab,Military Forces of Kenya (2013-2022),Kenya,Garissa,Dadaab,Liboi,0.3534,40.8723,10
KEN5594,2017-07-12,2017,Violence against civilians,Attack,Unidentified Armed Group (Kenya),Civilians (Kenya),Kenya,Mombasa,Mvita,Mombasa,-4.0547,39.6636,1
KEN6523,2017-07-15,2017,Riots,Mob violence,Rioters (Kenya),Civilians (Kenya),Kenya,Mombasa,Mvita,Mombasa,-4.0547,39.6636,0
KEN5585,2017-07-12,2017,Battles,Armed clash,Pokot Ethnic Militia (Kenya),Police Forces of Kenya (2013-2022),Kenya,Baringo,Mogotio,Mochongoi,0.3075,36.1924,0
KEN5587,2017-07-13,2017,Battles,Armed clash,Pokot Ethnic Militia (Kenya),Tugen Ethnic Militia (Kenya),Kenya,Baringo,Mogotio,Mochongoi,0.3075,36.1924,4
KEN6159,2017-07-13,2017,Protests,Peaceful protest,Protesters (Kenya),,Kenya,Baringo,Mogotio,Mochongoi,0.3075,36.1924,0
KEN5606,2017-07-26,2017,Riots,Mob violence,Rioters (Kenya),Rioters (Kenya),Kenya,Marsabit,Saku,Marsabit,2.333,37.983,0
KEN6161,2017-07-22,2017,Violence against civilians,Attack,Pokot Ethnic Militia (Kenya),Civilians (Kenya),Kenya,Elgeyo Marakwet,Marakwet West,Elegeyo-Marakwet,0.99,35.55,0
KEN6162,2017-07-30,2017,Protests,Peaceful protest,Protesters (Kenya),,Kenya,Meru,Imenti North,Meru,0.05,37.65,0
KEN6201,2017-07-22,2017,Violence against civilians,Attack,Pokot Ethnic Militia (Kenya),Civilians (Kenya),Kenya,Elgeyo Marakwet,Marakwet East,Kaben,1.2899,35.6266,1
KEN5610,2017-08-01,2017,Protests,Peaceful protest,Protesters (Kenya),,Kenya,Makueni,Kibwezi West,Makindu,-2.2833,37.8167,0
KEN6203,2017-07-22,2017,Riots,Mob violence,Rioters (Kenya),Civilians (Kenya),Kenya,Kiambu,Kiambu Town,Kiambu,-1.1667,36.8333,1
KEN5605,2017-07-27,2017,Protests,Protest with intervention,Protesters (Kenya),Rioters (Kenya),Kenya,Kisumu,Kisumu Central,Kisumu,-0.1,34.75,0
KEN5612,2017-08-01,2017,Protests,Peaceful protest,Protesters (Kenya),,Kenya,Kisii,Nyaribari Chache,Kisii,-0.6833,34.7667,0
KEN6037,2017-07-28,2017,Violence against civilians,Abduction/forced disappearance,Al Shabaab,Civilians (Kenya),Kenya,Mandera,Mandera East,Mandera,3.9357,41.8542,0
KEN5604,2017-07-25,2017,Riots,Violent demonstration,Rioters (Kenya),Private Security Forces (Kenya),Kenya,Kirinyaga,Kirinyaga South,Kutus,-0.5753,37.3269,0
KEN5602,2017-07-22,2017,Riots,Mob violence,Rioters (Kenya),Rioters (Kenya),Kenya,Mandera,Mandera East,Mandera,3.9357,41.8542,0
KEN5609,2017-07-30,2017,Battles,Armed clash,Police Forces of Kenya (2013-2022),Unidentified Armed Group (Kenya),Kenya,Uasin Gishu,Kapseret,Simat,0.5422,35.1837,2
KEN6202,2017-07-22,2017,Battles,Armed clash,Police Forces of Kenya (2013-2022),Unidentified Armed Group (Kenya),Kenya,Kiambu,Kiambu Town,Kiambu,-1.1667,36.8333,1
KEN6525,2017-07-26,2017,Riots,Violent demonstration,Rioters (Kenya),Police Forces of Kenya (2013-2022),Kenya,Kirinyaga,Kirinyaga South,Kutus,-0.5753,37.3269,0
KEN5607,2017-07-29,2017,Battles,Armed clash,Unidentified Armed Group (Kenya),Police Forces of Kenya (2013-2022) General Service Unit,Kenya,Uasin Gishu,Kapseret,Simat,0.5422,35.1837,2
KEN6038,2017-07-28,2017,Violence against civilians,Attack,Unidentified Armed Group (Kenya),Civilians (Kenya),Kenya,Nairobi,Starehe,Nairobi,-1.283,36.817,2
KEN6526,2017-07-27,2017,Riots,Mob violence,Rioters (Kenya),Civilians (Kenya),Kenya,Nairobi,Starehe,Nairobi,-1.283,36.817,0
KEN6527,2017-07-29,2017,Protests,Peaceful protest,Protesters (Kenya),,Kenya,Nairobi,Kibra,Nairobi - Kibra,-1.3061,36.7857,0
KEN5603,2017-07-23,2017,Violence against civilians,Attack,Police Forces of Kenya (2013-2022),Civilians (Kenya),Kenya,Nairobi,Starehe,Nairobi - Starehe,-1.2881,36.8236,0
KEN6524,2017-07-24,2017,Violence against civilians,Attack,Unidentified Armed Group (Kenya),Civilians (Kenya),Kenya,Siaya,Bondo,Bondo,-0.1003,34.2729,0
KEN5608,2017-07-29,2017,Violence against civilians,Attack,Unidentified Armed Group (Kenya),Civilians (Kenya),Kenya,Kiambu,Kiambu Town,Kiambu,-1.1667,36.8333,2
KEN5611,2017-08-01,2017,Protests,Peaceful protest,Protesters (Kenya),,Kenya,Nairobi,Dagoretti North,Nairobi - Dagoretti North,-1.2793,36.7789,0
KEN6090,2017-08-10,2017,Riots,Mob violence,Rioters (Kenya),Rioters (Kenya),Kenya,Lamu,Lamu West,Lamu,-2.2717,40.902,0
KEN5619,2017-08-07,2017,Riots,Mob violence,Rioters (Kenya),Civilians (Kenya),Kenya,Kitui,Mwingi North,Tharaka,-0.3086,38.0269,0
KEN5614,2017-08-02,2017,Protests,Peaceful protest,Protesters (Kenya),,Kenya,Siaya,Ugenya,Ukwala,0.1904,34.1891,0
KEN5615,2017-08-02,2017,Violence against civilians,Attack,Al Shabaab,Civilians (Kenya),Kenya,Lamu,Lamu West,Lamu,-2.2717,40.902,3
KEN5621,2017-08-07,2017,Explosions/Remote violence,Remote explosive/landmine/IED,Al Shabaab,Civilians (Kenya),Kenya,Lamu,Lamu West,Lamu,-2.2717,40.902,0
KEN5626,2017-08-09,2017,Violence against civilians,Abduction/forced disappearance,Unidentified Armed Group (Kenya),Civilians (Kenya),Kenya,Kisii,Nyaribari Chache,Kisii,-0.6833,34.7667,0
KEN5627,2017-08-09,2017,Protests,Peaceful protest,Protesters (Kenya),,Kenya,Homa Bay,Homa Bay Town,Homa Bay,-0.5273,34.4571,0
KEN5641,2017-08-11,2017,Riots,Violent demonstration,Rioters (Kenya),,Kenya,Embu,Manyatta,Manyatta,-0.4307,37.4803,0
KEN6040,2017-08-08,2017,Violence against civilians,Attack,Al Shabaab,Civilians (Kenya),Kenya,Mandera,Lafey,Lafey,3.1508,41.1862,0
KEN6551,2017-08-08,2017,Riots,Mob violence,Rioters (Kenya),Civilians (Kenya),Kenya,Kitui,Kitui Central,Kitui,-1.3667,38.0167,0
KEN6529,2017-08-03,2017,Protests,Peaceful protest,Protesters (Kenya),,Kenya,Embu,Manyatta,Embu,-0.5333,37.45,0
KEN6547,2017-08-08,2017,Riots,Violent demonstration,Rioters (Kenya),,Kenya,Nyeri,Nyeri Central,Nyeri,-0.4167,36.95,0
KEN6543,2017-08-08,2017,Riots,Violent demonstration,Rioters (Kenya),,Kenya,Nakuru,Kuresoi North,Kuresoi,-0.3012,35.5321,0
KEN6534,2017-08-07,2017,Protests,Peaceful protest,Protesters (Kenya),,Kenya,Kisumu,Kisumu Central,Kisumu,-0.1,34.75,0
KEN6536,2017-08-07,2017,Strategic developments,Looting/property destruction,Al Shabaab,,Kenya,Lamu,Lamu West,Gamba,-2.362,40.3178,0
KEN6530,2017-08-04,2017,Riots,Violent demonstration,Rioters (Kenya),,Kenya,Homa Bay,Homa Bay Town,Homa Bay,-0.5273,34.4571,0
KEN6532,2017-08-06,2017,Protests,Peaceful protest,Protesters (Kenya),,Kenya,Garissa,Garissa,Garissa,-0.4536,39.6461,0
KEN6531,2017-08-05,2017,Riots,Mob violence,Rioters (Kenya),Rioters (Kenya),Kenya,Migori,Suna West,Migori,-1.0667,34.4667,0
KEN6539,2017-08-08,2017,Riots,Mob violence,Rioters (Kenya),Rioters (Kenya),Kenya,Kilifi,Kilifi South,Chonyi,-3.7806,39.6791,1
KEN5631,2017-08-10,2017,Riots,Mob violence,Rioters (Kenya),Rioters (Kenya),Kenya,Garissa,Garissa,Garissa,-0.4536,39.6461,0
KEN5613,2017-08-02,2017,Battles,Armed clash,Police Forces of Kenya (2013-2022),Police Forces of Kenya (2013-2022),Kenya,Nyandarua,Kinangop,Nyandarua,-0.55,36.6167,1
KEN5616,2017-08-03,2017,Battles,Armed clash,Al Shabaab,Police Forces of Kenya (2013-2022),Kenya,Mandera,Lafey,Lafey,3.1508,41.1862,1
KEN5618,2017-08-06,2017,Battles,Non-state actor overtakes territory,Al Shabaab,Police Forces of Kenya (2013-2022),Kenya,Garissa,Garissa,Garissa,-0.4536,39.6461,0
KEN5620,2017-08-07,2017,Battles,Armed clash,Al Shabaab,Police Forces of Kenya (2013-2022),Kenya,Lamu,Lamu West,Lamu,-2.2717,40.902,0
KEN5625,2017-08-09,2017,Riots,Mob violence,Rioters (Kenya),Rioters (Kenya),Kenya,Tharaka-Nithi,Chuka,Chuka,-0.3333,37.65,0
KEN5633,2017-08-10,2017,Riots,Mob violence,Rioters (Kenya),Police Forces of Kenya (2013-2022),Kenya,Garissa,Garissa,Garissa,-0.4536,39.6461,0
KEN5637,2017-08-11,2017,Protests,Excessive force against protesters,Protesters (Kenya),Police Forces of Kenya (2013-2022),Kenya,Kisumu,Kisumu West,Maseno,-0.0042,34.6095,1
KEN5640,2017-08-11,2017,Protests,Excessive force against protesters,Police Forces of Kenya (2013-2022),Protesters (Kenya),Kenya,Kisumu,Kisumu Central,Kisumu,-0.1,34.75,1
KEN5642,2017-08-11,2017,Riots,Violent demonstration,Rioters (Kenya),Police Forces of Kenya (2013-2022),Kenya,Kisumu,Kisumu East,Nyalenda,-0.15,34.75,2
KEN5643,2017-08-11,2017,Riots,Violent demonstration,Rioters (Kenya),Police Forces of Kenya (2013-2022),Kenya,Kisumu,Kisumu East,Mamboleo,-0.0667,34.7833,0
KEN5644,2017-08-11,2017,Riots,Mob violence,Rioters (Kenya),Police Forces of Kenya (2013-2022),Kenya,Migori,Suna West,Migori,-1.0667,34.4667,0
KEN5645,2017-08-11,2017,Riots,Violent demonstration,Rioters (Kenya),Police Forces of Kenya (2013-2022),Kenya,Kisumu,Kisumu Central,Kondele,-0.0789,34.7759,1
KEN5646,2017-08-11,2017,Riots,Violent demonstration,Rioters (Kenya),Police Forces of Kenya (2013-2022),Kenya,Homa Bay,Homa Bay Town,Homa Bay,-0.5273,34.4571,1
KEN5654,2017-08-11,2017,Protests,Excessive force against protesters,Protesters (Kenya),Police Forces of Kenya (2013-2022),Kenya,Siaya,Alego Usonga,Anduro,0.0362,34.2882,1
KEN5655,2017-08-11,2017,Violence against civilians,Attack,Police Forces of Kenya (2013-2022),Civilians (Kenya),Kenya,Kisumu,Kisumu West,Dago,-0.05,34.75,1
KEN5657,2017-08-11,2017,Violence against civilians,Attack,Police Forces of Kenya (2013-2022),Civilians (Kenya),Kenya,Kisumu,Kisumu East,Nyamasaria,-0.1161,34.7837,1
KEN6041,2017-08-10,2017,Riots,Mob violence,Rioters (Kenya),Police Forces of Kenya (2013-2022),Kenya,Kisumu,Kisumu Central,Kisumu,-0.1,34.75,0
KEN6163,2017-08-08,2017,Violence against civilians,Attack,Police Forces of Kenya (2013-2022),Civilians (Kenya),Kenya,Elgeyo Marakwet,Marakwet West,Elegeyo-Marakwet,0.99,35.55,0
KEN6528,2017-08-02,2017,Riots,Mob violence,Rioters (Kenya),Police Forces of Kenya (2013-2022),Kenya,Nyeri,Nyeri South,Othaya,-0.5666,36.95,0
KEN6537,2017-08-08,2017,Riots,Violent demonstration,Rioters (Kenya),Police Forces of Kenya (2013-2022),Kenya,Mombasa,Nyali,Bombolulu,-4.0235,39.7037,0
KEN6538,2017-08-08,2017,Riots,Violent demonstration,Rioters (Kenya),Police Forces of Kenya (2013-2022),Kenya,Busia,Bunyala,Bukoma,0.0667,33.95,0
KEN6546,2017-08-08,2017,Riots,Violent demonstration,Rioters (Kenya),Police Forces of Kenya (2013-2022),Kenya,Nyamira,Nyamira,Nyamira,-0.5666,34.9167,0
KEN6553,2017-08-09,2017,Riots,Violent demonstration,Rioters (Kenya),Police Forces of Kenya (2013-2022),Kenya,Elgeyo Marakwet,Marakwet East,Chesoi,1.0708,35.5788,1
KEN6554,2017-08-09,2017,Protests,Protest with intervention,Protesters (Kenya),Police Forces of Kenya (2013-2022),Kenya,Kisumu,Kisumu Central,Kisumu,-0.1,34.75,0
KEN6535,2017-08-07,2017,Protests,Peaceful protest,Protesters (Kenya),,Kenya,Nairobi,Starehe,Nairobi,-1.283,36.817,0
KEN5617,2017-08-04,2017,Strategic developments,Change to group/activity,Unidentified Armed Group (Kenya),,Kenya,Nairobi,Westlands,Nairobi - Westlands,-1.2379,36.7879,0
KEN5635,2017-08-10,2017,Riots,Violent demonstration,Rioters (Kenya),Police Forces of Kenya (2013-2022),Kenya,Nairobi,Kibra,Nairobi - Kibra,-1.3061,36.7857,1
KEN5649,2017-08-11,2017,Riots,Violent demonstration,Rioters (Kenya),Police Forces of Kenya (2013-2022),Kenya,Nairobi,Kibra,Nairobi - Kibra,-1.3061,36.7857,0
KEN5651,2017-08-11,2017,Riots,Violent demonstration,Rioters (Kenya),Police Forces of Kenya (2013-2022),Kenya,Nairobi,Ruaraka,Nairobi - Ruaraka,-1.2456,36.8799,3
KEN5652,2017-08-11,2017,Riots,Violent demonstration,Rioters (Kenya),Police Forces of Kenya (2013-2022),Kenya,Nairobi,Embakasi North,Nairobi - Embakasi North,-1.2517,36.8995,3
KEN5653,2017-08-11,2017,Riots,Mob violence,Rioters (Kenya),Police Forces of Kenya (2013-2022) General Service Unit,Kenya,Nairobi,Kibra,Nairobi - Kibra,-1.3061,36.7857,4
KEN5656,2017-08-11,2017,Violence against civilians,Attack,Police Forces of Kenya (2013-2022) General Service Unit,Civilians (Kenya),Kenya,Nairobi,Kibra,Nairobi - Kibra,-1.3061,36.7857,1
KEN6091,2017-08-11,2017,Protests,Excessive force against protesters,Protesters (Kenya),Police Forces of Kenya (2013-2022),Kenya,Nairobi,Ruaraka,Nairobi - Ruaraka,-1.2456,36.8799,1
KEN6540,2017-08-08,2017,Riots,Violent demonstration,Rioters (Kenya),Police Forces of Kenya (2013-2022),Kenya,Nairobi,Embakasi South,Nairobi - Embakasi South,-1.3261,36.889,0
KEN6542,2017-08-08,2017,Riots,Violent demonstration,Rioters (Kenya),Police Forces of Kenya (2013-2022),Kenya,Nairobi,Roysambu,Nairobi - Roysambu,-1.2067,36.8888,0
KEN6548,2017-08-08,2017,Riots,Violent demonstration,Rioters (Kenya),Civilians (Kenya),Kenya,Nairobi,Kamukunji,Nairobi - Kamukunji,-1.2759,36.8526,2
KEN6549,2017-08-08,2017,Riots,Violent demonstration,Rioters (Kenya),Police Forces of Kenya (2013-2022),Kenya,Nairobi,Embakasi West,Nairobi - Embakasi West,-1.2692,36.8917,0
KEN6550,2017-08-08,2017,Violence against civilians,Attack,Police Forces of Kenya (2013-2022),Civilians (Kenya),Kenya,Nairobi,Westlands,Nairobi - Westlands,-1.2379,36.7879,0
KEN6552,2017-08-09,2017,Riots,Violent demonstration,Rioters (Kenya),,Kenya,Nairobi,Kibra,Nairobi - Kibra,-1.3061,36.7857,0
KEN5624,2017-08-09,2017,Violence against civilians,Attack,Police Forces of Kenya (2013-2022),Civilians (Kenya),Kenya,Kisii,South Mugirango,Nyamarambe,-0.7939,34.6424,1
KEN5632,2017-08-10,2017,Riots,Mob violence,Rioters (Kenya),Rioters (Kenya),Kenya,Kisii,South Mugirango,Nyamarambe,-0.7939,34.6424,0
KEN5638,2017-08-11,2017,Protests,Peaceful protest,Protesters (Kenya),,Kenya,Mombasa,Mvita,Mombasa,-4.0547,39.6636,0
KEN6204,2017-08-04,2017,Protests,Peaceful protest,Protesters (Kenya),Protesters (Kenya),Kenya,Mombasa,Mvita,Mombasa,-4.0547,39.6636,0
KEN6544,2017-08-08,2017,Riots,Violent demonstration,Rioters (Kenya),Police Forces of Kenya (2013-2022),Kenya,Mombasa,Likoni,Likoni,-4.0839,39.6616,0
KEN6533,2017-08-06,2017,Violence against civilians,Attack,Unidentified Armed Group (Kenya),Civilians (Kenya),Kenya,Migori,Rongo,Rongo,-0.7556,34.5995,0
KEN5629,2017-08-09,2017,Riots,Violent demonstration,Rioters (Kenya),Police Forces of Kenya (2013-2022),Kenya,Nairobi,Mathare,Nairobi - Mathare,-1.2604,36.8607,4
KEN5634,2017-08-10,2017,Riots,Violent demonstration,Rioters (Kenya),Police Forces of Kenya (2013-2022),Kenya,Nairobi,Mathare,Nairobi - Mathare,-1.2604,36.8607,0
KEN5650,2017-08-11,2017,Riots,Violent demonstration,Rioters (Kenya),Police Forces of Kenya (2013-2022),Kenya,Nairobi,Mathare,Nairobi - Mathare,-1.2604,36.8607,0
KEN6545,2017-08-08,2017,Riots,Violent demonstration,Rioters (Kenya),,Kenya,Nairobi,Mathare,Nairobi - Mathare,-1.2604,36.8607,0
KEN5623,2017-08-09,2017,Battles,Armed clash,Police Forces of Kenya (2013-2022),Unidentified Armed Group (Kenya),Kenya,Tana River,Galole,Hola,-1.5036,40.0333,2
KEN5630,2017-08-09,2017,Violence against civilians,Attack,Unidentified Armed Group (Kenya),Civilians (Kenya),Kenya,Tana River,Galole,Hola,-1.5036,40.0333,0
KEN6039,2017-08-08,2017,Battles,Armed clash,Unidentified Armed Group (Kenya),Police Forces of Kenya (2013-2022),Kenya,Tana River,Galole,Hola,-1.5036,40.0333,3
KEN6541,2017-08-08,2017,Riots,Violent demonstration,Rioters (Kenya),Police Forces of Kenya (2013-2022),Kenya,Nairobi,Starehe,Nairobi - Starehe,-1.2881,36.8236,0
KEN5622,2017-08-07,2017,Riots,Mob violence,Rioters (Kenya),Civilians (Kenya),Kenya,Kitui,Mwingi Central Sub- County,Mwingi,-0.9333,38.0667,0
KEN17669,2017-08-04,2017,Riots,Mob violence,Rioters (Kenya),Civilians (Kenya),Kenya,Garissa,Garissa,Raya,-0.2888,39.6834,0
KEN5628,2017-08-09,2017,Riots,Mob violence,Rioters (Kenya),Police Forces of Kenya (2013-2022),Kenya,Nairobi,Dagoretti North,Nairobi - Dagoretti North,-1.2793,36.7789,3
KEN5636,2017-08-10,2017,Riots,Mob violence,Rioters (Kenya),Police Forces of Kenya (2013-2022),Kenya,Nairobi,Dagoretti North,Nairobi - Dagoretti North,-1.2793,36.7789,2
KEN5648,2017-08-11,2017,Riots,Mob violence,Rioters (Kenya),Police Forces of Kenya (2013-2022),Kenya,Nairobi,Dagoretti North,Nairobi - Dagoretti North,-1.2793,36.7789,4
KEN5691,2017-08-22,2017,Protests,Peaceful protest,Protesters (Kenya),,Kenya,Kericho,Ainamoi,Kericho,-0.3677,35.2831,0
KEN5663,2017-08-12,2017,Riots,Violent demonstration,Rioters (Kenya),,Kenya,Homa Bay,Homa Bay Town,Homa Bay,-0.5273,34.4571,0
KEN5670,2017-08-13,2017,Riots,Mob violence,Rioters (Kenya),Civilians (Kenya),Kenya,Migori,Awendo,Awendo,-0.9,34.5333,0
KEN6042,2017-08-12,2017,Riots,Violent demonstration,Rioters (Kenya),,Kenya,Kisumu,Nyando,Ahero,-0.1833,34.9166,0
KEN6559,2017-08-17,2017,Violence against civilians,Attack,Al Shabaab,Civilians (Kenya),Kenya,Lamu,Lamu West,Witu,-2.3889,40.4382,4
KEN5685,2017-08-18,2017,Violence against civilians,Attack,Al Shabaab,Civilians (Kenya),Kenya,Lamu,Lamu West,Witu,-2.3889,40.4382,3
KEN6558,2017-08-15,2017,Riots,Violent demonstration,Rioters (Kenya),,Kenya,Garissa,Garissa,Garissa,-0.4536,39.6461,0
KEN5661,2017-08-12,2017,Protests,Protest with intervention,Protesters (Kenya),Police Forces of Kenya (2013-2022),Kenya,Kiambu,Kiambu Town,Kiambu,-1.1667,36.8333,0
KEN5664,2017-08-12,2017,Riots,Mob violence,Rioters (Kenya),Police Forces of Kenya (2013-2022),Kenya,Migori,Suna West,Migori,-1.0667,34.4667,2
KEN5667,2017-08-12,2017,Protests,Excessive force against protesters,Protesters (Kenya),Police Forces of Kenya (2013-2022),Kenya,Siaya,Alego Usonga,Siaya,0.06,34.2861,1
KEN5673,2017-08-13,2017,Riots,Mob violence,Rioters (Kenya),Police Forces of Kenya (2013-2022),Kenya,Busia,Matayos,Busia,0.46,34.112,0
KEN5678,2017-08-13,2017,Riots,Violent demonstration,Rioters (Kenya),Police Forces of Kenya (2013-2022),Kenya,Homa Bay,Homa Bay Town,Homa Bay,-0.5273,34.4571,1
KEN5679,2017-08-13,2017,Riots,Mob violence,Rioters (Kenya),Police Forces of Kenya (2013-2022),Kenya,Migori,Suna West,Migori,-1.0667,34.4667,2
KEN5683,2017-08-15,2017,Explosions/Remote violence,Remote explosive/landmine/IED,Al Shabaab,Police Forces of Kenya (2013-2022),Kenya,Garissa,Ijara,Bothai,-1.549,40.4456,5
KEN5684,2017-08-15,2017,Protests,Excessive force against protesters,Protesters (Kenya),Police Forces of Kenya (2013-2022),Kenya,Kisumu,Kisumu East,Nyalenda,-0.15,34.75,1
KEN5686,2017-08-18,2017,Battles,Armed clash,Unidentified Armed Group (Kenya),Police Forces of Kenya (2013-2022),Kenya,Kiambu,Kiambu Town,Kiambu,-1.1667,36.8333,2
KEN6555,2017-08-12,2017,Violence against civilians,Attack,Police Forces of Kenya (2013-2022),Civilians (Kenya),Kenya,Kisumu,Kisumu East,Nyalenda,-0.15,34.75,5
KEN5689,2017-08-20,2017,Explosions/Remote violence,Shelling/artillery/missile attack,Military Forces of Kenya (2013-2022),Al Shabaab,Kenya,Garissa,Hulugho,Boni Forest,-1.5394,41.3314,0
KEN6044,2017-08-15,2017,Violence against civilians,Sexual violence,Al Shabaab,Civilians (Kenya),Kenya,Garissa,Hulugho,Boni Forest,-1.5394,41.3314,0
KEN5662,2017-08-12,2017,Riots,Mob violence,Rioters (Kenya),Police Forces of Kenya (2013-2022) General Service Unit,Kenya,Nakuru,Nakuru North,Nakuru,-0.2441,36.142,0
KEN5681,2017-08-14,2017,Riots,Violent demonstration,Police Forces of Kenya (2013-2022),Rioters (Kenya),Kenya,Nairobi,Starehe,Nairobi,-1.283,36.817,1
KEN6560,2017-08-20,2017,Violence against civilians,Attack,Unidentified Armed Group (Kenya),Civilians (Kenya),Kenya,Nairobi,Starehe,Nairobi,-1.283,36.817,1
KEN5660,2017-08-12,2017,Protests,Protest with intervention,Protesters (Kenya),Police Forces of Kenya (2013-2022),Kenya,Nairobi,Makadara,Nairobi - Makadara,-1.2966,36.8672,0
KEN5665,2017-08-12,2017,Riots,Violent demonstration,Rioters (Kenya),Police Forces of Kenya (2013-2022),Kenya,Nairobi,Kibra,Nairobi - Kibra,-1.3061,36.7857,0
KEN5674,2017-08-13,2017,Riots,Mob violence,Rioters (Kenya),Police Forces of Kenya (2013-2022),Kenya,Nairobi,Kibra,Nairobi - Kibra,-1.3061,36.7857,0
KEN5680,2017-08-14,2017,Riots,Violent demonstration,Police Forces of Kenya (2013-2022),Rioters (Kenya),Kenya,Nairobi,Ruaraka,Nairobi - Ruaraka,-1.2456,36.8799,2
KEN5682,2017-08-14,2017,Riots,Violent demonstration,Rioters (Kenya),Police Forces of Kenya (2013-2022),Kenya,Nairobi,Ruaraka,Nairobi - Ruaraka,-1.2456,36.8799,2
KEN6092,2017-08-12,2017,Riots,Mob violence,Rioters (Kenya),Police Forces of Kenya (2013-2022) General Service Unit,Kenya,Nairobi,Embakasi North,Nairobi - Embakasi North,-1.2517,36.8995,1
KEN6556,2017-08-13,2017,Riots,Mob violence,Rioters (Kenya),Civilians (Kenya),Kenya,Nairobi,Kibra,Nairobi - Kibra,-1.3061,36.7857,0
KEN6557,2017-08-14,2017,Battles,Armed clash,Unidentified Armed Group (Kenya),Police Forces of Kenya (2013-2022),Kenya,Nairobi,Ruaraka,Nairobi - Ruaraka,-1.2456,36.8799,2
KEN5688,2017-08-18,2017,Battles,Armed clash,Al Shabaab,Police Forces of Kenya (2013-2022),Kenya,Mombasa,Kisauni,Bamburi,-4,39.7167,1
KEN6164,2017-08-20,2017,Violence against civilians,Attack,Unidentified Armed Group (Kenya),Civilians (International),Kenya,Mombasa,Mvita,Mombasa,-4.0547,39.6636,2
KEN5672,2017-08-13,2017,Riots,Mob violence,Rioters (Kenya),Civilians (Kenya),Kenya,Migori,Rongo,Rongo,-0.7556,34.5995,0
KEN5658,2017-08-13,2017,Violence against civilians,Attack,Police Forces of Kenya (2013-2022),Civilians (Kenya),Kenya,Nairobi,Mathare,Nairobi - Mathare,-1.2604,36.8607,1
KEN5666,2017-08-12,2017,Riots,Violent demonstration,Rioters (Kenya),Police Forces of Kenya (2013-2022),Kenya,Nairobi,Mathare,Nairobi - Mathare,-1.2604,36.8607,3
KEN5668,2017-08-12,2017,Violence against civilians,Attack,Police Forces of Kenya (2013-2022) General Service Unit,Civilians (Kenya),Kenya,Nairobi,Mathare,Nairobi - Mathare,-1.2604,36.8607,2
KEN5669,2017-08-13,2017,Riots,Mob violence,Rioters (Kenya),Rioters (Kenya),Kenya,Nairobi,Mathare,Nairobi - Mathare,-1.2604,36.8607,0
KEN5676,2017-08-13,2017,Riots,Violent demonstration,Rioters (Kenya),Police Forces of Kenya (2013-2022),Kenya,Nairobi,Mathare,Nairobi - Mathare,-1.2604,36.8607,0
KEN5677,2017-08-13,2017,Violence against civilians,Attack,Police Forces of Kenya (2013-2022),Civilians (Kenya),Kenya,Nairobi,Mathare,Nairobi - Mathare,-1.2604,36.8607,2
KEN5690,2017-08-21,2017,Strategic developments,Looting/property destruction,Al Shabaab,,Kenya,Tana River,Galole,Hola,-1.5036,40.0333,0
KEN5687,2017-08-18,2017,Protests,Peaceful protest,Protesters (Kenya),,Kenya,Nairobi,Starehe,Nairobi - Starehe,-1.2881,36.8236,0
KEN5671,2017-08-13,2017,Riots,Mob violence,Rioters (Kenya),Police Forces of Kenya (2013-2022),Kenya,Siaya,Bondo,Bondo,-0.1003,34.2729,2
KEN5659,2017-08-12,2017,Riots,Violent demonstration,Rioters (Kenya),Police Forces of Kenya (2013-2022) General Service Unit,Kenya,Nairobi,Dagoretti North,Nairobi - Dagoretti North,-1.2793,36.7789,0
KEN6043,2017-08-12,2017,Riots,Violent demonstration,Rioters (Kenya),Rioters (Kenya),Kenya,Kisumu,Kisumu Central,Kisumu,-0.1,34.75,2
KEN5693,2017-08-23,2017,Violence against civilians,Attack,Unidentified Armed Group (Kenya),Civilians (Kenya),Kenya,Kisumu,Kisumu Central,Kisumu,-0.1,34.75,4
KEN6046,2017-08-30,2017,Violence against civilians,Attack,Al Shabaab,Civilians (Kenya),Kenya,Tana River,Garsen,Garsen,-2.2697,40.12,3
KEN6561,2017-08-23,2017,Riots,Violent demonstration,Rioters (Kenya),,Kenya,Siaya,Alego Usonga,Siaya,0.06,34.2861,0
KEN5692,2017-08-23,2017,Protests,Protest with intervention,Protesters (Kenya),Police Forces of Kenya (2013-2022),Kenya,Kisumu,Kisumu Central,Kisumu,-0.1,34.75,0
KEN5695,2017-08-30,2017,Battles,Armed clash,Al Shabaab,Police Forces of Kenya (2013-2022),Kenya,Mandera,Mandera South,Daba Siti,2.6106,40.8863,0
KEN6045,2017-08-29,2017,Violence against civilians,Attack,Military Forces of Kenya (2013-2022),Civilians (Kenya),Kenya,Laikipia,Laikipia West,Rumuruti,0.2707,36.5454,1
KEN6165,2017-08-27,2017,Violence against civilians,Attack,Police Forces of Kenya (2013-2022),Civilians (Kenya),Kenya,Kiambu,Limuru,Limuru,-1.1136,36.6421,1
KEN6562,2017-08-23,2017,Riots,Mob violence,Rioters (Kenya),Civilians (Kenya),Kenya,Migori,Suna West,Migori,-1.0667,34.4667,0
KEN6565,2017-09-01,2017,Riots,Violent demonstration,Rioters (Kenya),,Kenya,Kisumu,Kisumu Central,Kisumu,-0.1,34.75,0
KEN6564,2017-08-31,2017,Protests,Peaceful protest,Protesters (Kenya),,Kenya,Nairobi,Starehe,Nairobi,-1.283,36.817,0
KEN6563,2017-08-25,2017,Protests,Peaceful protest,Protesters (Kenya),,Kenya,Nairobi,Embakasi North,Nairobi - Embakasi North,-1.2517,36.8995,0
KEN5694,2017-08-28,2017,Explosions/Remote violence,Remote explosive/landmine/IED,Al Shabaab,Military Forces of Kenya (2013-2022),Kenya,Mandera,Lafey,Damasa,3.1597,41.3256,2
KEN5699,2017-09-04,2017,Protests,Peaceful protest,Protesters (Kenya),,Kenya,Kisii,Nyaribari Chache,Kisii,-0.6833,34.7667,0
KEN5698,2017-09-04,2017,Protests,Peaceful protest,Protesters (Kenya),,Kenya,Nyamira,Nyamira,Nyamira,-0.5666,34.9167,0
KEN5697,2017-09-03,2017,Protests,Peaceful protest,Protesters (Kenya),,Kenya,Kisii,Nyaribari Chache,Kisii,-0.6833,34.7667,0
KEN5704,2017-09-10,2017,Violence against civilians,Attack,Unidentified Communal Militia (Kenya),Civilians (Kenya),Kenya,Samburu,Samburu North,Baragoi,1.7833,36.7833,3
KEN6047,2017-09-06,2017,Violence against civilians,Attack,Unidentified Communal Militia (Kenya),Civilians (Kenya),Kenya,Elgeyo Marakwet,Marakwet East,Chesongoch,1.1333,35.6333,1
KEN6049,2017-09-08,2017,Violence against civilians,Attack,Unidentified Communal Militia (Kenya),Civilians (Kenya),Kenya,Elgeyo Marakwet,Marakwet East,Chesongoch,1.1333,35.6333,2
KEN6166,2017-09-05,2017,Protests,Peaceful protest,Protesters (Kenya),,Kenya,Kiambu,Thika Town,Thika,-1.05,37.0833,0
KEN6567,2017-09-05,2017,Protests,Peaceful protest,Protesters (International),,Kenya,Garissa,Dadaab,Dadaab Refugee Camp,0.0514,40.3142,0
KEN5701,2017-09-06,2017,Violence against civilians,Attack,Al Shabaab,Civilians (Kenya),Kenya,Lamu,Lamu West,Lamu,-2.2717,40.902,4
KEN5700,2017-09-06,2017,Violence against civilians,Attack,Al Shabaab,Civilians (Kenya),Kenya,Lamu,Lamu West,Hindi,-2.1749,40.8199,4
KEN5696,2017-09-03,2017,Battles,Armed clash,Unidentified Armed Group (Kenya),Police Forces of Kenya (2013-2022),Kenya,Kwale,Msambweni,Ukunda,-4.2875,39.5661,2
KEN5702,2017-09-07,2017,Riots,Mob violence,Rioters (Kenya),Civilians (Kenya),Kenya,Homa Bay,Homa Bay Town,Homa Bay,-0.5273,34.4571,0
KEN5708,2017-09-10,2017,Strategic developments,Looting/property destruction,Police Forces of Kenya (2013-2022),Al Shabaab,Kenya,Lamu,Lamu West,Witu,-2.3889,40.4382,0
KEN6048,2017-09-06,2017,Riots,Violent demonstration,Rioters (Kenya),Police Forces of Kenya (2013-2022),Kenya,Lamu,Lamu West,Hindi,-2.1749,40.8199,0
KEN6167,2017-09-11,2017,Violence against civilians,Attack,Police Forces of Kenya (2013-2022),Civilians (Kenya),Kenya,Baringo,Tiaty,Tiati,1.2972,35.9336,5
KEN6568,2017-09-12,2017,Protests,Peaceful protest,Protesters (Kenya),,Kenya,Nairobi,Starehe,Nairobi,-1.283,36.817,0
KEN6569,2017-09-12,2017,Riots,Violent demonstration,Rioters (Kenya),,Kenya,Nairobi,Starehe,Nairobi,-1.283,36.817,0
KEN5705,2017-09-11,2017,Battles,Armed clash,Police Forces of Kenya (2013-2022),Al Shabaab,Kenya,Mandera,Mandera East,Mandera,3.9357,41.8542,0
KEN5703,2017-09-10,2017,Explosions/Remote violence,Remote explosive/landmine/IED,Al Shabaab,Police Forces of Kenya (2013-2022),Kenya,Lamu,Lamu East,Mararani,-1.7027,41.3019,1
KEN6566,2017-09-02,2017,Explosions/Remote violence,Grenade,Unidentified Armed Group (Kenya),Civilians (Kenya),Kenya,Isiolo,Garbatulla,Garbatulla,0.5333,38.52,1
KEN5706,2017-09-11,2017,Protests,Peaceful protest,Protesters (Kenya),,Kenya,Nairobi,Starehe,Nairobi - Starehe,-1.2881,36.8236,0
KEN5707,2017-09-12,2017,Riots,Mob violence,Rioters (Kenya),Police Forces of Kenya (2013-2022),Kenya,Kitui,Mwingi Central Sub- County,Mwingi,-0.9333,38.0667,0
KEN5711,2017-09-17,2017,Riots,Mob violence,Rioters (Kenya),Civilians (Kenya),Kenya,Kilifi,Kaloleni,Kaloleni,-3.8167,39.6269,0
KEN6571,2017-09-13,2017,Violence against civilians,Attack,Unidentified Armed Group (Kenya),Civilians (Kenya),Kenya,Bungoma,Kanduyi,Bungoma,0.5635,34.5606,0
KEN5715,2017-09-19,2017,Protests,Peaceful protest,Protesters (Kenya),,Kenya,Kiambu,Kiambu Town,Kiambu,-1.1667,36.8333,0
KEN5716,2017-09-19,2017,Protests,Peaceful protest,Protesters (Kenya),,Kenya,Nyeri,Nyeri Central,Nyeri,-0.4167,36.95,0
KEN5713,2017-09-19,2017,Riots,Violent demonstration,Rioters (Kenya),,Kenya,Nakuru,Nakuru North,Nakuru,-0.2441,36.142,0
KEN5714,2017-09-19,2017,Protests,Peaceful protest,Protesters (Kenya),,Kenya,Uasin Gishu,Moiben,Eldoret,0.5167,35.2833,0
KEN6572,2017-09-21,2017,Protests,Peaceful protest,Protesters (Kenya),Protesters (Kenya),Kenya,Bungoma,Kanduyi,Bungoma,0.5635,34.5606,0
KEN5709,2017-09-13,2017,Riots,Violent demonstration,Rioters (Kenya),Police Forces of Kenya (2013-2022),Kenya,Kisumu,Kisumu Central,Kisumu,-0.1,34.75,0
KEN5710,2017-09-14,2017,Protests,Protest with intervention,Protesters (Kenya),Police Forces of Kenya (2013-2022),Kenya,Kisii,Nyaribari Masaba,Keroka,-0.7833,34.95,0
KEN5717,2017-09-19,2017,Riots,Violent demonstration,Rioters (Kenya),Police Forces of Kenya (2013-2022),Kenya,Kirinyaga,Kirinyaga Central,Kerugoya,-0.4989,37.2803,0
KEN5718,2017-09-22,2017,Battles,Armed clash,Al Shabaab,Police Forces of Kenya (2013-2022),Kenya,Wajir,Wajir East,Amuma,1.748,40.05,0
KEN5712,2017-09-19,2017,Protests,Peaceful protest,Protesters (Kenya),,Kenya,Nairobi,Starehe,Nairobi,-1.283,36.817,0
KEN6570,2017-09-13,2017,Riots,Violent demonstration,Rioters (Kenya),,Kenya,Nairobi,Starehe,Nairobi,-1.283,36.817,0
KEN6168,2017-09-20,2017,Protests,Protest with intervention,Protesters (Kenya),Police Forces of Kenya (2013-2022),Kenya,Nairobi,Starehe,Nairobi - Starehe,-1.2881,36.8236,0
KEN21093,2017-09-14,2017,Violence against civilians,Attack,Somali Ethnic Militia (Kenya),Civilians (Kenya),Kenya,Kitui,Mwingi North,Mandongoi,-0.5197,38.5823,3
KEN5731,2017-10-02,2017,Protests,Peaceful protest,Protesters (Kenya),,Kenya,Kitui,Kitui Central,Kitui,-1.3667,38.0167,0
KEN5733,2017-10-02,2017,Riots,Violent demonstration,Rioters (Kenya),,Kenya,Homa Bay,Homa Bay Town,Homa Bay,-0.5273,34.4571,0
KEN6169,2017-09-25,2017,Protests,Peaceful protest,Protesters (Kenya),,Kenya,Makueni,Kibwezi West,Kibwezi,-2.4112,37.9652,0
KEN6174,2017-09-28,2017,Riots,Mob violence,Rioters (Kenya),Civilians (Kenya),Kenya,Homa Bay,Homa Bay Town,Homa Bay,-0.5273,34.4571,1
KEN6576,2017-09-27,2017,Riots,Violent demonstration,Rioters (Kenya),,Kenya,Elgeyo Marakwet,Marakwet West,Elegeyo-Marakwet,0.99,35.55,0
KEN6575,2017-09-26,2017,Violence against civilians,Attack,Unidentified Armed Group (Kenya),Civilians (Kenya),Kenya,Laikipia,Laikipia West,Ol Ari Nyiro,0.5699,36.3982,2
KEN6579,2017-10-02,2017,Protests,Peaceful protest,Protesters (Kenya),,Kenya,Bungoma,Kanduyi,Bungoma,0.5635,34.5606,0
KEN6580,2017-10-02,2017,Protests,Peaceful protest,Protesters (Kenya),,Kenya,Kajiado,Kajiado Central,Kajiado,-1.85,36.7833,0
KEN6573,2017-09-23,2017,Violence against civilians,Attack,Kipsigi Ethnic Militia (Kenya),Civilians (Kenya),Kenya,Narok,Narok West,Esoit,-1.7566,35.4526,1
KEN6581,2017-10-02,2017,Protests,Peaceful protest,Protesters (Kenya),,Kenya,Kilifi,Kilifi North,Kilifi,-3.633,39.85,0
KEN6582,2017-10-02,2017,Protests,Peaceful protest,Protesters (Kenya),,Kenya,Kisii,Nyaribari Chache,Kisii,-0.6833,34.7667,0
KEN5719,2017-09-23,2017,Battles,Armed clash,Maasai Ethnic Militia (Kenya),Kipsigi Ethnic Militia (Kenya),Kenya,Narok,Transmara West,Trans Mara,-1.169,34.889,8
KEN5730,2017-10-02,2017,Protests,Peaceful protest,Protesters (Kenya),,Kenya,Garissa,Garissa,Garissa,-0.4536,39.6461,0
KEN6171,2017-09-26,2017,Protests,Peaceful protest,Protesters (Kenya),,Kenya,Migori,Suna West,Migori,-1.0667,34.4667,0
KEN6583,2017-10-02,2017,Riots,Violent demonstration,Rioters (Kenya),,Kenya,Migori,Suna West,Migori,-1.0667,34.4667,0
KEN5720,2017-09-26,2017,Protests,Peaceful protest,Protesters (Kenya),,Kenya,Kisumu,Kisumu Central,Kisumu,-0.1,34.75,0
KEN6170,2017-09-25,2017,Riots,Violent demonstration,Rioters (Kenya),,Kenya,Kiambu,Kiambu Town,Kiambu,-1.1667,36.8333,0
KEN5722,2017-09-23,2017,Riots,Violent demonstration,Rioters (Kenya),,Kenya,Kiambu,Kiambu Town,Kiambu,-1.1667,36.8333,0
KEN6173,2017-09-26,2017,Protests,Peaceful protest,Protesters (Kenya),,Kenya,Muranga,Kiharu,Muranga,-0.7166,37.15,0
KEN5724,2017-09-29,2017,Riots,Violent demonstration,Rioters (Kenya),Police Forces of Kenya (2013-2022),Kenya,Nakuru,Nakuru North,Nakuru,-0.2441,36.142,0
KEN5727,2017-10-02,2017,Riots,Violent demonstration,Rioters (Kenya),Police Forces of Kenya (2013-2022),Kenya,Kisumu,Kisumu Central,Kondele,-0.0789,34.7759,0
KEN5729,2017-10-02,2017,Riots,Violent demonstration,Rioters (Kenya),Police Forces of Kenya (2013-2022),Kenya,Siaya,Alego Usonga,Siaya,0.06,34.2861,1
KEN5732,2017-10-02,2017,Violence against civilians,Attack,Police Forces of Kenya (2013-2022),Civilians (Kenya),Kenya,Kisumu,Kisumu East,Nyalenda,-0.15,34.75,0
KEN6578,2017-10-02,2017,Riots,Violent demonstration,Rioters (Kenya),Police Forces of Kenya (2013-2022),Kenya,Kakamega,Lurambi,Kakamega,0.2833,34.7384,0
KEN5728,2017-10-02,2017,Riots,Violent demonstration,Rioters (Kenya),Police Forces of Kenya (2013-2022),Kenya,Nairobi,Starehe,Nairobi,-1.283,36.817,0
KEN6577,2017-09-29,2017,Riots,Violent demonstration,Rioters (Kenya),,Kenya,Nairobi,Starehe,Nairobi,-1.283,36.817,0
KEN5725,2017-10-02,2017,Riots,Violent demonstration,Rioters (Kenya),Police Forces of Kenya (2013-2022),Kenya,Nairobi,Westlands,Nairobi - Westlands,-1.2379,36.7879,0
KEN5734,2017-10-03,2017,Riots,Violent demonstration,Rioters (Kenya),Police Forces of Kenya (2013-2022),Kenya,Nairobi,Westlands,Nairobi - Westlands,-1.2379,36.7879,0
KEN6172,2017-09-26,2017,Riots,Violent demonstration,Rioters (Kenya),,Kenya,Nairobi,Embakasi East,Nairobi - Embakasi East,-1.2999,36.9333,0
KEN6205,2017-09-27,2017,Protests,Peaceful protest,Protesters (Kenya),,Kenya,Nairobi,Westlands,Nairobi - Westlands,-1.2379,36.7879,0
KEN6574,2017-09-26,2017,Protests,Peaceful protest,Protesters (Kenya),,Kenya,Mombasa,Mvita,Mombasa,-4.0547,39.6636,0
KEN5723,2017-09-28,2017,Protests,Excessive force against protesters,Protesters (Kenya),Police Forces of Kenya (2013-2022),Kenya,Nairobi,Starehe,Nairobi - Starehe,-1.2881,36.8236,0
KEN5721,2017-09-26,2017,Riots,Violent demonstration,Rioters (Kenya),Police Forces of Kenya (2013-2022),Kenya,Nairobi,Starehe,Nairobi - Starehe,-1.2881,36.8236,0
KEN5726,2017-10-02,2017,Protests,Peaceful protest,Protesters (Kenya),,Kenya,Mombasa,Mvita,Mombasa,-4.0547,39.6636,0
KEN20370,2017-09-30,2017,Violence against civilians,Sexual violence,Police Forces of Kenya (2013-2022),Civilians (Kenya),Kenya,Muranga,Kiharu,Muranga,-0.7166,37.15,0
KEN5754,2017-10-09,2017,Protests,Peaceful protest,Protesters (Kenya),,Kenya,Vihiga,Vihiga,Vihiga,0.0802,34.7237,0
KEN5755,2017-10-09,2017,Protests,Peaceful protest,Protesters (Kenya),,Kenya,Taita Taveta,Voi,Voi,-3.3961,38.5561,0
KEN5753,2017-10-09,2017,Protests,Peaceful protest,Protesters (Kenya),,Kenya,Lamu,Lamu West,Lamu,-2.2717,40.902,0
KEN5742,2017-10-08,2017,Protests,Peaceful protest,Protesters (Kenya),,Kenya,Uasin Gishu,Moiben,Eldoret,0.5167,35.2833,0
KEN6585,2017-10-11,2017,Protests,Peaceful protest,Protesters (Kenya),,Kenya,Kisii,Nyaribari Chache,Kisii,-0.6833,34.7667,0
KEN5766,2017-10-13,2017,Protests,Peaceful protest,Protesters (Kenya),,Kenya,Kakamega,Lurambi,Kakamega,0.2833,34.7384,0
KEN5737,2017-10-06,2017,Riots,Violent demonstration,Rioters (Kenya),,Kenya,Kisumu,Kisumu Central,Kondele,-0.0789,34.7759,0
KEN5735,2017-10-06,2017,Riots,Violent demonstration,Rioters (Kenya),Police Forces of Kenya (2013-2022),Kenya,Kisumu,Kisumu Central,Kisumu,-0.1,34.75,0
KEN5738,2017-10-06,2017,Riots,Violent demonstration,Rioters (Kenya),Police Forces of Kenya (2013-2022),Kenya,Homa Bay,Homa Bay Town,Homa Bay,-0.5273,34.4571,0
KEN5739,2017-10-06,2017,Riots,Violent demonstration,Rioters (Kenya),Police Forces of Kenya (2013-2022),Kenya,Kakamega,Lurambi,Kakamega,0.2833,34.7384,0
KEN5750,2017-10-09,2017,Riots,Violent demonstration,Rioters (Kenya),Police Forces of Kenya (2013-2022),Kenya,Makueni,Kibwezi West,Makindu,-2.2833,37.8167,0
KEN5751,2017-10-09,2017,Riots,Violent demonstration,Rioters (Kenya),Police Forces of Kenya (2013-2022),Kenya,Migori,Suna West,Migori,-1.0667,34.4667,0
KEN5752,2017-10-09,2017,Protests,Protest with intervention,Protesters (Kenya),Police Forces of Kenya (2013-2022),Kenya,Siaya,Alego Usonga,Siaya,0.06,34.2861,0
KEN5756,2017-10-09,2017,Violence against civilians,Attack,Police Forces of Kenya (2013-2022),Civilians (Kenya),Kenya,Kisumu,Kisumu Central,Kisumu,-0.1,34.75,0
KEN5758,2017-10-10,2017,Battles,Armed clash,Police Forces of Kenya (2013-2022),Al Shabaab,Kenya,Lamu,Lamu East,Mkokoni,-1.967,41.296,0
KEN5759,2017-10-11,2017,Riots,Violent demonstration,Rioters (Kenya),Police Forces of Kenya (2013-2022),Kenya,Homa Bay,Homa Bay Town,Homa Bay,-0.5273,34.4571,0
KEN5760,2017-10-11,2017,Riots,Violent demonstration,Rioters (Kenya),Police Forces of Kenya (2013-2022),Kenya,Siaya,Alego Usonga,Siaya,0.06,34.2861,0
KEN5761,2017-10-11,2017,Riots,Violent demonstration,Rioters (Kenya),Police Forces of Kenya (2013-2022),Kenya,Kisumu,Kisumu Central,Kisumu,-0.1,34.75,0
KEN5763,2017-10-13,2017,Riots,Violent demonstration,Rioters (Kenya),Police Forces of Kenya (2013-2022),Kenya,Kisumu,Kisumu East,Nyalenda,-0.15,34.75,0
KEN5764,2017-10-13,2017,Violence against civilians,Attack,Police Forces of Kenya (2013-2022),Civilians (Kenya),Kenya,Kisumu,Kisumu Central,Kisumu,-0.1,34.75,0
KEN5765,2017-10-13,2017,Protests,Protest with intervention,Protesters (Kenya),Police Forces of Kenya (2013-2022),Kenya,Homa Bay,Homa Bay Town,Homa Bay,-0.5273,34.4571,0
KEN5767,2017-10-13,2017,Protests,Protest with intervention,Protesters (Kenya),Police Forces of Kenya (2013-2022),Kenya,Siaya,Alego Usonga,Siaya,0.06,34.2861,0
KEN5768,2017-10-13,2017,Riots,Violent demonstration,Rioters (Kenya),Police Forces of Kenya (2013-2022),Kenya,Migori,Suna West,Migori,-1.0667,34.4667,0
KEN5770,2017-10-13,2017,Riots,Violent demonstration,Rioters (Kenya),Police Forces of Kenya (2013-2022),Kenya,Muranga,Kiharu,Muranga,-0.7166,37.15,0
KEN5771,2017-10-13,2017,Riots,Mob violence,Rioters (Kenya),Police Forces of Kenya (2013-2022),Kenya,Kisumu,Kisumu Central,Kondele,-0.0789,34.7759,0
KEN6175,2017-10-06,2017,Riots,Mob violence,Rioters (Kenya),Police Forces of Kenya (2013-2022),Kenya,Busia,Matayos,Busia,0.46,34.112,0
KEN6206,2017-10-04,2017,Riots,Violent demonstration,Rioters (Kenya),Police Forces of Kenya (2013-2022),Kenya,Kiambu,Kiambu Town,Kiambu,-1.1667,36.8333,0
KEN6207,2017-10-09,2017,Riots,Mob violence,Rioters (Kenya),Police Forces of Kenya (2013-2022),Kenya,Kiambu,Thika Town,Thika,-1.05,37.0833,0
KEN5749,2017-10-09,2017,Battles,Armed clash,Al Shabaab,Military Forces of Kenya (2013-2022),Kenya,Garissa,Hulugho,Boni Forest,-1.5394,41.3314,5
KEN6584,2017-10-11,2017,Battles,Armed clash,Military Forces of Kenya (2013-2022),Al Shabaab,Kenya,Garissa,Hulugho,Boni Forest,-1.5394,41.3314,5
KEN5736,2017-10-06,2017,Riots,Violent demonstration,Rioters (Kenya),Police Forces of Kenya (2013-2022),Kenya,Nairobi,Starehe,Nairobi,-1.283,36.817,0
KEN5741,2017-10-07,2017,Protests,Peaceful protest,Protesters (Kenya),,Kenya,Nairobi,Starehe,Nairobi,-1.283,36.817,0
KEN5762,2017-10-11,2017,Riots,Violent demonstration,Rioters (Kenya),Police Forces of Kenya (2013-2022),Kenya,Nairobi,Starehe,Nairobi,-1.283,36.817,0
KEN5757,2017-10-10,2017,Violence against civilians,Attack,Al Shabaab,Civilians (Kenya),Kenya,Kwale,Msambweni,Ukunda,-4.2875,39.5661,2
KEN5740,2017-10-06,2017,Protests,Peaceful protest,Protesters (Kenya),,Kenya,Mombasa,Mvita,Mombasa,-4.0547,39.6636,0
KEN5769,2017-10-13,2017,Riots,Violent demonstration,Rioters (Kenya),Police Forces of Kenya (2013-2022),Kenya,Mombasa,Mvita,Mombasa,-4.0547,39.6636,0
KEN6093,2017-10-06,2017,Strategic developments,Looting/property destruction,Unidentified Armed Group (Kenya),,Kenya,Mombasa,Mvita,Mombasa,-4.0547,39.6636,0
KEN6094,2017-10-13,2017,Protests,Protest with intervention,Protesters (Kenya),Police Forces of Kenya (2013-2022),Kenya,Nairobi,Starehe,Nairobi - Starehe,-1.2881,36.8236,0
KEN5772,2017-10-13,2017,Riots,Violent demonstration,Rioters (Kenya),Police Forces of Kenya (2013-2022),Kenya,Siaya,Bondo,Bondo,-0.1003,34.2729,3
KEN5743,2017-10-09,2017,Riots,Violent demonstration,Rioters (Kenya),,Kenya,Homa Bay,Homa Bay Town,Homa Bay,-0.5273,34.4571,0
KEN5744,2017-10-09,2017,Protests,Peaceful protest,Protesters (Kenya),,Kenya,Kakamega,Lurambi,Kakamega,0.2833,34.7384,0
KEN5745,2017-10-09,2017,Riots,Violent demonstration,Rioters (Kenya),Police Forces of Kenya (2013-2022),Kenya,Machakos,Machakos,Machakos,-1.5167,37.2667,0
KEN5746,2017-10-09,2017,Protests,Peaceful protest,Protesters (Kenya),,Kenya,Mombasa,Mvita,Mombasa,-4.0547,39.6636,0
KEN5748,2017-10-09,2017,Riots,Violent demonstration,Rioters (Kenya),Police Forces of Kenya (2013-2022),Kenya,Kisumu,Kisumu Central,Kisumu,-0.1,34.75,0
KEN5747,2017-10-09,2017,Protests,Excessive force against protesters,Protesters (Kenya),Unidentified Armed Group (Kenya),Kenya,Nairobi,Starehe,Nairobi,-1.283,36.817,0
KEN5775,2017-10-14,2017,Riots,Mob violence,Rioters (Kenya),Civilians (Kenya),Kenya,Turkana,Turkana West,Lokichoggio,4.2,34.35,1
KEN5779,2017-10-16,2017,Protests,Peaceful protest,Protesters (Kenya),,Kenya,Isiolo,Isiolo,Isiolo,0.3546,37.5822,0
KEN5782,2017-10-16,2017,Protests,Peaceful protest,Protesters (Kenya),,Kenya,Siaya,Alego Usonga,Siaya,0.06,34.2861,0
KEN5783,2017-10-16,2017,Riots,Violent demonstration,Rioters (Kenya),,Kenya,Homa Bay,Homa Bay Town,Homa Bay,-0.5273,34.4571,0
KEN5789,2017-10-16,2017,Protests,Peaceful protest,Protesters (Kenya),,Kenya,Vihiga,Vihiga,Vihiga,0.0802,34.7237,0
KEN5802,2017-10-18,2017,Riots,Violent demonstration,Rioters (Kenya),,Kenya,Vihiga,Vihiga,Vihiga,0.0802,34.7237,0
KEN5815,2017-10-24,2017,Protests,Peaceful protest,Protesters (Kenya),,Kenya,Kisii,Nyaribari Chache,Kisii,-0.6833,34.7667,0
KEN6176,2017-10-20,2017,Violence against civilians,Attack,Al Shabaab,Civilians (Kenya),Kenya,Lamu,Lamu West,Lamu,-2.2717,40.902,0
KEN6587,2017-10-19,2017,Riots,Mob violence,Rioters (Kenya),Civilians (Kenya),Kenya,Homa Bay,Homa Bay Town,Homa Bay,-0.5273,34.4571,0
KEN6590,2017-10-23,2017,Protests,Peaceful protest,Protesters (Kenya),,Kenya,Kwale,Msambweni,Ukunda,-4.2875,39.5661,0
KEN6589,2017-10-23,2017,Riots,Mob violence,Rioters (Kenya),Rioters (Kenya),Kenya,Kisii,Nyaribari Masaba,Keroka,-0.7833,34.95,0
KEN5781,2017-10-16,2017,Protests,Peaceful protest,Protesters (Kenya),,Kenya,Migori,Suna West,Migori,-1.0667,34.4667,0
KEN5780,2017-10-16,2017,Protests,Peaceful protest,Protesters (Kenya),,Kenya,Kakamega,Lurambi,Kakamega,0.2833,34.7384,0
KEN5778,2017-10-16,2017,Battles,Armed clash,Luo Ethnic Militia (Kenya),Kuria Ethnic Militia (Kenya),Kenya,Migori,Kuria West,Karamu,-1.131,34.4494,0
KEN5773,2017-10-14,2017,Violence against civilians,Attack,Toposa Ethnic Militia (South Sudan),Civilians (Kenya),Kenya,Turkana,Turkana West,Lokichoggio,4.2,34.35,6
KEN5800,2017-10-17,2017,Riots,Mob violence,Rioters (Kenya),Rioters (Kenya),Kenya,Meru,Igembe North,Laare,0.3293,37.9376,0
KEN6586,2017-10-17,2017,Riots,Violent demonstration,Rioters (Kenya),,Kenya,Kiambu,Limuru,Limuru,-1.1136,36.6421,0
KEN5784,2017-10-16,2017,Violence against civilians,Attack,Police Forces of Kenya (2013-2022),Civilians (Kenya),Kenya,Kisumu,Kisumu East,Nyamasaria,-0.1161,34.7837,0
KEN5785,2017-10-16,2017,Protests,Protest with intervention,Protesters (Kenya),Police Forces of Kenya (2013-2022),Kenya,Kisumu,Kisumu Central,Manyatta,-0.0853,34.7665,0
KEN5786,2017-10-16,2017,Riots,Violent demonstration,Police Forces of Kenya (2013-2022),Rioters (Kenya),Kenya,Kisumu,Kisumu Central,Kondele,-0.0789,34.7759,1
KEN5790,2017-10-17,2017,Riots,Mob violence,Police Forces of Kenya (2013-2022),Rioters (Kenya),Kenya,Kisumu,Nyando,Awasi,-0.16,35.0731,0
KEN5791,2017-10-17,2017,Riots,Mob violence,Police Forces of Kenya (2013-2022),Rioters (Kenya),Kenya,Homa Bay,Homa Bay Town,Homa Bay,-0.5273,34.4571,0
KEN5792,2017-10-17,2017,Riots,Mob violence,Police Forces of Kenya (2013-2022),Rioters (Kenya),Kenya,Migori,Suna West,Migori,-1.0667,34.4667,0
KEN5793,2017-10-17,2017,Riots,Mob violence,Police Forces of Kenya (2013-2022),Rioters (Kenya),Kenya,Homa Bay,Kasipul,Kasipul,-0.5,34.75,0
KEN5794,2017-10-17,2017,Protests,Protest with intervention,Police Forces of Kenya (2013-2022),Protesters (Kenya),Kenya,Kisii,Nyaribari Chache,Kisii,-0.6833,34.7667,0
KEN5796,2017-10-17,2017,Riots,Mob violence,Rioters (Kenya),Civilians (Kenya),Kenya,Kakamega,Lurambi,Kakamega,0.2833,34.7384,0
KEN5797,2017-10-17,2017,Riots,Mob violence,Rioters (Kenya),Civilians (Kenya),Kenya,Siaya,Gem,North Gem,0.1,34.4833,0
KEN5799,2017-10-17,2017,Riots,Mob violence,Rioters (Kenya),Civilians (Kenya),Kenya,Siaya,Ugunja,Ugunja,0.1825,34.2956,0
KEN5809,2017-10-23,2017,Battles,Government regains territory,Military Forces of Kenya (2013-2022),Al Shabaab,Kenya,Lamu,Lamu East,Mararani,-1.7027,41.3019,4
KEN5810,2017-10-23,2017,Protests,Excessive force against protesters,Police Forces of Kenya (2013-2022),Protesters (Kenya),Kenya,Migori,Suna West,Migori,-1.0667,34.4667,0
KEN5814,2017-10-24,2017,Riots,Violent demonstration,Police Forces of Kenya (2013-2022),Rioters (Kenya),Kenya,Migori,Suna West,Migori,-1.0667,34.4667,0
KEN5816,2017-10-24,2017,Strategic developments,Change to group/activity,Government of Kenya (2013-2022),,Kenya,Homa Bay,Homa Bay Town,Homa Bay,-0.5273,34.4571,0
KEN5819,2017-10-24,2017,Protests,Excessive force against protesters,Police Forces of Kenya (2013-2022),Protesters (Kenya),Kenya,Kisumu,Kisumu Central,Kisumu,-0.1,34.75,0
KEN6588,2017-10-22,2017,Violence against civilians,Attack,Police Forces of Kenya (2013-2022),Civilians (Kenya),Kenya,Kwale,Msambweni,Ukunda,-4.2875,39.5661,0
KEN5776,2017-10-15,2017,Strategic developments,Change to group/activity,Military Forces of Kenya (2013-2022),,Kenya,Garissa,Hulugho,Boni Forest,-1.5394,41.3314,0
KEN5805,2017-10-21,2017,Violence against civilians,Attack,Al Shabaab,Civilians (Kenya),Kenya,Garissa,Hulugho,Boni Forest,-1.5394,41.3314,0
KEN5806,2017-10-22,2017,Violence against civilians,Attack,Police Forces of Kenya (2013-2022),Civilians (Kenya),Kenya,Nairobi,Starehe,Nairobi,-1.283,36.817,1
KEN5812,2017-10-24,2017,Protests,Protest with intervention,Police Forces of Kenya (2013-2022),Protesters (Kenya),Kenya,Nairobi,Starehe,Nairobi,-1.283,36.817,0
KEN5813,2017-10-24,2017,Violence against civilians,Attack,Unidentified Armed Group (Kenya),Civilians (Kenya),Kenya,Nairobi,Starehe,Nairobi,-1.283,36.817,0
KEN5804,2017-10-21,2017,Protests,Peaceful protest,Protesters (Kenya),,Kenya,Nairobi,Kamukunji,Nairobi - Kamukunji,-1.2759,36.8526,0
KEN5807,2017-10-22,2017,Riots,Violent demonstration,Rioters (Kenya),Police Forces of Kenya (2013-2022),Kenya,Nairobi,Ruaraka,Nairobi - Ruaraka,-1.2456,36.8799,0
KEN5808,2017-10-22,2017,Violence against civilians,Attack,Police Forces of Kenya (2013-2022),Civilians (Kenya),Kenya,Nairobi,Ruaraka,Nairobi - Ruaraka,-1.2456,36.8799,0
KEN6591,2017-10-24,2017,Protests,Peaceful protest,Protesters (Kenya),,Kenya,Nairobi,Langata,Nairobi - Langata,-1.3508,36.7589,0
KEN5788,2017-10-16,2017,Protests,Protest with intervention,Police Forces of Kenya (2013-2022),Protesters (Kenya),Kenya,Mombasa,Mvita,Mombasa,-4.0547,39.6636,0
KEN5774,2017-10-14,2017,Riots,Mob violence,Rioters (Kenya),Civilians (Kenya),Kenya,Turkana,Turkana West,Kakuma Refugee Camp,3.7524,34.8301,1
KEN6050,2017-10-22,2017,Violence against civilians,Attack,Unidentified Armed Group (Kenya),Civilians (Kenya),Kenya,Kisumu,Muhoroni,Muhoroni,-0.1567,35.1984,1
KEN5798,2017-10-17,2017,Riots,Mob violence,Rioters (Kenya),Civilians (Kenya),Kenya,Siaya,Rarieda,Rarieda,-0.2017,34.3386,0
KEN5787,2017-10-16,2017,Riots,Mob violence,Police Forces of Kenya (2013-2022),Rioters (Kenya),Kenya,Nairobi,Starehe,Nairobi - Starehe,-1.2881,36.8236,0
KEN6095,2017-10-15,2017,Protests,Peaceful protest,Protesters (Kenya),,Kenya,Nairobi,Starehe,Nairobi - Starehe,-1.2881,36.8236,0
KEN5818,2017-10-24,2017,Violence against civilians,Attack,Unidentified Armed Group (Kenya),Civilians (Kenya),Kenya,Meru,Tigania East,Muthara,0.2166,37.7998,2
KEN5795,2017-10-17,2017,Riots,Mob violence,Rioters (Kenya),Civilians (Kenya),Kenya,Siaya,Bondo,Bondo,-0.1003,34.2729,0
KEN5817,2017-10-24,2017,Strategic developments,Other,Police Forces of Kenya (2013-2022),Civilians (Kenya),Kenya,Kakamega,Ikolomani,Malinya,0.1973,34.7136,0
KEN5801,2017-10-18,2017,Riots,Mob violence,Rioters (Kenya),Civilians (Kenya),Kenya,Kisumu,Kisumu Central,Kisumu,-0.1,34.75,0
KEN5803,2017-10-19,2017,Protests,Excessive force against protesters,Protesters (Kenya),Police Forces of Kenya (2013-2022),Kenya,Nairobi,Westlands,Nairobi - Westlands,-1.2379,36.7879,0
KEN20510,2017-10-16,2017,Strategic developments,Change to group/activity,Police Forces of Kenya (2013-2022),,Kenya,Migori,Kuria West,Karamu,-1.131,34.4494,0
KEN20511,2017-10-17,2017,Strategic developments,Change to group/activity,Police Forces of Kenya (2013-2022),,Kenya,Migori,Suna West,Migori,-1.0667,34.4667,0
KEN5846,2017-10-26,2017,Protests,Peaceful protest,Protesters (Kenya),,Kenya,Samburu,Samburu Central,Kisima,1.2402,36.6605,0
KEN5821,2017-10-25,2017,Protests,Peaceful protest,Protesters (Kenya),,Kenya,Kisumu,Kisumu Central,Kondele,-0.0789,34.7759,0
KEN5841,2017-10-26,2017,Protests,Peaceful protest,Protesters (Kenya),,Kenya,Narok,Narok North,Narok,-1.0783,35.8601,0
KEN5856,2017-10-27,2017,Protests,Peaceful protest,Protesters (Kenya),,Kenya,Homa Bay,Homa Bay Town,Homa Bay,-0.5273,34.4571,0
KEN5860,2017-10-27,2017,Riots,Mob violence,Unidentified Armed Group (Kenya),Rioters (Kenya),Kenya,Homa Bay,Homa Bay Town,Homa Bay,-0.5273,34.4571,1
KEN5867,2017-10-28,2017,Riots,Violent demonstration,Rioters (Kenya),Civilians (Kenya),Kenya,Vihiga,Vihiga,Majengo,0.0333,34.7167,0
KEN5873,2017-10-30,2017,Riots,Violent demonstration,Rioters (Kenya),,Kenya,Kisumu,Kisumu Central,Kondele,-0.0789,34.7759,0
KEN5874,2017-10-30,2017,Riots,Mob violence,Rioters (Kenya),Rioters (Kenya),Kenya,Narok,Narok North,Narok,-1.0783,35.8601,0
KEN5875,2017-10-30,2017,Protests,Peaceful protest,Protesters (Kenya),,Kenya,Nyamira,Nyamira,Nyamira,-0.5666,34.9167,0
KEN5876,2017-10-30,2017,Violence against civilians,Attack,Al Shabaab,Civilians (Kenya),Kenya,Mandera,Mandera East,Arabia,3.5254,41.4991,0
KEN6598,2017-10-31,2017,Violence against civilians,Attack,Al Shabaab,Civilians (Kenya),Kenya,Mandera,Mandera East,Arabia,3.5254,41.4991,0
KEN6599,2017-10-31,2017,Violence against civilians,Abduction/forced disappearance,Al Shabaab,Civilians (Kenya),Kenya,Mandera,Lafey,Fino,3.3711,41.4468,0
KEN6594,2017-10-26,2017,Riots,Violent demonstration,Rioters (Kenya),,Kenya,Turkana,Turkana Central,Lodwar,3.1191,35.5973,0
KEN5833,2017-10-26,2017,Riots,Mob violence,Rioters (Kenya),Civilians (Kenya),Kenya,Kisumu,Kisumu Central,Kisumu,-0.1,34.75,0
KEN5857,2017-10-27,2017,Protests,Peaceful protest,Protesters (Kenya),,Kenya,Kisumu,Kisumu Central,Kisumu,-0.1,34.75,0
KEN5845,2017-10-26,2017,Riots,Mob violence,Rioters (Kenya),Civilians (Kenya),Kenya,Migori,Suna West,Migori,-1.0667,34.4667,0
KEN6593,2017-10-26,2017,Riots,Violent demonstration,Rioters (Kenya),Civilians (Kenya),Kenya,Machakos,Masinga,Kavwea,-1.0556,37.6253,0
KEN5822,2017-10-25,2017,Riots,Violent demonstration,Rioters (Kenya),Police Forces of Kenya (2013-2022),Kenya,Kisumu,Kisumu Central,Kisumu,-0.1,34.75,0
KEN5823,2017-10-25,2017,Riots,Violent demonstration,Rioters (Kenya),Police Forces of Kenya (2013-2022),Kenya,Migori,Suna West,Migori,-1.0667,34.4667,0
KEN5824,2017-10-25,2017,Protests,Excessive force against protesters,Police Forces of Kenya (2013-2022),Protesters (Kenya),Kenya,Siaya,Alego Usonga,Siaya,0.06,34.2861,0
KEN5828,2017-10-26,2017,Riots,Violent demonstration,Police Forces of Kenya (2013-2022),Rioters (Kenya),Kenya,Homa Bay,Homa Bay Town,Homa Bay,-0.5273,34.4571,1
KEN5829,2017-10-26,2017,Protests,Protest with intervention,Police Forces of Kenya (2013-2022),Protesters (Kenya),Kenya,Kisumu,Kisumu Central,Kondele,-0.0789,34.7759,0
KEN5830,2017-10-26,2017,Riots,Violent demonstration,Police Forces of Kenya (2013-2022),Rioters (Kenya),Kenya,Migori,Suna West,Migori,-1.0667,34.4667,0
KEN5832,2017-10-26,2017,Riots,Violent demonstration,Police Forces of Kenya (2013-2022),Rioters (Kenya),Kenya,Siaya,Alego Usonga,Siaya,0.06,34.2861,0
KEN5834,2017-10-26,2017,Strategic developments,Other,Government of Kenya (2013-2022),,Kenya,Homa Bay,Homa Bay Town,Homa Bay,-0.5273,34.4571,0
KEN5835,2017-10-26,2017,Protests,Excessive force against protesters,Protesters (Kenya),Police Forces of Kenya (2013-2022),Kenya,Kisumu,Seme,Kombewa,-0.1064,34.5205,1
KEN5836,2017-10-26,2017,Riots,Violent demonstration,Rioters (Kenya),Police Forces of Kenya (2013-2022),Kenya,Kisumu,Kisumu Central,Kisumu,-0.1,34.75,3
KEN5837,2017-10-26,2017,Riots,Violent demonstration,Rioters (Kenya),Police Forces of Kenya (2013-2022),Kenya,Homa Bay,Kasipul,Oyugis,-0.509,34.7358,0
KEN5839,2017-10-26,2017,Riots,Violent demonstration,Rioters (Kenya),Police Forces of Kenya (2013-2022),Kenya,Machakos,Athi River,Athi River,-1.45,36.9833,2
KEN5840,2017-10-26,2017,Riots,Violent demonstration,Police Forces of Kenya (2013-2022),Rioters (Kenya),Kenya,Kakamega,Lurambi,Lurambi,0.3,34.7667,0
KEN5842,2017-10-26,2017,Riots,Mob violence,Rioters (Kenya),Police Forces of Kenya (2013-2022),Kenya,Homa Bay,Karachuonyo,Kendu Bay,-0.3589,34.6492,1
KEN5843,2017-10-26,2017,Riots,Violent demonstration,Rioters (Kenya),Police Forces of Kenya (2013-2022),Kenya,Homa Bay,Rangwe,Rangwe,-0.6003,34.5835,0
KEN5844,2017-10-26,2017,Riots,Mob violence,Rioters (Kenya),Police Forces of Kenya (2013-2022),Kenya,Kakamega,Lurambi,Kakamega,0.2833,34.7384,0
KEN5847,2017-10-26,2017,Riots,Violent demonstration,Rioters (Kenya),Police Forces of Kenya (2013-2022),Kenya,Bungoma,Kabuchai,Chwele,0.7333,34.5833,1
KEN5848,2017-10-26,2017,Riots,Violent demonstration,Rioters (Kenya),Police Forces of Kenya (2013-2022),Kenya,Bungoma,Kimilili,Kimilili,0.783,34.7193,0
KEN5849,2017-10-26,2017,Riots,Violent demonstration,Rioters (Kenya),Police Forces of Kenya (2013-2022),Kenya,Bungoma,Webuye West,Webuye,0.6167,34.7667,0
KEN5850,2017-10-26,2017,Riots,Mob violence,Rioters (Kenya),Police Forces of Kenya (2013-2022),Kenya,Kakamega,Malava,Matsakha,0.5333,34.8167,0
KEN5851,2017-10-26,2017,Riots,Mob violence,Rioters (Kenya),Civilians (Kenya),Kenya,Kakamega,Malava,Mugai,0.4365,34.8105,0
KEN5853,2017-10-26,2017,Riots,Mob violence,Rioters (Kenya),Civilians (Kenya),Kenya,Busia,Matayos,Busia,0.46,34.112,0
KEN5855,2017-10-27,2017,Riots,Violent demonstration,Police Forces of Kenya (2013-2022),Rioters (Kenya),Kenya,Migori,Suna West,Migori,-1.0667,34.4667,0
KEN5858,2017-10-27,2017,Riots,Violent demonstration,Rioters (Kenya),Police Forces of Kenya (2013-2022),Kenya,Bungoma,Kanduyi,Bungoma,0.5635,34.5606,2
KEN5861,2017-10-27,2017,Violence against civilians,Attack,Police Forces of Kenya (2013-2022),Civilians (Kenya),Kenya,Kisumu,Kisumu Central,Kisumu,-0.1,34.75,0
KEN5868,2017-10-28,2017,Violence against civilians,Attack,Police Forces of Kenya (2013-2022),Civilians (Kenya),Kenya,Vihiga,Vihiga,Majengo,0.0333,34.7167,0
KEN5872,2017-10-30,2017,Protests,Protest with intervention,Protesters (Kenya),Police Forces of Kenya (2013-2022),Kenya,Kakamega,Mumias West,Mumias,0.3351,34.4864,0
KEN5878,2017-10-30,2017,Protests,Excessive force against protesters,Military Forces of Kenya (2013-2022),Protesters (Kenya),Kenya,Vihiga,Vihiga,Majengo,0.0333,34.7167,0
KEN5880,2017-10-31,2017,Riots,Violent demonstration,Police Forces of Kenya (2013-2022),Rioters (Kenya),Kenya,Kericho,Ainamoi,Kericho,-0.3677,35.2831,0
KEN5881,2017-11-01,2017,Battles,Armed clash,Police Forces of Kenya (2013-2022),Unidentified Armed Group (Kenya),Kenya,Laikipia,Laikipia North,Ol Moran,0.4599,36.7556,0
KEN5882,2017-11-02,2017,Battles,Armed clash,Military Forces of Kenya (2013-2022),Al Shabaab,Kenya,Lamu,Lamu West,Lamu,-2.2717,40.902,2
KEN6051,2017-10-26,2017,Riots,Violent demonstration,Rioters (Kenya),Police Forces of Kenya (2013-2022),Kenya,Busia,Matayos,Busia,0.46,34.112,0
KEN6053,2017-10-27,2017,Strategic developments,Other,Police Forces of Kenya (2013-2022),,Kenya,Busia,Matayos,Busia,0.46,34.112,0
KEN6097,2017-10-27,2017,Riots,Violent demonstration,Rioters (Kenya),Police Forces of Kenya (2013-2022),Kenya,Homa Bay,Suba,Sindo,-0.538,34.1646,0
KEN6178,2017-10-26,2017,Riots,Mob violence,Rioters (Kenya),Military Forces of Kenya (2013-2022),Kenya,Busia,Butula,Marach,0.3267,34.3156,0
KEN6179,2017-10-26,2017,Riots,Mob violence,Rioters (Kenya),Police Forces of Kenya (2013-2022),Kenya,Busia,Bunyala,Oseiko,-0.0267,34.0209,0
KEN6595,2017-10-27,2017,Violence against civilians,Sexual violence,Police Forces of Kenya (2013-2022),Civilians (Kenya),Kenya,Migori,Suna West,Migori,-1.0667,34.4667,1
KEN6180,2017-10-26,2017,Riots,Mob violence,Rioters (Kenya),Police Forces of Kenya (2013-2022) Prison Guards,Kenya,Homa Bay,Kasipul,Rachuonyo,-0.4333,34.6833,0
KEN5831,2017-10-26,2017,Riots,Violent demonstration,Police Forces of Kenya (2013-2022),Rioters (Kenya),Kenya,Nairobi,Kibra,Nairobi - Kibra,-1.3061,36.7857,0
KEN5838,2017-10-26,2017,Protests,Excessive force against protesters,Protesters (Kenya),Police Forces of Kenya (2013-2022),Kenya,Nairobi,Ruaraka,Nairobi - Ruaraka,-1.2456,36.8799,2
KEN5859,2017-10-27,2017,Battles,Armed clash,Unidentified Armed Group (Kenya),Police Forces of Kenya (2013-2022),Kenya,Nairobi,Embakasi Central,Nairobi - Embakasi Central,-1.268,36.9148,2
KEN5866,2017-10-28,2017,Battles,Armed clash,Unidentified Armed Group (Kenya),Police Forces of Kenya (2013-2022),Kenya,Nairobi,Embakasi Central,Nairobi - Embakasi Central,-1.268,36.9148,3
KEN5879,2017-10-31,2017,Riots,Mob violence,Rioters (Kenya),Civilians (Kenya),Kenya,Nairobi,Dagoretti South,Nairobi - Dagoretti South,-1.2828,36.7131,0
KEN6096,2017-10-26,2017,Riots,Violent demonstration,Rioters (Kenya),Police Forces of Kenya (2013-2022),Kenya,Nairobi,Dagoretti South,Nairobi - Dagoretti South,-1.2828,36.7131,0
KEN6177,2017-10-25,2017,Riots,Violent demonstration,Rioters (Kenya),Police Forces of Kenya (2013-2022),Kenya,Nairobi,Kibra,Nairobi - Kibra,-1.3061,36.7857,0
KEN6597,2017-10-30,2017,Riots,Violent demonstration,Rioters (Kenya),Police Forces of Kenya (2013-2022),Kenya,Nairobi,Kibra,Nairobi - Kibra,-1.3061,36.7857,0
KEN5826,2017-10-26,2017,Riots,Violent demonstration,Rioters (Kenya),,Kenya,Mombasa,Mvita,Mombasa,-4.0547,39.6636,0
KEN5852,2017-10-26,2017,Riots,Violent demonstration,Rioters (Kenya),,Kenya,Mombasa,Likoni,Likoni,-4.0839,39.6616,0
KEN5854,2017-10-26,2017,Violence against civilians,Attack,Unidentified Armed Group (Kenya),Civilians (Kenya),Kenya,Mombasa,Likoni,Likoni,-4.0839,39.6616,0
KEN6181,2017-10-26,2017,Riots,Mob violence,Rioters (Kenya),Civilians (Kenya),Kenya,Mombasa,Jomvu,Jomvu,-3.985,39.614,0
KEN5865,2017-10-28,2017,Strategic developments,Other,Luo Ethnic Militia (Kenya),Kalenjin Ethnic Militia (Kenya),Kenya,Kisumu,Muhoroni,Muhoroni,-0.1567,35.1984,0
KEN5871,2017-10-29,2017,Violence against civilians,Attack,Kalenjin Ethnic Militia (Kenya),Civilians (Kenya),Kenya,Kisumu,Muhoroni,Muhoroni,-0.1567,35.1984,1
KEN6596,2017-10-27,2017,Riots,Mob violence,Rioters (Kenya),Civilians (Kenya),Kenya,Kisumu,Muhoroni,Muhoroni,-0.1567,35.1984,0
KEN5827,2017-10-26,2017,Riots,Mob violence,Rioters (Kenya),Police Forces of Kenya (2013-2022),Kenya,Nairobi,Mathare,Nairobi - Mathare,-1.2604,36.8607,1
KEN6592,2017-10-25,2017,Violence against civilians,Attack,Unidentified Communal Militia (Kenya),Civilians (Kenya),Kenya,Meru,Tigania East,Muthara,0.2166,37.7998,2
KEN5862,2017-10-27,2017,Battles,Armed clash,Luo Ethnic Militia (Kenya),Kikuyu Ethnic Militia (Kenya),Kenya,Nairobi,Dagoretti North,Nairobi - Dagoretti North,-1.2793,36.7789,3
KEN5863,2017-10-27,2017,Riots,Violent demonstration,Rioters (Kenya),Police Forces of Kenya (2013-2022),Kenya,Nairobi,Dagoretti North,Nairobi - Dagoretti North,-1.2793,36.7789,0
KEN5864,2017-10-28,2017,Protests,Protest with intervention,Police Forces of Kenya (2013-2022),Protesters (Kenya),Kenya,Nairobi,Dagoretti North,Nairobi - Dagoretti North,-1.2793,36.7789,0
KEN5869,2017-10-29,2017,Riots,Violent demonstration,Rioters (Kenya),Police Forces of Kenya (2013-2022),Kenya,Nairobi,Dagoretti North,Nairobi - Dagoretti North,-1.2793,36.7789,0
KEN5870,2017-10-29,2017,Strategic developments,Change to group/activity,Unidentified Communal Militia (Kenya),,Kenya,Nairobi,Dagoretti North,Nairobi - Dagoretti North,-1.2793,36.7789,0
KEN5877,2017-10-30,2017,Riots,Violent demonstration,Rioters (Kenya),Police Forces of Kenya (2013-2022),Kenya,Nairobi,Dagoretti North,Nairobi - Dagoretti North,-1.2793,36.7789,0
KEN6054,2017-11-08,2017,Battles,Armed clash,Unidentified Communal Militia (Kenya),Unidentified Communal Militia (Kenya),Kenya,Taita Taveta,Taveta,Taveta,-3.3988,37.6834,2
KEN5884,2017-11-09,2017,Riots,Mob violence,Rioters (Kenya),Civilians (Kenya),Kenya,Muranga,Kiharu,Muranga,-0.7166,37.15,1
KEN5888,2017-11-14,2017,Riots,Mob violence,Rioters (Kenya),Rioters (Kenya),Kenya,Homa Bay,Homa Bay Town,Homa Bay,-0.5273,34.4571,0
KEN6601,2017-11-08,2017,Protests,Peaceful protest,Protesters (Kenya),,Kenya,Narok,Narok North,Narok,-1.0783,35.8601,0
KEN5886,2017-11-13,2017,Battles,Armed clash,Kipsigi Ethnic Militia (Kenya),Maasai Ethnic Militia (Kenya),Kenya,Narok,Transmara West,Kilgoris,-1.0077,34.8806,0
KEN5883,2017-11-06,2017,Battles,Armed clash,Al Shabaab,Police Forces of Kenya (2013-2022),Kenya,Mandera,Mandera South,Daba Siti,2.6106,40.8863,12
KEN5885,2017-11-10,2017,Violence against civilians,Attack,Police Forces of Kenya (2013-2022),Civilians (Kenya),Kenya,Kitui,Kitui Central,Kitui,-1.3667,38.0167,0
KEN5887,2017-11-14,2017,Battles,Armed clash,Unidentified Armed Group (Kenya),Police Forces of Kenya (2013-2022),Kenya,Turkana,Turkana East,Lomelo,1.5,35.9167,3
KEN6602,2017-11-11,2017,Violence against civilians,Attack,Police Forces of Kenya (2013-2022),Civilians (Kenya),Kenya,Taita Taveta,Mwatate,Mwashuma,-3.5,38.3,2
KEN6603,2017-11-12,2017,Riots,Violent demonstration,Rioters (Kenya),Police Forces of Kenya (2013-2022),Kenya,Homa Bay,Kasipul,Rachuonyo,-0.4333,34.6833,0
KEN6600,2017-11-08,2017,Protests,Protest with intervention,Protesters (Kenya),Police Forces of Kenya (2013-2022),Kenya,Nairobi,Starehe,Nairobi,-1.283,36.817,0
KEN17598,2017-11-13,2017,Riots,Mob violence,Rioters (Kenya),Police Forces of Kenya (2013-2022),Kenya,Siaya,Bondo,Bondo,-0.1003,34.2729,1
KEN5889,2017-11-15,2017,Strategic developments,Looting/property destruction,Unidentified Armed Group (Kenya),,Kenya,Kisii,Nyaribari Chache,Kisii,-0.6833,34.7667,0
KEN6182,2017-11-20,2017,Riots,Mob violence,Rioters (Kenya),Civilians (Kenya),Kenya,Kakamega,Matungu,Koyonzo,0.4203,34.4244,0
KEN6606,2017-11-18,2017,Violence against civilians,Attack,Unidentified Armed Group (Kenya),Civilians (Kenya),Kenya,Isiolo,Merti,Merti,1.0667,38.6667,8
KEN6912,2017-11-22,2017,Explosions/Remote violence,Remote explosive/landmine/IED,Unidentified Armed Group (Kenya),Civilians (International),Kenya,Garissa,Garissa,Garissa,-0.4536,39.6461,0
KEN5903,2017-11-20,2017,Protests,Peaceful protest,Protesters (Kenya),,Kenya,Nakuru,Nakuru North,Nakuru,-0.2441,36.142,0
KEN6607,2017-11-24,2017,Protests,Peaceful protest,Protesters (Kenya),,Kenya,Garissa,Garissa,Garissa,-0.4536,39.6461,0
KEN5898,2017-11-20,2017,Protests,Peaceful protest,Protesters (Kenya),,Kenya,Kiambu,Kiambu Town,Kiambu,-1.1667,36.8333,0
KEN5900,2017-11-20,2017,Protests,Peaceful protest,Protesters (Kenya),,Kenya,Kiambu,Thika Town,Thika,-1.05,37.0833,0
KEN5899,2017-11-20,2017,Protests,Peaceful protest,Protesters (Kenya),,Kenya,Kiambu,Limuru,Limuru,-1.1136,36.6421,0
KEN5901,2017-11-20,2017,Protests,Peaceful protest,Protesters (Kenya),,Kenya,Kiambu,Kabete,Wangige,-1.2167,36.7167,0
KEN5902,2017-11-20,2017,Protests,Peaceful protest,Protesters (Kenya),,Kenya,Muranga,Kiharu,Karuri,-0.7167,37.0333,0
KEN5904,2017-11-20,2017,Protests,Peaceful protest,Protesters (Kenya),,Kenya,Nyeri,Kieni West,Aberdare Forest,-0.3666,36.8333,0
KEN5905,2017-11-20,2017,Riots,Violent demonstration,Rioters (Kenya),Police Forces of Kenya (2013-2022),Kenya,Kisumu,Kisumu Central,Kisumu,-0.1,34.75,0
KEN5906,2017-11-20,2017,Riots,Violent demonstration,Rioters (Kenya),Police Forces of Kenya (2013-2022),Kenya,Migori,Suna West,Migori,-1.0667,34.4667,1
KEN5909,2017-11-23,2017,Riots,Violent demonstration,Rioters (Kenya),Police Forces of Kenya (2013-2022),Kenya,Nakuru,Nakuru North,Nakuru,-0.2441,36.142,0
KEN5910,2017-11-24,2017,Riots,Mob violence,Rioters (Kenya),Military Forces of Kenya (2013-2022),Kenya,Isiolo,Isiolo,Isiolo,0.3546,37.5822,0
KEN6055,2017-11-17,2017,Riots,Violent demonstration,Rioters (Kenya),Police Forces of Kenya (2013-2022),Kenya,Machakos,Athi River,Athi River,-1.45,36.9833,0
KEN5894,2017-11-19,2017,Riots,Violent demonstration,Rioters (Kenya),Police Forces of Kenya (2013-2022),Kenya,Nairobi,Starehe,Nairobi,-1.283,36.817,0
KEN13075,2017-11-20,2017,Riots,Violent demonstration,Rioters (Kenya),Police Forces of Kenya (2013-2022),Kenya,Nairobi,Kibra,Nairobi - Kibra,-1.3061,36.7857,1
KEN5891,2017-11-16,2017,Protests,Protest with intervention,Protesters (Kenya),Police Forces of Kenya (2013-2022),Kenya,Nairobi,Westlands,Nairobi - Westlands,-1.2379,36.7879,0
KEN5895,2017-11-19,2017,Violence against civilians,Attack,Mungiki Militia,Civilians (Kenya),Kenya,Nairobi,Ruaraka,Nairobi - Ruaraka,-1.2456,36.8799,11
KEN5907,2017-11-20,2017,Riots,Violent demonstration,Rioters (Kenya),Police Forces of Kenya (2013-2022),Kenya,Nairobi,Ruaraka,Nairobi - Ruaraka,-1.2456,36.8799,0
KEN5908,2017-11-22,2017,Protests,Protest with intervention,Protesters (Kenya),Police Forces of Kenya (2013-2022),Kenya,Nairobi,Westlands,Nairobi - Westlands,-1.2379,36.7879,0
KEN6056,2017-11-18,2017,Violence against civilians,Attack,Unidentified Armed Group (Kenya),Civilians (Kenya),Kenya,Nairobi,Ruaraka,Nairobi - Ruaraka,-1.2456,36.8799,5
KEN6057,2017-11-19,2017,Riots,Violent demonstration,Rioters (Kenya),Police Forces of Kenya (2013-2022),Kenya,Nairobi,Ruaraka,Nairobi - Ruaraka,-1.2456,36.8799,0
KEN6604,2017-11-17,2017,Riots,Violent demonstration,Rioters (Kenya),Police Forces of Kenya (2013-2022),Kenya,Nairobi,Embakasi East,Nairobi - Embakasi East,-1.2999,36.9333,0
KEN6605,2017-11-18,2017,Violence against civilians,Attack,Unidentified Armed Group (Kenya),Civilians (Kenya),Kenya,Nairobi,Kibra,Nairobi - Kibra,-1.3061,36.7857,1
KEN5896,2017-11-20,2017,Protests,Peaceful protest,Protesters (Kenya),,Kenya,Kiambu,Gatundu South,Gatundu,-1.0129,36.9049,0
KEN5893,2017-11-19,2017,Riots,Mob violence,Rioters (Kenya),Police Forces of Kenya (2013-2022),Kenya,Nairobi,Mathare,Nairobi - Mathare,-1.2604,36.8607,0
KEN5890,2017-11-16,2017,Riots,Violent demonstration,Rioters (Kenya),,Kenya,Nairobi,Starehe,Nairobi - Starehe,-1.2881,36.8236,0
KEN13074,2017-11-20,2017,Riots,Violent demonstration,Rioters (Kenya),Police Forces of Kenya (2013-2022),Kenya,Nairobi,Dagoretti North,Nairobi - Dagoretti North,-1.2793,36.7789,0
KEN5892,2017-11-17,2017,Riots,Violent demonstration,Rioters (Kenya),Police Forces of Kenya (2013-2022),Kenya,Nairobi,Starehe,Nairobi,-1.283,36.817,18
KEN6060,2017-11-29,2017,Riots,Violent demonstration,Rioters (Kenya),,Kenya,Garissa,Dadaab,Dadaab Refugee Camp,0.0514,40.3142,0
KEN6061,2017-11-30,2017,Riots,Violent demonstration,Rioters (Kenya),,Kenya,Garissa,Dadaab,Dadaab Refugee Camp,0.0514,40.3142,0
KEN6183,2017-11-26,2017,Strategic developments,Disrupted weapons use,Unidentified Armed Group (Kenya),,Kenya,Mandera,Mandera East,Mandera,3.9357,41.8542,0
KEN5919,2017-12-05,2017,Riots,Mob violence,Rioters (Kenya),SLDF: Sabaot Land Defence Force,Kenya,Bungoma,Cheptais,Murwani,0.7903,34.58,3
KEN5918,2017-12-04,2017,Violence against civilians,Attack,SLDF: Sabaot Land Defence Force,Civilians (Kenya),Kenya,Bungoma,Cheptais,Masaek,0.8115,34.5761,2
KEN5915,2017-11-30,2017,Riots,Mob violence,Rioters (Kenya),Civilians (Kenya),Kenya,Nakuru,Nakuru North,Nakuru,-0.2441,36.142,2
KEN5911,2017-11-27,2017,Battles,Armed clash,Military Forces of Kenya (2013-2022),Al Shabaab,Kenya,Lamu,Lamu West,Lamu,-2.2717,40.902,10
KEN5913,2017-11-28,2017,Battles,Armed clash,Al Shabaab,Military Forces of Kenya (2013-2022),Kenya,Lamu,Lamu West,Lamu,-2.2717,40.902,2
KEN6184,2017-11-26,2017,Riots,Mob violence,Police Forces of Kenya (2013-2022),Rioters (Kenya),Kenya,Nakuru,Naivasha,Naivasha,-0.7202,36.4285,0
KEN5912,2017-11-28,2017,Protests,Excessive force against protesters,Protesters (Kenya),Police Forces of Kenya (2013-2022),Kenya,Nairobi,Starehe,Nairobi,-1.283,36.817,4
KEN6608,2017-11-28,2017,Riots,Violent demonstration,Rioters (Kenya),Police Forces of Kenya (2013-2022),Kenya,Nairobi,Embakasi South,Nairobi - Embakasi South,-1.3261,36.889,3
KEN5914,2017-11-28,2017,Riots,Violent demonstration,Rioters (Kenya),Police Forces of Kenya (2013-2022),Kenya,Nairobi,Kasarani,Nairobi - Kasarani,-1.2254,36.8977,0
KEN20621,2017-12-04,2017,Violence against civilians,Attack,SLDF: Sabaot Land Defence Force,Civilians (Kenya),Kenya,Bungoma,Cheptais,Chongeywo,0.8175,34.5474,3
KEN5925,2017-12-10,2017,Protests,Peaceful protest,Protesters (Kenya),,Kenya,Lamu,Lamu West,Lamu,-2.2717,40.902,0
KEN5921,2017-12-08,2017,Protests,Peaceful protest,Protesters (Kenya),,Kenya,Machakos,Athi River,Athi River,-1.45,36.9833,0
KEN5916,2017-12-08,2017,Violence against civilians,Attack,Police Forces of Kenya (2013-2022),Civilians (Kenya),Kenya,Mombasa,Mvita,Mombasa,-4.0547,39.6636,1
KEN6071,2017-12-15,2017,Battles,Armed clash,Degodia Clan Militia (Kenya),Arjuran Ethnic Militia (Kenya),Kenya,Wajir,Wajir North,El Das,2.5333,39.55,4
KEN5922,2017-12-21,2017,Explosions/Remote violence,Remote explosive/landmine/IED,Unidentified Armed Group (Kenya),Civilians (Kenya),Kenya,Mandera,Banissa,Banissa,3.9439,40.3445,5
KEN21163,2017-12-20,2017,Violence against civilians,Attack,Unidentified Armed Group (Kenya),Civilians (Kenya),Kenya,Migori,Suna East,Kwa Hills,-1.0937,34.5706,1
KEN5928,2018-01-04,2018,Riots,Mob violence,Rioters (Kenya),Civilians (Kenya),Kenya,Taita Taveta,Voi,Kirindinyi,-3.365,38.4634,1
KEN5920,2017-12-28,2017,Violence against civilians,Attack,Al Shabaab,Civilians (Kenya),Kenya,Lamu,Lamu West,Gamba,-2.362,40.3178,2
KEN5923,2017-12-29,2017,Protests,Peaceful protest,Protesters (Kenya),,Kenya,Kisii,Nyaribari Chache,Kisii,-0.6833,34.7667,0
KEN5930,2018-01-05,2018,Protests,Peaceful protest,Protesters (Kenya),,Kenya,Nyandarua,Kinangop,Mai Mahiu,-0.5833,36.6167,0
KEN5917,2017-12-30,2017,Battles,Armed clash,Al Shabaab,Police Forces of Kenya (2013-2022),Kenya,Garissa,Ijara,Ijara,-1.5952,40.5144,0
KEN5926,2017-12-31,2017,Battles,Armed clash,Military Forces of Kenya (2013-2022),Al Shabaab,Kenya,Lamu,Lamu East,Baure,-1.723,40.9646,0
KEN5927,2018-01-02,2018,Battles,Armed clash,Al Shabaab,Police Forces of Kenya (2013-2022),Kenya,Mandera,Mandera East,Mandera,3.9357,41.8542,6
KEN5924,2017-12-30,2017,Riots,Violent demonstration,Rioters (Kenya),,Kenya,Nairobi,Kibra,Nairobi - Kibra,-1.3061,36.7857,0
KEN10746,2018-01-05,2018,Battles,Armed clash,Unidentified Communal Militia (Kenya),Police Forces of Kenya (2013-2022),Kenya,Elgeyo Marakwet,Marakwet East,Tot,1.2003,35.6588,5
KEN10119,2018-01-05,2018,Violence against civilians,Attack,Marakwet Ethnic Militia (Kenya),Civilians (Kenya),Kenya,West Pokot,Pokot Central,Chesogon,1.3048,35.6245,3
KEN21164,2017-12-28,2017,Riots,Mob violence,Rioters (Kenya),Civilians (Kenya),Kenya,West Pokot,Pokot Central,Chepkukui,1.4325,35.5199,1
KEN21165,2018-01-04,2018,Riots,Mob violence,Rioters (Kenya),Civilians (Kenya),Kenya,Migori,Suna East,Kwa Hills,-1.0937,34.5706,2
KEN5933,2018-01-07,2018,Riots,Mob violence,Rioters (Kenya),Rioters (Kenya),Kenya,Nakuru,Gilgil,Gilgil,-0.4897,36.312,0
KEN5932,2018-01-07,2018,Explosions/Remote violence,Shelling/artillery/missile attack,Al Shabaab,,Kenya,Wajir,Wajir East,Wajir,1.75,40.06,0
KEN5931,2018-01-06,2018,Riots,Mob violence,Rioters (Kenya),,Kenya,Kilifi,Malindi,Malindi,-3.22,40.12,0
KEN10056,2018-01-07,2018,Violence against civilians,Attack,Private Security Forces (Kenya),Civilians (Kenya),Kenya,Mombasa,Nyali,Nyali,-4.0525,39.6954,1
KEN10274,2018-01-10,2018,Riots,Mob violence,Rioters (Kenya),Civilians (Kenya),Kenya,Nyandarua,Kinangop,Kinangop,-0.7308,36.6591,1
KEN10818,2018-01-07,2018,Violence against civilians,Attack,Unidentified Communal Militia (Kenya),Civilians (Kenya),Kenya,West Pokot,Pokot Central,Cheptulel,1.3223,35.607,4
KEN10819,2018-01-07,2018,Violence against civilians,Attack,Pokot Ethnic Militia (Kenya),Civilians (Kenya),Kenya,Elgeyo Marakwet,Marakwet West,Elegeyo-Marakwet,0.99,35.55,2
KEN10644,2018-01-06,2018,Riots,Violent demonstration,Rioters (Kenya),Police Forces of Kenya (2013-2022),Kenya,Kajiado,Kajiado West,Suswa,-1.1167,36.35,1
KEN5934,2018-01-09,2018,Protests,Excessive force against protesters,Protesters (Kenya),Police Forces of Kenya (2013-2022),Kenya,Nyamira,Nyamira,Nyamira,-0.5666,34.9167,1
KEN10176,2018-01-06,2018,Battles,Armed clash,Pokot Ethnic Militia (Kenya),Marakwet Ethnic Militia (Kenya),Kenya,Elgeyo Marakwet,Marakwet East,Tot,1.2003,35.6588,2
KEN5938,2018-01-13,2018,Riots,Violent demonstration,Rioters (Kenya),Civilians (Kenya),Kenya,Marsabit,Saku,Marsabit,2.333,37.983,3
KEN5944,2018-01-15,2018,Violence against civilians,Attack,Al Shabaab,Civilians (Kenya),Kenya,Lamu,Lamu West,Lamu,-2.2717,40.902,1
KEN5935,2018-01-12,2018,Violence against civilians,Attack,Unidentified Armed Group (Kenya),Civilians (Kenya),Kenya,Nyamira,Nyamira,Nyamira,-0.5666,34.9167,1
KEN10123,2018-01-14,2018,Violence against civilians,Attack,Unidentified Armed Group (Kenya),Civilians (Kenya),Kenya,Baringo,Tiaty,Kapedo,1.1692,36.0955,1
KEN10181,2018-01-14,2018,Battles,Armed clash,Pokot Ethnic Militia (Kenya),Samburu Ethnic Militia (Kenya),Kenya,Samburu,Samburu North,Baragoi,1.7833,36.7833,0
KEN10267,2018-01-11,2018,Protests,Peaceful protest,Protesters (Kenya),,Kenya,West Pokot,West Pokot,Kapenguria,1.2333,35.1167,0
KEN10409,2018-01-15,2018,Riots,Mob violence,Rioters (Kenya),Civilians (Kenya),Kenya,Bungoma,Kanduyi,Bungoma,0.5635,34.5606,1
KEN10464,2018-01-11,2018,Protests,Peaceful protest,Protesters (Kenya),,Kenya,Machakos,Machakos,Machakos,-1.5167,37.2667,0
KEN10283,2018-01-11,2018,Protests,Protest with intervention,Protesters (Kenya),Police Forces of Kenya (2013-2022),Kenya,Makueni,Kibwezi West,Kibwezi,-2.4112,37.9652,0
KEN5939,2018-01-14,2018,Protests,Protest with intervention,Protesters (Kenya),Police Forces of Kenya (2013-2022),Kenya,Marsabit,Saku,Marsabit,2.333,37.983,0
KEN5936,2018-01-13,2018,Battles,Armed clash,Al Shabaab,Police Forces of Kenya (2013-2022),Kenya,Lamu,Lamu West,Lamu,-2.2717,40.902,1
KEN6072,2018-01-15,2018,Battles,Armed clash,Degodia Clan Militia (Kenya),Arjuran Ethnic Militia (Kenya),Kenya,Wajir,Wajir North,El Das,2.5333,39.55,4
KEN5941,2018-01-16,2018,Riots,Mob violence,Rioters (Kenya),Civilians (Kenya),Kenya,Siaya,Alego Usonga,Siaya,0.06,34.2861,3
KEN5945,2018-01-16,2018,Strategic developments,Non-violent transfer of territory,Al Shabaab,,Kenya,Lamu,Lamu East,Kiunga,-1.741,41.492,0
KEN5943,2018-01-20,2018,Strategic developments,Looting/property destruction,Al Shabaab,,Kenya,Mandera,Mandera South,El Wak,2.8094,40.9358,0
KEN5942,2018-01-17,2018,Protests,Peaceful protest,Protesters (Kenya),,Kenya,Machakos,Machakos,Machakos,-1.5167,37.2667,0
KEN10075,2018-01-19,2018,Protests,Peaceful protest,Protesters (Kenya),,Kenya,Mombasa,Nyali,Nyali,-4.0525,39.6954,0
KEN9811,2018-01-16,2018,Protests,Peaceful protest,Protesters (Kenya),,Kenya,Mombasa,Nyali,Ganjoni,-4.0644,39.6607,0
KEN5940,2018-01-16,2018,Violence against civilians,Attack,Police Forces of Kenya (2013-2022),Civilians (Kenya),Kenya,Elgeyo Marakwet,Marakwet East,Embobut,1.2167,35.6333,1
KEN9819,2018-01-17,2018,Battles,Armed clash,Sengwer Ethnic Militia (Kenya),Police Forces of Kenya (2013-2022) Kenya Forest Service Rangers,Kenya,Elgeyo Marakwet,Marakwet East,Embobut,1.2167,35.6333,1
KEN5946,2018-01-20,2018,Explosions/Remote violence,Remote explosive/landmine/IED,Unidentified Armed Group (Kenya),Civilians (Kenya),Kenya,Mandera,Mandera East,Mandera,3.9357,41.8542,4
KEN10504,2018-01-25,2018,Protests,Peaceful protest,Protesters (Kenya),,Kenya,Kiambu,Gatundu South,Mutunguru,-0.9243,36.7913,0
KEN5947,2018-01-22,2018,Protests,Peaceful protest,Protesters (Kenya),,Kenya,Nairobi,Starehe,Nairobi,-1.283,36.817,0
KEN15266,2018-01-21,2018,Riots,Mob violence,Rioters (Kenya),Civilians (Kenya),Kenya,Kakamega,Shinyalu,Senyende,0.2856,34.7961,1
KEN10080,2018-01-23,2018,Riots,Mob violence,Rioters (Kenya),Rioters (Kenya),Kenya,Nairobi,Starehe,Nairobi - Starehe,-1.2881,36.8236,0
KEN5948,2018-01-24,2018,Protests,Peaceful protest,Protesters (Kenya),,Kenya,Kitui,Mwingi Central Sub- County,Mwingi,-0.9333,38.0667,0
KEN5964,2018-01-26,2018,Protests,Peaceful protest,Protesters (Kenya),,Kenya,Taita Taveta,Taveta,Taveta,-3.3988,37.6834,0
KEN5950,2018-01-29,2018,Protests,Peaceful protest,Protesters (Kenya),,Kenya,Lamu,Lamu West,Lamu,-2.2717,40.902,0
KEN5952,2018-01-30,2018,Protests,Peaceful protest,Protesters (Kenya),,Kenya,Busia,Matayos,Busia,0.46,34.112,0
KEN5953,2018-01-30,2018,Protests,Peaceful protest,Protesters (Kenya),,Kenya,Homa Bay,Homa Bay Town,Homa Bay,-0.5273,34.4571,0
KEN5955,2018-01-30,2018,Protests,Peaceful protest,Protesters (Kenya),,Kenya,Kisii,Nyaribari Chache,Kisii,-0.6833,34.7667,0
KEN5956,2018-01-30,2018,Protests,Peaceful protest,Protesters (Kenya),,Kenya,Kisumu,Kisumu Central,Kisumu,-0.1,34.75,0
KEN5959,2018-01-30,2018,Protests,Peaceful protest,Protesters (Kenya),,Kenya,Siaya,Alego Usonga,Siaya,0.06,34.2861,0
KEN5954,2018-01-30,2018,Protests,Peaceful protest,Protesters (Kenya),,Kenya,Kakamega,Lurambi,Kakamega,0.2833,34.7384,0
KEN5957,2018-01-30,2018,Protests,Peaceful protest,Protesters (Kenya),,Kenya,Migori,Suna West,Migori,-1.0667,34.4667,0
KEN5949,2018-01-27,2018,Battles,Armed clash,Al Shabaab,Military Forces of Kenya (2013-2022),Kenya,Garissa,Hulugho,Handaro,-1.458,40.6668,2
KEN5958,2018-01-30,2018,Protests,Peaceful protest,Protesters (Kenya),,Kenya,Nairobi,Starehe,Nairobi,-1.283,36.817,0
KEN5960,2018-01-31,2018,Protests,Protest with intervention,Protesters (Kenya),Police Forces of Kenya (2013-2022),Kenya,Nairobi,Starehe,Nairobi,-1.283,36.817,0
KEN5951,2018-01-30,2018,Riots,Mob violence,Rioters (Kenya),Police Forces of Kenya (2013-2022),Kenya,Nairobi,Westlands,Nairobi - Westlands,-1.2379,36.7879,0
KEN5961,2018-01-31,2018,Strategic developments,Other,Unidentified Armed Group (Kenya),Civilians (Kenya),Kenya,Nairobi,Langata,Nairobi - Langata,-1.3508,36.7589,0
KEN5963,2018-02-02,2018,Violence against civilians,Attack,Unidentified Armed Group (Kenya),Civilians (Kenya),Kenya,West Pokot,Pokot South,Chepareria,1.3077,35.2039,0
KEN10624,2018-02-01,2018,Riots,Violent demonstration,Rioters (Kenya),Police Forces of Kenya (2013-2022),Kenya,Tana River,Bura,Madogo,-0.4711,39.5952,0
KEN5970,2018-02-05,2018,Violence against civilians,Attack,Police Forces of Kenya (2013-2022),Civilians (Kenya),Kenya,Nyeri,Nyeri Central,Nyeri,-0.4167,36.95,0
KEN5967,2018-02-04,2018,Violence against civilians,Attack,Unidentified Armed Group (Kenya),Civilians (United States),Kenya,Nairobi,Starehe,Nairobi,-1.283,36.817,1
KEN5962,2018-02-02,2018,Riots,Violent demonstration,Rioters (Kenya),,Kenya,Nairobi,Kibra,Nairobi - Kibra,-1.3061,36.7857,0
KEN5966,2018-02-04,2018,Protests,Peaceful protest,Protesters (Kenya),,Kenya,Nairobi,Kibra,Nairobi - Kibra,-1.3061,36.7857,0
KEN5971,2018-02-05,2018,Protests,Peaceful protest,Protesters (Kenya),,Kenya,Nairobi,Kibra,Nairobi - Kibra,-1.3061,36.7857,0
KEN5965,2018-02-02,2018,Protests,Peaceful protest,Protesters (Kenya),,Kenya,Mombasa,Mvita,Mombasa,-4.0547,39.6636,0
KEN5969,2018-02-05,2018,Riots,Violent demonstration,Rioters (Kenya),Police Forces of Kenya (2013-2022),Kenya,Meru,Tigania West,Nchiru,0.1325,37.7363,0
KEN5968,2018-02-05,2018,Protests,Protest with intervention,Protesters (Kenya),Police Forces of Kenya (2013-2022),Kenya,Nairobi,Starehe,Nairobi,-1.283,36.817,0
KEN5979,2018-02-08,2018,Protests,Peaceful protest,Protesters (Kenya),,Kenya,Kisumu,Nyando,Awasi,-0.16,35.0731,0
KEN5974,2018-02-06,2018,Riots,Violent demonstration,Rioters (Kenya),,Kenya,Kisumu,Nyando,Awasi,-0.16,35.0731,0
KEN6062,2018-02-09,2018,Protests,Peaceful protest,Protesters (Kenya),,Kenya,Lamu,Lamu West,Witu,-2.3889,40.4382,0
KEN5975,2018-02-06,2018,Riots,Violent demonstration,Rioters (Kenya),,Kenya,Migori,Suna West,Migori,-1.0667,34.4667,0
KEN6074,2018-02-08,2018,Riots,Mob violence,Rioters (Kenya),Civilians (Kenya),Kenya,Kakamega,Lurambi,Kakamega,0.2833,34.7384,1
KEN5973,2018-02-06,2018,Riots,Violent demonstration,Rioters (Kenya),Police Forces of Kenya (2013-2022),Kenya,Kisumu,Nyando,Ahero,-0.1833,34.9166,3
KEN5976,2018-02-07,2018,Riots,Violent demonstration,Rioters (Kenya),Police Forces of Kenya (2013-2022),Kenya,Kericho,Ainamoi,Kericho,-0.3677,35.2831,0
KEN5980,2018-02-09,2018,Battles,Armed clash,Military Forces of Kenya (2013-2022),Al Shabaab,Kenya,Wajir,Wajir East,Wajir,1.75,40.06,3
KEN6075,2018-02-09,2018,Explosions/Remote violence,Remote explosive/landmine/IED,Al Shabaab,Police Forces of Kenya (2013-2022),Kenya,Wajir,Wajir East,Wajir,1.75,40.06,0
KEN5978,2018-02-08,2018,Protests,Protest with intervention,Protesters (Kenya),Police Forces of Kenya (2013-2022),Kenya,Nairobi,Starehe,Nairobi,-1.283,36.817,0
KEN5972,2018-02-06,2018,Riots,Violent demonstration,Rioters (Kenya),Police Forces of Kenya (2013-2022),Kenya,Nairobi,Westlands,Nairobi - Westlands,-1.2379,36.7879,0
KEN6073,2018-02-08,2018,Riots,Violent demonstration,Rioters (Kenya),Police Forces of Kenya (2013-2022),Kenya,Nairobi,Kamukunji,Nairobi - Kamukunji,-1.2759,36.8526,0
KEN6063,2018-02-11,2018,Protests,Peaceful protest,Protesters (Kenya),,Kenya,Lamu,Lamu West,Witu,-2.3889,40.4382,0
KEN6066,2018-02-13,2018,Protests,Peaceful protest,Protesters (Kenya),,Kenya,Kisii,Nyaribari Chache,Kisii,-0.6833,34.7667,0
KEN10177,2018-02-15,2018,Battles,Armed clash,Police Forces of Kenya (2013-2022),Al Shabaab,Kenya,Isiolo,Merti,Merti,1.0667,38.6667,1
KEN10822,2018-02-15,2018,Strategic developments,Disrupted weapons use,Police Forces of Kenya (2013-2022),Unidentified Armed Group (Kenya),Kenya,Isiolo,Merti,Merti,1.0667,38.6667,0
KEN6064,2018-02-12,2018,Explosions/Remote violence,Shelling/artillery/missile attack,Al Shabaab,Military Forces of Kenya (2013-2022),Kenya,Mandera,Mandera South,El Wak,2.8094,40.9358,5
KEN6065,2018-02-13,2018,Explosions/Remote violence,Shelling/artillery/missile attack,Al Shabaab,Military Forces of Kenya (2013-2022),Kenya,Mandera,Mandera South,El Wak,2.8094,40.9358,5
KEN6067,2018-02-14,2018,Battles,Armed clash,Military Forces of Kenya (2013-2022),Al Shabaab,Kenya,Lamu,Lamu West,Lamu,-2.2717,40.902,3
KEN6068,2018-02-14,2018,Battles,Armed clash,Police Forces of Kenya (2013-2022),Military Forces of Kenya (2013-2022),Kenya,Mandera,Mandera East,Mandera,3.9357,41.8542,2
KEN6076,2018-02-14,2018,Explosions/Remote violence,Shelling/artillery/missile attack,Al Shabaab,Military Forces of Kenya (2013-2022),Kenya,Mandera,Mandera East,Mandera,3.9357,41.8542,0
KEN6085,2018-02-20,2018,Riots,Mob violence,Rioters (Kenya),Civilians (Kenya),Kenya,Meru,Imenti North,Meru,0.05,37.65,1
KEN6080,2018-02-18,2018,Riots,Mob violence,Rioters (Kenya),Civilians (Kenya),Kenya,Kilifi,Kaloleni,Tsunguni,-3.815,39.6617,1
KEN6082,2018-02-19,2018,Riots,Violent demonstration,Rioters (Kenya),,Kenya,Vihiga,Emuhaya,Luanda,0.0319,34.5805,0
KEN6084,2018-02-20,2018,Violence against civilians,Attack,Unidentified Ethnic Militia (Kenya),Civilians (Kenya),Kenya,Wajir,Wajir North,Malkagufu,2.6465,39.5705,2
KEN6077,2018-02-16,2018,Violence against civilians,Attack,Al Shabaab,Civilians (Kenya),Kenya,Wajir,Wajir East,Qarsa,2.078,40.7483,3
KEN9782,2018-02-17,2018,Protests,Peaceful protest,Protesters (Kenya),,Kenya,Kilifi,Malindi,Malindi,-3.22,40.12,0
KEN6079,2018-02-18,2018,Violence against civilians,Attack,SLDF: Sabaot Land Defence Force,Civilians (Kenya),Kenya,Bungoma,Cheptais,Cheptais,0.8099,34.4564,4
KEN10062,2018-02-16,2018,Protests,Peaceful protest,Protesters (Kenya),,Kenya,Nairobi,Westlands,Nairobi - Westlands,-1.2379,36.7879,0
KEN6083,2018-02-20,2018,Riots,Mob violence,Rioters (Kenya),Civilians (Kenya),Kenya,Mombasa,Mvita,Mombasa,-4.0547,39.6636,0
KEN6081,2018-02-19,2018,Battles,Armed clash,Police Forces of Kenya (2013-2022),Al Shabaab,Kenya,Isiolo,Garbatulla,Garbatulla,0.5333,38.52,2
KEN6910,2018-02-21,2018,Violence against civilians,Attack,Unidentified Armed Group (Kenya),Civilians (Kenya),Kenya,Isiolo,Garbatulla,Garbatulla,0.5333,38.52,0
KEN10352,2018-02-20,2018,Riots,Mob violence,Rioters (Kenya),Civilians (Kenya),Kenya,Nairobi,Dagoretti North,Nairobi - Dagoretti North,-1.2793,36.7789,0
KEN20431,2018-02-16,2018,Explosions/Remote violence,Remote explosive/landmine/IED,Al Shabaab,Police Forces of Kenya (2013-2022),Kenya,Wajir,Wajir East,Qarsa,2.078,40.7483,0
KEN6099,2018-02-24,2018,Riots,Mob violence,Rioters (Kenya),Civilians (International),Kenya,Elgeyo Marakwet,Marakwet West,Kapsowar,0.9805,35.5575,0
KEN6087,2018-02-23,2018,Protests,Peaceful protest,Protesters (Kenya),,Kenya,Laikipia,Laikipia West,Nyahururu,0.0333,36.3667,0
KEN6100,2018-02-24,2018,Riots,Mob violence,Rioters (Kenya),Civilians (Kenya),Kenya,Homa Bay,Karachuonyo,Kendu Bay,-0.3589,34.6492,2
KEN10461,2018-02-24,2018,Protests,Peaceful protest,Protesters (Kenya),,Kenya,Lamu,Lamu West,Mpeketoni,-2.3899,40.6987,0
KEN6103,2018-02-26,2018,Riots,Violent demonstration,Rioters (Kenya),,Kenya,Kiambu,Limuru,Limuru,-1.1136,36.6421,0
KEN6101,2018-02-25,2018,Strategic developments,Disrupted weapons use,Military Forces of Kenya (2013-2022),Al Shabaab,Kenya,Garissa,Hulugho,Hulugho,-1.15,41.0667,0
KEN6102,2018-02-26,2018,Riots,Mob violence,Rioters (Kenya),Police Forces of Kenya (2013-2022),Kenya,Meru,Imenti North,Meru,0.05,37.65,1
KEN6086,2018-02-23,2018,Riots,Mob violence,Rioters (Kenya),Police Forces of Kenya (2013-2022),Kenya,Nairobi,Starehe,Nairobi,-1.283,36.817,0
KEN6104,2018-02-26,2018,Riots,Violent demonstration,Rioters (Kenya),Police Forces of Kenya (2013-2022),Kenya,Nairobi,Starehe,Nairobi,-1.283,36.817,0
KEN6098,2018-02-22,2018,Strategic developments,Looting/property destruction,Unidentified Communal Militia (Kenya),,Kenya,Trans Nzoia,Endebess,Chepchoina,1.2028,34.8114,0
KEN6107,2018-02-28,2018,Riots,Violent demonstration,Rioters (Kenya),,Kenya,Homa Bay,Homa Bay Town,Homa Bay,-0.5273,34.4571,0
KEN6110,2018-03-01,2018,Protests,Peaceful protest,Protesters (Kenya),,Kenya,Uasin Gishu,Moiben,Eldoret,0.5167,35.2833,0
KEN9713,2018-03-02,2018,Protests,Peaceful protest,Protesters (Kenya),,Kenya,Bomet,Konoin,Kaptebengwet,-0.5789,35.3027,0
KEN9721,2018-03-01,2018,Protests,Peaceful protest,Protesters (Kenya),,Kenya,Kericho,Ainamoi,Kericho,-0.3677,35.2831,0
KEN6113,2018-03-02,2018,Battles,Armed clash,Police Forces of Kenya (2013-2022),Al Shabaab,Kenya,Mandera,Lafey,Fino,3.3711,41.4468,5
KEN6114,2018-02-28,2018,Battles,Armed clash,Police Forces of Kenya (2013-2022),Al Shabaab,Kenya,Wajir,Wajir East,Wajir,1.75,40.06,0
KEN10643,2018-02-27,2018,Riots,Mob violence,Rioters (Kenya),Civilians (Kenya),Kenya,Nairobi,Starehe,Nairobi,-1.283,36.817,1
KEN6111,2018-03-01,2018,Protests,Peaceful protest,Protesters (Kenya),,Kenya,Nairobi,Westlands,Nairobi - Westlands,-1.2379,36.7879,0
KEN6108,2018-02-27,2018,Riots,Violent demonstration,Rioters (Kenya),Police Forces of Kenya (2013-2022),Kenya,Meru,Tigania West,Nchiru,0.1325,37.7363,1
KEN6106,2018-02-27,2018,Riots,Violent demonstration,Rioters (Kenya),Police Forces of Kenya (2013-2022),Kenya,Kitui,Mwingi Central Sub- County,Mwingi,-0.9333,38.0667,0
KEN6109,2018-02-28,2018,Riots,Mob violence,Rioters (Kenya),Civilians (Kenya),Kenya,Nyeri,Nyeri Central,Kamuyu,-0.4287,36.9113,2
KEN6117,2018-03-08,2018,Protests,Peaceful protest,Protesters (Kenya),,Kenya,Lamu,Lamu West,Lamu,-2.2717,40.902,0
KEN6116,2018-03-05,2018,Protests,Peaceful protest,Protesters (Kenya),,Kenya,Kiambu,Thika Town,Thika,-1.05,37.0833,0
KEN9415,2018-03-07,2018,Strategic developments,Arrests,Police Forces of Kenya (2013-2022),Civilians (Kenya),Kenya,Laikipia,Laikipia West,Rumuruti,0.2707,36.5454,0
KEN6646,2018-03-07,2018,Strategic developments,Disrupted weapons use,Military Forces of Kenya (2013-2022),Al Shabaab,Kenya,Garissa,Hulugho,Sangailu,-1.3059,40.7345,0
KEN10030,2018-03-06,2018,Protests,Peaceful protest,Protesters (Kenya),,Kenya,Nairobi,Westlands,Nairobi - Westlands,-1.2379,36.7879,0
KEN6115,2018-03-05,2018,Protests,Protest with intervention,Protesters (Kenya),Police Forces of Kenya (2013-2022),Kenya,Nairobi,Westlands,Nairobi - Westlands,-1.2379,36.7879,0
KEN6118,2018-03-12,2018,Riots,Violent demonstration,Rioters (Kenya),,Kenya,Turkana,Turkana Central,Lodwar,3.1191,35.5973,0
KEN9562,2018-03-09,2018,Protests,Peaceful protest,Protesters (Kenya),,Kenya,Turkana,Turkana Central,Lodwar,3.1191,35.5973,0
KEN10410,2018-03-12,2018,Riots,Mob violence,Rioters (Kenya),Civilians (Kenya),Kenya,Kakamega,Mumias West,Musanda,0.2238,34.437,2
KEN6120,2018-03-14,2018,Explosions/Remote violence,Remote explosive/landmine/IED,Unidentified Armed Group (Kenya),Military Forces of Kenya (2013-2022),Kenya,Mandera,Mandera South,El Wak,2.8094,40.9358,2
KEN6119,2018-03-13,2018,Protests,Peaceful protest,Protesters (Kenya),,Kenya,Nairobi,Starehe,Nairobi,-1.283,36.817,0
KEN6121,2018-03-14,2018,Protests,Peaceful protest,Protesters (Kenya),,Kenya,Nairobi,Starehe,Nairobi,-1.283,36.817,0
KEN6122,2018-03-17,2018,Riots,Mob violence,Rioters (Kenya),,Kenya,Kakamega,Lurambi,Kakamega,0.2833,34.7384,0
KEN6123,2018-03-19,2018,Riots,Violent demonstration,Rioters (Kenya),Police Forces of Kenya (2013-2022),Kenya,Nyeri,Nyeri Central,Nyeri,-0.4167,36.95,0
KEN6124,2018-03-19,2018,Protests,Peaceful protest,Protesters (Kenya),,Kenya,Nairobi,Westlands,Nairobi - Westlands,-1.2379,36.7879,0
KEN6128,2018-03-24,2018,Violence against civilians,Attack,Unidentified Communal Militia (Kenya),Civilians (Kenya),Kenya,Samburu,Samburu North,Nachola,1.8348,36.603,10
KEN6126,2018-03-21,2018,Strategic developments,Disrupted weapons use,Police Forces of Kenya (2013-2022),Unidentified Armed Group (Kenya),Kenya,Nakuru,Nakuru North,Nakuru,-0.2441,36.142,0
KEN6127,2018-03-23,2018,Riots,Violent demonstration,Rioters (Kenya),Police Forces of Kenya (2013-2022),Kenya,Kakamega,Lurambi,Kakamega,0.2833,34.7384,0
KEN6125,2018-03-20,2018,Protests,Peaceful protest,Protesters (Kenya),,Kenya,Mombasa,Mvita,Mombasa,-4.0547,39.6636,0
KEN6189,2018-03-28,2018,Protests,Peaceful protest,Protesters (Kenya),,Kenya,Kisumu,Kisumu Central,Kisumu,-0.1,34.75,0
KEN6187,2018-03-26,2018,Violence against civilians,Attack,Ndhiwa Communal Militia (Kenya),Civilians (Kenya),Kenya,Homa Bay,Ndhiwa,Ndhiwa,-0.7333,34.3667,0
KEN6185,2018-03-25,2018,Riots,Violent demonstration,Rioters (Kenya),,Kenya,Migori,Suna West,Migori,-1.0667,34.4667,0
KEN6186,2018-03-25,2018,Riots,Mob violence,Rioters (Kenya),Civilians (Kenya),Kenya,Kirinyaga,Kirinyaga West,Kibingoti,-0.5667,37.1833,1
KEN10432,2018-03-29,2018,Protests,Peaceful protest,Protesters (Kenya),,Kenya,Narok,Narok North,Narok,-1.0783,35.8601,0
KEN6188,2018-03-27,2018,Violence against civilians,Attack,Police Forces of Kenya (2013-2022),Civilians (Kenya),Kenya,Nairobi,Starehe,Nairobi,-1.283,36.817,0
KEN6190,2018-03-28,2018,Violence against civilians,Attack,Police Forces of Kenya (2013-2022),Civilians (Kenya),Kenya,Nairobi,Starehe,Nairobi,-1.283,36.817,0
KEN6191,2018-03-28,2018,Violence against civilians,Attack,Garre Clan Militia (Kenya),Civilians (Kenya),Kenya,Mandera,Banissa,Banissa,3.9439,40.3445,6
KEN6193,2018-04-03,2018,Violence against civilians,Attack,Unidentified Armed Group (Kenya),Civilians (Kenya),Kenya,Kwale,Msambweni,Ukunda,-4.2875,39.5661,2
KEN6194,2018-04-03,2018,Riots,Mob violence,Rioters (Kenya),Civilians (Kenya),Kenya,Kilifi,Kilifi North,Soyosoyo,-3.3983,39.925,0
KEN6192,2018-04-01,2018,Riots,Mob violence,Rioters (Kenya),,Kenya,Kisii,Nyaribari Chache,Kisii,-0.6833,34.7667,0
KEN6195,2018-04-04,2018,Protests,Protest with intervention,Protesters (Kenya),Police Forces of Kenya (2013-2022),Kenya,Nairobi,Starehe,Nairobi - Starehe,-1.2881,36.8236,0
KEN6208,2018-04-08,2018,Violence against civilians,Attack,Laisamis Clan Militia (Kenya),Civilians (Kenya),Kenya,Marsabit,Laisamis,Laisamis,1.6,37.8,3
KEN9810,2018-04-08,2018,Protests,Peaceful protest,Protesters (Kenya),,Kenya,Kilifi,Malindi,Malindi,-3.22,40.12,0
KEN10344,2018-04-07,2018,Riots,Mob violence,Rioters (Kenya),Civilians (Kenya),Kenya,Migori,Uriri,Uriri,-0.9689,34.5083,1
KEN10435,2018-04-05,2018,Battles,Armed clash,Unidentified Armed Group (Kenya),Police Forces of Kenya (2013-2022),Kenya,Samburu,Samburu East,Wamba,0.9802,37.3235,4
KEN6196,2018-04-05,2018,Riots,Mob violence,Police Forces of Kenya (2013-2022),Rioters (Kenya),Kenya,Embu,Manyatta,Kirigi,-0.45,37.4667,0
KEN6219,2018-04-11,2018,Violence against civilians,Attack,Unidentified Communal Militia (Kenya),Civilians (Kenya),Kenya,Kakamega,Matungu,Matungu,0.3833,34.4833,0
KEN6217,2018-04-11,2018,Violence against civilians,Attack,Laisamis Clan Militia (Kenya),Civilians (Kenya),Kenya,Marsabit,Laisamis,Laisamis,1.6,37.8,2
KEN6214,2018-04-11,2018,Protests,Peaceful protest,Protesters (Kenya),,Kenya,Tharaka-Nithi,Tharaka South,Kathwana,-0.1282,37.9358,0
KEN6210,2018-04-10,2018,Riots,Mob violence,Rioters (Kenya),Civilians (Kenya),Kenya,Kisumu,Kisumu West,Nyahera,-0.0169,34.719,1
KEN6213,2018-04-11,2018,Protests,Peaceful protest,Protesters (Kenya),,Kenya,Nyeri,Nyeri Central,Nyeri,-0.4167,36.95,0
KEN6216,2018-04-11,2018,Violence against civilians,Attack,Unidentified Armed Group (Kenya),Civilians (Kenya),Kenya,Busia,Bunyala,Bulemia,0.1167,34,1
KEN10337,2018-04-10,2018,Riots,Mob violence,Rioters (Kenya),Civilians (Kenya),Kenya,Muranga,Kiharu,Gituto,-0.7307,37.0067,1
KEN10326,2018-04-13,2018,Riots,Mob violence,Rioters (Kenya),Rioters (Kenya),Kenya,Busia,Bunyala,Port Bunyala,0.0939,33.9756,0
KEN6215,2018-04-11,2018,Strategic developments,Disrupted weapons use,Police Forces of Kenya (2013-2022),Al Shabaab,Kenya,Garissa,Ijara,Ijara,-1.5952,40.5144,0
KEN6212,2018-04-11,2018,Protests,Protest with intervention,Protesters (Kenya),Police Forces of Kenya (2013-2022),Kenya,Nairobi,Starehe,Nairobi,-1.283,36.817,0
KEN6218,2018-04-13,2018,Violence against civilians,Attack,Mwea Communal Militia (Kenya),Civilians (Kenya),Kenya,Embu,Mbeere South,Mwea,-0.75,37.4833,1
KEN6211,2018-04-11,2018,Protests,Peaceful protest,Protesters (Kenya),,Kenya,Nairobi,Starehe,Nairobi - Starehe,-1.2881,36.8236,0
KEN6209,2018-04-10,2018,Riots,Mob violence,Rioters (Kenya),Rioters (Kenya),Kenya,Kitui,Mwingi Central Sub- County,Mwingi,-0.9333,38.0667,0
KEN6222,2018-04-16,2018,Protests,Peaceful protest,Protesters (Kenya),,Kenya,Meru,Imenti North,Meru,0.05,37.65,0
KEN6223,2018-04-17,2018,Protests,Peaceful protest,Protesters (Kenya),,Kenya,Kirinyaga,Kirinyaga South,Kutus,-0.5753,37.3269,0
KEN9731,2018-04-17,2018,Riots,Mob violence,Rioters (Kenya),Civilians (Kenya),Kenya,Kisii,South Mugirango,Nyatwoni,-0.9202,34.6731,1
KEN6220,2018-04-15,2018,Protests,Protest with intervention,Protesters (Kenya),Police Forces of Kenya (2013-2022),Kenya,Busia,Bunyala,Port Bunyala,0.0939,33.9756,0
KEN6225,2018-04-17,2018,Riots,Mob violence,Rioters (Kenya),Police Forces of Kenya (2013-2022),Kenya,Embu,Mbeere South,Mashamba,-0.7563,37.5126,0
KEN6221,2018-04-15,2018,Protests,Peaceful protest,Protesters (Kenya),,Kenya,Nairobi,Starehe,Nairobi,-1.283,36.817,0
KEN10603,2018-04-17,2018,Protests,Peaceful protest,Protesters (Kenya),,Kenya,Kisii,South Mugirango,Itumbe,-0.7339,34.6546,0
KEN6226,2018-04-18,2018,Protests,Peaceful protest,Protesters (Kenya),,Kenya,Mombasa,Mvita,Mombasa,-4.0547,39.6636,0
KEN6227,2018-04-19,2018,Protests,Protest with intervention,Protesters (Kenya),Police Forces of Kenya (2013-2022),Kenya,Nairobi,Kasarani,Nairobi - Kasarani,-1.2254,36.8977,0
KEN6282,2018-04-25,2018,Protests,Peaceful protest,Protesters (Kenya),,Kenya,Baringo,Tiaty,Loruk,0.7109,36.0273,0
KEN6281,2018-04-24,2018,Riots,Mob violence,Rioters (Kenya),Civilians (Kenya),Kenya,Busia,Matayos,Busia,0.46,34.112,2
KEN6228,2018-04-21,2018,Battles,Armed clash,Tugen Ethnic Militia (Kenya),Unidentified Communal Militia (Kenya),Kenya,Baringo,Baringo North,Ngaratuko,0.7299,35.9763,1
KEN10578,2018-04-24,2018,Riots,Mob violence,Rioters (Kenya),Police Forces of Kenya (2013-2022),Kenya,Kwale,Kinango,Miritini,-4,39.5667,1
KEN6280,2018-04-24,2018,Protests,Excessive force against protesters,Protesters (Kenya),Police Forces of Kenya (2013-2022),Kenya,Kwale,Kinango,Miritini,-4,39.5667,1
KEN6288,2018-04-30,2018,Protests,Peaceful protest,Protesters (Kenya),,Kenya,Kisii,Nyaribari Chache,Kisii,-0.6833,34.7667,0
KEN6284,2018-04-27,2018,Protests,Peaceful protest,Protesters (Kenya),,Kenya,Meru,Tigania West,Tigania,0.1667,37.75,0
KEN6283,2018-04-27,2018,Protests,Peaceful protest,Protesters (Kenya),,Kenya,Nandi,Nandi East,Nandi Hills,0.1066,35.1838,0
KEN6287,2018-04-30,2018,Protests,Peaceful protest,Protesters (Kenya),,Kenya,Kisumu,Kisumu Central,Kisumu,-0.1,34.75,0
KEN6285,2018-04-28,2018,Protests,Peaceful protest,Protesters (Kenya),,Kenya,Lamu,Lamu West,Witu,-2.3889,40.4382,0
KEN6286,2018-04-28,2018,Strategic developments,Looting/property destruction,Police Forces of Kenya (2013-2022),,Kenya,Laikipia,Laikipia West,Rumuruti,0.2707,36.5454,0
KEN10088,2018-04-30,2018,Riots,Mob violence,Rioters (Kenya),Civilians (Kenya),Kenya,Nairobi,Starehe,Nairobi - Starehe,-1.2881,36.8236,0
KEN6289,2018-05-01,2018,Riots,Mob violence,Rioters (Kenya),Civilians (Kenya),Kenya,Homa Bay,Ndhiwa,Ndhiwa,-0.7333,34.3667,1
KEN6294,2018-05-04,2018,Violence against civilians,Attack,Pokot Ethnic Militia (Kenya),Civilians (Kenya),Kenya,Baringo,Tiaty,Tiati,1.2972,35.9336,2
KEN6295,2018-05-04,2018,Violence against civilians,Attack,Turkana Ethnic Militia (Kenya),Civilians (Kenya),Kenya,Baringo,Marigat,Marigat,0.4667,35.9833,3
KEN6292,2018-05-03,2018,Violence against civilians,Attack,Al Shabaab,Civilians (Kenya),Kenya,Mandera,Mandera East,Mandera,3.9357,41.8542,4
KEN6290,2018-05-02,2018,Riots,Violent demonstration,Rioters (Kenya),,Kenya,Garissa,Garissa,Garissa,-0.4536,39.6461,0
KEN6296,2018-05-05,2018,Riots,Mob violence,Rioters (Kenya),,Kenya,Meru,Tigania East,Mikinduri,0.1231,37.8358,0
KEN10816,2018-05-03,2018,Violence against civilians,Attack,Pokot Ethnic Militia (Kenya),Civilians (Kenya),Kenya,Baringo,Tiaty,Kapedo,1.1692,36.0955,4
KEN10817,2018-05-03,2018,Protests,Peaceful protest,Protesters (Kenya),,Kenya,Baringo,Marigat,Marigat,0.4667,35.9833,0
KEN10803,2018-05-05,2018,Riots,Violent demonstration,Rioters (Kenya),Police Forces of Kenya (2013-2022),Kenya,West Pokot,West Pokot,Kapenguria,1.2333,35.1167,0
KEN6291,2018-05-03,2018,Battles,Armed clash,Al Shabaab,Military Forces of Kenya (2013-2022),Kenya,Mandera,Mandera East,Mandera,3.9357,41.8542,0
KEN6293,2018-05-04,2018,Battles,Armed clash,Police Forces of Kenya (2013-2022),Unidentified Armed Group (Kenya),Kenya,Kilifi,Kilifi North,Kilifi,-3.633,39.85,0
KEN20892,2018-05-04,2018,Violence against civilians,Attack,Pokot Ethnic Militia (Kenya),Civilians (Kenya),Kenya,Baringo,Tiaty,Kapedo,1.1692,36.0955,4
KEN10340,2018-05-06,2018,Riots,Mob violence,Rioters (Kenya),Civilians (Kenya),Kenya,Uasin Gishu,Moiben,Chepkanga,0.5862,35.3487,1
KEN10429,2018-05-09,2018,Riots,Mob violence,Rioters (Kenya),Civilians (Kenya),Kenya,Isiolo,Garbatulla,Kubi Turkana,0.5667,38.2,0
KEN10284,2018-05-08,2018,Riots,Mob violence,Rioters (Kenya),Police Forces of Kenya (2013-2022),Kenya,West Pokot,West Pokot,Kapenguria,1.2333,35.1167,0
KEN6297,2018-05-08,2018,Explosions/Remote violence,Remote explosive/landmine/IED,Al Shabaab,Military Forces of Kenya (2013-2022),Kenya,Mandera,Mandera South,Daba Siti,2.6106,40.8863,1
KEN6298,2018-05-08,2018,Strategic developments,Change to group/activity,Police Forces of Kenya (2013-2022),,Kenya,Mandera,Mandera East,Mandera,3.9357,41.8542,0
KEN6305,2018-05-15,2018,Riots,Mob violence,Rioters (Kenya),Civilians (Kenya),Kenya,Muranga,Kiharu,Muranga,-0.7166,37.15,1
KEN6306,2018-05-15,2018,Riots,Mob violence,Rioters (Kenya),Civilians (Kenya),Kenya,Bungoma,Kanduyi,Siritany,0.5859,34.5359,1
KEN6303,2018-05-14,2018,Riots,Mob violence,Rioters (Kenya),Civilians (Kenya),Kenya,Taita Taveta,Voi,Nyangala,-3.6263,38.7332,1
KEN6302,2018-05-14,2018,Protests,Peaceful protest,Protesters (Kenya),,Kenya,Uasin Gishu,Moiben,Eldoret,0.5167,35.2833,0
KEN6301,2018-05-14,2018,Protests,Peaceful protest,Protesters (Kenya),,Kenya,Nyamira,Borabu,Nyando,-0.7166,35.0333,0
KEN6304,2018-05-15,2018,Battles,Armed clash,Unidentified Armed Group (Kenya),Al Shabaab,Kenya,Kwale,Matuga,Kwale,-4.1738,39.4521,2
KEN6300,2018-05-13,2018,Battles,Armed clash,Police Forces of Kenya (2013-2022),Pokot Ethnic Militia (Kenya),Kenya,Baringo,Tiaty,Kapedo,1.1692,36.0955,2
KEN6299,2018-05-11,2018,Protests,Peaceful protest,Protesters (Kenya),,Kenya,Nairobi,Starehe,Nairobi,-1.283,36.817,0
KEN10074,2018-05-15,2018,Protests,Peaceful protest,Protesters (Kenya),,Kenya,Nairobi,Starehe,Nairobi - Starehe,-1.2881,36.8236,0
KEN10109,2018-05-11,2018,Riots,Violent demonstration,Rioters (Kenya),,Kenya,Nairobi,Kasarani,Nairobi - Kasarani,-1.2254,36.8977,0
KEN6317,2018-05-21,2018,Riots,Mob violence,Rioters (Kenya),Civilians (Kenya),Kenya,Nakuru,Naivasha,Naivasha,-0.7202,36.4285,2
KEN6316,2018-05-21,2018,Protests,Peaceful protest,Protesters (Kenya),,Kenya,Mandera,Mandera East,Mandera,3.9357,41.8542,0
KEN6314,2018-05-21,2018,Battles,Armed clash,Unidentified Communal Militia (Kenya),Unidentified Communal Militia (Kenya),Kenya,Isiolo,Isiolo,Ngeramara,0.5965,37.623,1
KEN6315,2018-05-21,2018,Battles,Armed clash,Unidentified Communal Militia (Kenya),Unidentified Communal Militia (Kenya),Kenya,Isiolo,Isiolo,Isiolo,0.3546,37.5822,1
KEN6313,2018-05-21,2018,Riots,Mob violence,Rioters (Kenya),Rioters (Kenya),Kenya,Isiolo,Isiolo,Isiolo,0.3546,37.5822,0
KEN6309,2018-05-19,2018,Riots,Mob violence,Rioters (Kenya),Rioters (Kenya),Kenya,Isiolo,Isiolo,Isiolo,0.3546,37.5822,0
KEN6311,2018-05-20,2018,Riots,Mob violence,Rioters (Kenya),Rioters (Kenya),Kenya,Isiolo,Isiolo,Isiolo,0.3546,37.5822,0
KEN6312,2018-05-20,2018,Riots,Mob violence,Rioters (Kenya),Civilians (Kenya),Kenya,Nyandarua,Kinangop,Kinangop,-0.7308,36.6591,3
KEN6307,2018-05-17,2018,Protests,Peaceful protest,Protesters (Kenya),,Kenya,Nyandarua,Kinangop,Kinangop,-0.7308,36.6591,0
KEN6308,2018-05-19,2018,Protests,Protest with intervention,Protesters (Kenya),Police Forces of Kenya (2013-2022),Kenya,Nairobi,Starehe,Nairobi,-1.283,36.817,0
KEN6310,2018-05-20,2018,Strategic developments,Arrests,Police Forces of Kenya (2013-2022),Al Shabaab,Kenya,Nairobi,Starehe,Nairobi,-1.283,36.817,0
KEN6334,2018-05-20,2018,Violence against civilians,Attack,Police Forces of Kenya (2013-2022),Civilians (Kenya),Kenya,Nairobi,Westlands,Nairobi - Westlands,-1.2379,36.7879,1
KEN6318,2018-05-24,2018,Strategic developments,Looting/property destruction,Al Shabaab,,Kenya,Mandera,Mandera East,Mandera,3.9357,41.8542,0
KEN6320,2018-05-26,2018,Protests,Peaceful protest,Protesters (Kenya),,Kenya,Kirinyaga,Kirinyaga South,Kutus,-0.5753,37.3269,0
KEN6321,2018-05-25,2018,Protests,Peaceful protest,Protesters (Kenya),,Kenya,Nakuru,Nakuru North,Nakuru,-0.2441,36.142,0
KEN6322,2018-05-26,2018,Riots,Mob violence,Rioters (Kenya),,Kenya,Kilifi,Kilifi North,Watamu,-3.3543,40.0209,0
KEN6319,2018-05-25,2018,Protests,Protest with intervention,Protesters (Kenya),Police Forces of Kenya (2013-2022),Kenya,Lamu,Lamu West,Lamu,-2.2717,40.902,0
KEN6325,2018-05-31,2018,Protests,Peaceful protest,Protesters (Kenya),,Kenya,Nyandarua,Olkalou,Ol Kalou,-0.2709,36.3792,0
KEN6324,2018-05-31,2018,Protests,Peaceful protest,Protesters (Kenya),,Kenya,Nakuru,Nakuru North,Nakuru,-0.2441,36.142,0
KEN9707,2018-05-31,2018,Protests,Peaceful protest,Protesters (Kenya),,Kenya,Kisumu,Muhoroni,Muhoroni,-0.1567,35.1984,0
KEN6323,2018-05-31,2018,Protests,Peaceful protest,Protesters (Kenya),,Kenya,Nairobi,Starehe,Nairobi,-1.283,36.817,0
KEN6327,2018-06-04,2018,Riots,Violent demonstration,Rioters (Kenya),,Kenya,Kisii,Nyaribari Chache,Kisii,-0.6833,34.7667,0
KEN6326,2018-06-03,2018,Protests,Peaceful protest,Protesters (Kenya),,Kenya,Muranga,Kiharu,Muranga,-0.7166,37.15,0
KEN6328,2018-06-04,2018,Protests,Peaceful protest,Protesters (Kenya),,Kenya,Isiolo,Isiolo,Isiolo,0.3546,37.5822,0
KEN10121,2018-06-04,2018,Battles,Armed clash,Pokot Ethnic Militia (Kenya),Police Forces of Kenya (2013-2022) National Police Reservists,Kenya,Turkana,Turkana East,Lokori,1.9516,36.0358,3
KEN6330,2018-06-06,2018,Explosions/Remote violence,Remote explosive/landmine/IED,Al Shabaab,Police Forces of Kenya (2013-2022),Kenya,Garissa,Dadaab,Liboi,0.3534,40.8723,5
KEN6331,2018-06-06,2018,Protests,Peaceful protest,Protesters (Kenya),,Kenya,Nairobi,Starehe,Nairobi,-1.283,36.817,0
KEN10072,2018-06-04,2018,Protests,Peaceful protest,Protesters (Kenya),,Kenya,Nairobi,Kibra,Nairobi - Kibra,-1.3061,36.7857,0
KEN6329,2018-06-05,2018,Protests,Protest with intervention,Protesters (Kenya),Police Forces of Kenya (2013-2022),Kenya,Nairobi,Kibra,Nairobi - Kibra,-1.3061,36.7857,0
KEN6336,2018-06-09,2018,Protests,Peaceful protest,Protesters (Kenya),,Kenya,Homa Bay,Homa Bay Town,Homa Bay,-0.5273,34.4571,0
KEN6333,2018-06-07,2018,Protests,Peaceful protest,Protesters (Kenya),,Kenya,Kiambu,Ruiru,Tatu City,-1.1574,36.9018,0
KEN9598,2018-06-10,2018,Riots,Mob violence,Rioters (Kenya),Rioters (Kenya),Kenya,Baringo,Marigat,Marigat,0.4667,35.9833,0
KEN9780,2018-06-11,2018,Protests,Peaceful protest,Protesters (Kenya),,Kenya,Nairobi,Starehe,Nairobi,-1.283,36.817,0
KEN6337,2018-06-11,2018,Protests,Peaceful protest,Protesters (Kenya),,Kenya,Nairobi,Starehe,Nairobi - Starehe,-1.2881,36.8236,0
KEN6340,2018-06-14,2018,Riots,Mob violence,Rioters (Kenya),Civilians (Kenya),Kenya,Kisumu,Kisumu Central,Kisumu,-0.1,34.75,1
KEN6339,2018-06-12,2018,Protests,Peaceful protest,Protesters (Kenya),,Kenya,Kisumu,Kisumu Central,Kisumu,-0.1,34.75,0
KEN10471,2018-06-16,2018,Riots,Mob violence,Rioters (Kenya),Civilians (Kenya),Kenya,Kirinyaga,Kirinyaga East,Thumaita,-0.4466,37.366,0
KEN10779,2018-06-12,2018,Protests,Peaceful protest,Protesters (Kenya),,Kenya,Narok,Narok North,Narok,-1.0783,35.8601,0
KEN12288,2018-06-14,2018,Violence against civilians,Abduction/forced disappearance,Unidentified Armed Group (Kenya),Civilians (Kenya),Kenya,Lamu,Lamu West,Witu,-2.3889,40.4382,0
KEN6338,2018-06-12,2018,Protests,Peaceful protest,Protesters (Kenya),,Kenya,Nairobi,Starehe,Nairobi - Starehe,-1.2881,36.8236,0
KEN20234,2018-06-12,2018,Protests,Peaceful protest,Protesters (Kenya),,Kenya,Siaya,Bondo,Usengi,-0.0637,34.054,0
KEN6344,2018-06-21,2018,Riots,Mob violence,Rioters (Kenya),Civilians (Kenya),Kenya,Homa Bay,Suba,Kitawa,-0.6823,34.052,0
KEN6346,2018-06-21,2018,Riots,Mob violence,Rioters (Kenya),Civilians (Kenya),Kenya,Homa Bay,Suba,Magunga,-0.6888,34.1505,0
KEN6342,2018-06-21,2018,Protests,Peaceful protest,Protesters (Kenya),,Kenya,Machakos,Machakos,Machakos,-1.5167,37.2667,0
KEN6345,2018-06-21,2018,Riots,Mob violence,Rioters (Kenya),Civilians (Kenya),Kenya,Homa Bay,Suba,Nyandiwa,-0.7226,34.0591,0
KEN10472,2018-06-21,2018,Riots,Mob violence,Rioters (Kenya),Civilians (Kenya),Kenya,Migori,Nyatike,Sori,-0.8409,34.1598,0
KEN10268,2018-06-19,2018,Riots,Violent demonstration,Rioters (Kenya),Police Forces of Kenya (2013-2022),Kenya,Kiambu,Thika Town,Thika,-1.05,37.0833,0
KEN6341,2018-06-17,2018,Explosions/Remote violence,Remote explosive/landmine/IED,Al Shabaab,Police Forces of Kenya (2013-2022) General Service Unit,Kenya,Wajir,Tarbaj,Tarbaj,2.216,40.12,8
KEN6343,2018-06-21,2018,Riots,Mob violence,Rioters (Kenya),Police Forces of Kenya (2013-2022),Kenya,Nairobi,Kibra,Nairobi - Kibra,-1.3061,36.7857,0
KEN6348,2018-06-23,2018,Battles,Armed clash,Wajir Communal Militia (Kenya),Wajir Communal Militia (Kenya),Kenya,Wajir,Wajir East,Wajir,1.75,40.06,1
KEN6353,2018-06-26,2018,Protests,Peaceful protest,Protesters (Kenya),,Kenya,Nyandarua,Olkalou,Ol Kalou,-0.2709,36.3792,0
KEN6354,2018-06-26,2018,Riots,Mob violence,Rioters (Kenya),Civilians (Kenya),Kenya,Muranga,Kigumo,Muthithini,-0.8167,37.0333,0
KEN9706,2018-06-25,2018,Protests,Peaceful protest,Protesters (Kenya),,Kenya,Migori,Awendo,Awendo,-0.9,34.5333,0
KEN10228,2018-06-24,2018,Riots,Mob violence,Rioters (Kenya),Civilians (Kenya),Kenya,Nakuru,Nakuru North,Nakuru,-0.2441,36.142,0
KEN6347,2018-06-22,2018,Protests,Excessive force against protesters,Protesters (Kenya),Military Forces of Kenya (2013-2022),Kenya,Wajir,Tarbaj,Kotulo,2.4094,40.5948,1
KEN6349,2018-06-23,2018,Violence against civilians,Attack,Military Forces of Kenya (2013-2022),Civilians (Kenya),Kenya,Wajir,Wajir East,Lagh Kutulo,2.1291,40.929,0
KEN6350,2018-06-23,2018,Violence against civilians,Attack,Military Forces of Kenya (2013-2022),Civilians (Kenya),Kenya,Wajir,Wajir East,Konton,2.0053,40.9274,0
KEN6351,2018-06-23,2018,Violence against civilians,Attack,Military Forces of Kenya (2013-2022),Civilians (Kenya),Kenya,Wajir,Wajir East,Qarsa,2.078,40.7483,0
KEN6352,2018-06-23,2018,Violence against civilians,Attack,Military Forces of Kenya (2013-2022),Civilians (Kenya),Kenya,Wajir,Wajir East,Boji Garass,2.1014,40.9178,0
KEN13986,2018-06-23,2018,Riots,Mob violence,Rioters (Kenya),Civilians (Kenya),Kenya,Machakos,Masinga,Ekalakala,-0.9681,37.4722,0
KEN6364,2018-07-01,2018,Riots,Violent demonstration,Rioters (Kenya),,Kenya,Kisumu,Kisumu Central,Kisumu,-0.1,34.75,0
KEN6355,2018-06-27,2018,Protests,Peaceful protest,Protesters (Kenya),,Kenya,Turkana,Turkana South,Kalemngorok,2.1339,35.4952,0
KEN6361,2018-06-30,2018,Riots,Mob violence,Rioters (Kenya),Rioters (Kenya),Kenya,Kisumu,Kisumu Central,Kondele,-0.0789,34.7759,0
KEN6362,2018-06-29,2018,Riots,Violent demonstration,Rioters (Kenya),,Kenya,Turkana,Turkana East,Ngamia,2.2074,35.7606,0
KEN6360,2018-06-30,2018,Riots,Violent demonstration,Rioters (Kenya),,Kenya,Uasin Gishu,Ainabkoi,Burnt Forest,0.2167,35.4333,0
KEN6363,2018-06-29,2018,Riots,Mob violence,Rioters (Kenya),,Kenya,Kakamega,Matungu,Matungu,0.3833,34.4833,0
KEN6357,2018-06-28,2018,Riots,Mob violence,Rioters (Kenya),,Kenya,Nakuru,Nakuru North,Nakuru,-0.2441,36.142,0
KEN10357,2018-06-30,2018,Riots,Mob violence,Rioters (Kenya),Civilians (Kenya),Kenya,Kiambu,Kabete,Wangige,-1.2167,36.7167,0
KEN10465,2018-06-28,2018,Protests,Peaceful protest,Protesters (Kenya),,Kenya,Kisumu,Seme,Nyatigo,-0.1167,34.4833,0
KEN6358,2018-06-28,2018,Battles,Armed clash,Military Forces of Kenya (2013-2022),Al Shabaab,Kenya,Wajir,Tarbaj,Tarbaj,2.216,40.12,1
KEN6359,2018-06-29,2018,Riots,Violent demonstration,Rioters (Kenya),Police Forces of Kenya (2013-2022),Kenya,Uasin Gishu,Ainabkoi,Burnt Forest,0.2167,35.4333,1
KEN6366,2018-07-02,2018,Riots,Mob violence,Rioters (Kenya),Civilians (Kenya),Kenya,Marsabit,Saku,Marsabit,2.333,37.983,0
KEN6367,2018-07-02,2018,Riots,Mob violence,Rioters (Kenya),Civilians (Kenya),Kenya,Makueni,Kibwezi West,Kivuthini,-2.4061,37.9722,1
KEN6369,2018-07-03,2018,Riots,Violent demonstration,Rioters (Kenya),,Kenya,Siaya,Alego Usonga,Siaya,0.06,34.2861,0
KEN10756,2018-07-04,2018,Protests,Protest with intervention,Protesters (Kenya),Police Forces of Kenya (2013-2022),Kenya,Siaya,Gem,Yala,0.0991,34.5376,0
KEN6368,2018-07-03,2018,Battles,Armed clash,Police Forces of Kenya (2013-2022),Al Shabaab,Kenya,Garissa,Hulugho,Sangailu,-1.3059,40.7345,0
KEN6371,2018-07-03,2018,Protests,Excessive force against protesters,Protesters (Kenya),Police Forces of Kenya (2013-2022),Kenya,Bungoma,Tongaren,Binyenya,0.8271,34.988,1
KEN6372,2018-07-05,2018,Riots,Mob violence,Police Forces of Kenya (2013-2022),Rioters (Kenya),Kenya,Bungoma,Tongaren,Binyenya,0.8271,34.988,1
KEN6373,2018-07-05,2018,Explosions/Remote violence,Remote explosive/landmine/IED,Al Shabaab,Police Forces of Kenya (2013-2022),Kenya,Garissa,Hulugho,Handaro,-1.458,40.6668,0
KEN6375,2018-07-05,2018,Violence against civilians,Attack,Police Forces of Kenya (2013-2022),Civilians (Kenya),Kenya,Trans Nzoia,Endebess,Endebess,1.0667,34.85,0
KEN6645,2018-07-02,2018,Explosions/Remote violence,Remote explosive/landmine/IED,Al Shabaab,Military Forces of Kenya (2013-2022),Kenya,Mandera,Mandera East,Lafey,3.6704,41.5814,3
KEN6365,2018-07-02,2018,Strategic developments,Change to group/activity,Al Shabaab,,Kenya,Garissa,Hulugho,Boni Forest,-1.5394,41.3314,0
KEN9750,2018-07-02,2018,Violence against civilians,Attack,Al Shabaab,Civilians (Kenya),Kenya,Garissa,Hulugho,Boni Forest,-1.5394,41.3314,0
KEN6374,2018-07-05,2018,Protests,Peaceful protest,Protesters (Kenya),,Kenya,Nairobi,Starehe,Nairobi,-1.283,36.817,0
KEN10073,2018-07-02,2018,Protests,Peaceful protest,Protesters (Kenya),,Kenya,Nairobi,Westlands,Nairobi - Westlands,-1.2379,36.7879,0
KEN6370,2018-07-03,2018,Protests,Peaceful protest,Protesters (Kenya),,Kenya,Nairobi,Starehe,Nairobi - Starehe,-1.2881,36.8236,0
KEN6380,2018-07-10,2018,Riots,Violent demonstration,Rioters (Kenya),,Kenya,Kakamega,Ikolomani,Makhokho Secondary School,0.1743,34.7516,0
KEN6376,2018-07-09,2018,Protests,Peaceful protest,Protesters (Kenya),,Kenya,Makueni,Kibwezi West,Emali,-2.0807,37.4726,0
KEN6377,2018-07-09,2018,Riots,Violent demonstration,Rioters (Kenya),,Kenya,Kakamega,Mumias West,Mumias,0.3351,34.4864,0
KEN6378,2018-07-10,2018,Riots,Mob violence,Rioters (Kenya),,Kenya,Kisumu,Kisumu Central,Kisumu,-0.1,34.75,0
KEN10782,2018-07-07,2018,Riots,Mob violence,Rioters (Kenya),,Kenya,Siaya,Bondo,Usengi,-0.0637,34.054,0
KEN10792,2018-07-11,2018,Riots,Mob violence,Rioters (Kenya),,Kenya,Homa Bay,Homa Bay Town,Homa Bay,-0.5273,34.4571,0
KEN10794,2018-07-09,2018,Riots,Mob violence,Rioters (Kenya),,Kenya,Homa Bay,Karachuonyo,Kendu Bay,-0.3589,34.6492,0
KEN10795,2018-07-10,2018,Riots,Mob violence,Rioters (Kenya),,Kenya,Kisii,Nyaribari Chache,Kisii,-0.6833,34.7667,0
KEN6381,2018-07-11,2018,Violence against civilians,Attack,Dassanach Ethnic Militia (Ethiopia),Civilians (Kenya),Kenya,Turkana,Turkana North,Olgana,4.4747,35.9714,2
KEN6379,2018-07-10,2018,Battles,Armed clash,Police Forces of Kenya (2013-2022),Al Shabaab,Kenya,Garissa,Dadaab,Liboi,0.3534,40.8723,0
KEN9601,2018-07-11,2018,Riots,Mob violence,Rioters (Kenya),Police Forces of Kenya (2013-2022) County Inspectorate Officers,Kenya,Nairobi,Starehe,Nairobi,-1.283,36.817,0
KEN6387,2018-07-17,2018,Riots,Mob violence,Rioters (Kenya),Civilians (Kenya),Kenya,Nyeri,Nyeri Central,Nyeri,-0.4167,36.95,0
KEN6390,2018-07-17,2018,Riots,Mob violence,Rioters (Kenya),Civilians (Kenya),Kenya,Kitui,Mwingi West,Nzawa,-1.0767,37.8921,0
KEN6391,2018-07-17,2018,Riots,Mob violence,Rioters (Kenya),Civilians (Kenya),Kenya,Kakamega,Mumias West,Mumias,0.3351,34.4864,1
KEN6398,2018-07-15,2018,Strategic developments,Change to group/activity,Al Shabaab,,Kenya,Meru,Imenti North,Meru,0.05,37.65,0
KEN6386,2018-07-17,2018,Riots,Mob violence,Rioters (Kenya),Civilians (Kenya),Kenya,Nakuru,Nakuru North,Nakuru,-0.2441,36.142,2
KEN10077,2018-07-14,2018,Protests,Peaceful protest,Protesters (Kenya),,Kenya,Laikipia,Laikipia West,Kinamba,0.419,36.3274,0
KEN10505,2018-07-12,2018,Protests,Peaceful protest,Protesters (Kenya),,Kenya,Kilifi,Ganze,Gede,-3.4521,39.3026,0
KEN10793,2018-07-12,2018,Riots,Mob violence,Rioters (Kenya),,Kenya,Homa Bay,Karachuonyo,Kendu Bay,-0.3589,34.6492,0
KEN6383,2018-07-12,2018,Battles,Armed clash,Police Forces of Kenya (2013-2022),Al Shabaab,Kenya,Mandera,Lafey,Sheikh Barrow,3.5042,41.1934,0
KEN6385,2018-07-14,2018,Riots,Mob violence,Police Forces of Kenya (2013-2022),Rioters (Kenya),Kenya,Kwale,Msambweni,Kinondo,-4.39,39.5465,1
KEN6647,2018-07-16,2018,Explosions/Remote violence,Remote explosive/landmine/IED,Al Shabaab,Military Forces of Kenya (2013-2022),Kenya,Wajir,Tarbaj,Tarbaj,2.216,40.12,0
KEN6382,2018-07-12,2018,Riots,Violent demonstration,Rioters (Kenya),Police Forces of Kenya (2013-2022),Kenya,Nairobi,Starehe,Nairobi,-1.283,36.817,0
KEN6384,2018-07-13,2018,Riots,Mob violence,Rioters (Kenya),Police Forces of Kenya (2013-2022),Kenya,Migori,Rongo,Rongo,-0.7556,34.5995,0
KEN6389,2018-07-19,2018,Protests,Peaceful protest,Protesters (Kenya),,Kenya,Nakuru,Molo,Molo,-0.248,35.737,0
KEN6392,2018-07-18,2018,Protests,Peaceful protest,Protesters (Kenya),,Kenya,Nyandarua,Olkalou,Ol Kalou,-0.2709,36.3792,0
KEN9678,2018-07-18,2018,Riots,Mob violence,Rioters (Kenya),Civilians (Kenya),Kenya,Kilifi,Kilifi North,Kararacha,-3.4519,39.8921,1
KEN6393,2018-07-20,2018,Riots,Mob violence,Rioters (Kenya),Police Forces of Kenya (2013-2022),Kenya,Nyeri,Mathira East,Karatina,-0.4817,37.1251,0
KEN6388,2018-07-18,2018,Violence against civilians,Attack,Unidentified Armed Group (Kenya),Civilians (Kenya),Kenya,Nairobi,Ruaraka,Nairobi - Ruaraka,-1.2456,36.8799,1
KEN6394,2018-07-20,2018,Strategic developments,Looting/property destruction,Unidentified Armed Group (Kenya),,Kenya,Narok,Narok North,Olpusimoru,-0.6581,35.7328,0
KEN6395,2018-07-23,2018,Protests,Peaceful protest,Protesters (Kenya),,Kenya,Narok,Narok North,Narok,-1.0783,35.8601,0
KEN6397,2018-07-27,2018,Riots,Mob violence,Rioters (Kenya),Civilians (Kenya),Kenya,Kirinyaga,Kirinyaga South,Kutus,-0.5753,37.3269,1
KEN10125,2018-07-25,2018,Riots,Mob violence,Rioters (Kenya),,Kenya,Tana River,Bura,Madogo,-0.4711,39.5952,0
KEN10617,2018-07-23,2018,Protests,Peaceful protest,Protesters (Kenya),,Kenya,Migori,Suna West,Migori,-1.0667,34.4667,0
KEN10618,2018-07-23,2018,Protests,Peaceful protest,Protesters (Kenya),,Kenya,Machakos,Masinga,Wendano,-0.9814,37.4929,0
KEN6396,2018-07-26,2018,Battles,Armed clash,Police Forces of Kenya (2013-2022),Al Shabaab,Kenya,Lamu,Lamu West,Milihoi,-2.2167,40.7,1
KEN10703,2018-07-26,2018,Violence against civilians,Attack,Unidentified Armed Group (Kenya),Civilians (Kenya),Kenya,Nyeri,Nyeri Central,Gitathi-ini,-0.433,36.9333,1
KEN10179,2018-07-25,2018,Strategic developments,Looting/property destruction,Unidentified Armed Group (Kenya),Civilians (Kenya),Kenya,Tana River,Bura,Madogo,-0.4711,39.5952,0
KEN10066,2018-07-30,2018,Protests,Peaceful protest,Protesters (Kenya),,Kenya,Kiambu,Juja,Juja,-1.1833,37.1167,0
KEN6793,2018-07-31,2018,Riots,Mob violence,Rioters (Kenya),Police Forces of Kenya (2013-2022),Kenya,Mombasa,Mvita,Mombasa,-4.0547,39.6636,1
KEN6399,2018-07-31,2018,Violence against civilians,Attack,Merrile Ethnic Militia (Ethiopia),Civilians (Kenya),Kenya,Turkana,Turkana North,Lowerangak,4.2667,35.8833,1
KEN6335,2018-08-06,2018,Riots,Mob violence,Rioters (Kenya),Civilians (Kenya),Kenya,Kakamega,Likuyani,Likuyani,0.7101,35.1118,1
KEN6403,2018-08-07,2018,Protests,Peaceful protest,Protesters (Kenya),,Kenya,Kajiado,Kajiado Central,Namanga,-2.5431,36.791,0
KEN6406,2018-08-06,2018,Protests,Peaceful protest,Protesters (Kenya),,Kenya,Kajiado,Kajiado Central,Namanga,-2.5431,36.791,0
KEN6471,2018-08-07,2018,Violence against civilians,Attack,Somali Ethnic Militia (Kenya),Civilians (Kenya),Kenya,Kilifi,Ganze,Mnagoni,-3.5365,39.458,0
KEN6405,2018-08-07,2018,Riots,Mob violence,Rioters (Kenya),Civilians (Kenya),Kenya,Kisumu,Kisumu Central,Kisumu,-0.1,34.75,1
KEN6404,2018-08-06,2018,Protests,Peaceful protest,Protesters (Kenya),,Kenya,Bomet,Bomet East,Bomet,-0.7833,35.35,0
KEN6400,2018-08-05,2018,Protests,Peaceful protest,Protesters (Kenya),,Kenya,Nyandarua,Kinangop,Nyandarua,-0.55,36.6167,0
KEN6795,2018-08-06,2018,Protests,Peaceful protest,Protesters (Kenya),,Kenya,Kajiado,Kajiado Central,Bissil,-2.0987,36.7942,0
KEN6402,2018-08-06,2018,Strategic developments,Change to group/activity,Police Forces of Kenya (2013-2022),,Kenya,Isiolo,Isiolo,Isiolo,0.3546,37.5822,0
KEN6401,2018-08-06,2018,Protests,Protest with intervention,Protesters (Kenya),Police Forces of Kenya (2013-2022),Kenya,Nairobi,Kibra,Nairobi - Kibra,-1.3061,36.7857,0
KEN6794,2018-08-02,2018,Strategic developments,Arrests,Police Forces of Kenya (2013-2022),Civilians (Kenya),Kenya,Nairobi,Dagoretti North,Nairobi - Dagoretti North,-1.2793,36.7789,0
KEN6410,2018-08-09,2018,Riots,Mob violence,Rioters (Kenya),Civilians (Kenya),Kenya,Kisumu,Kisumu Central,Kisumu,-0.1,34.75,1
KEN6796,2018-08-11,2018,Violence against civilians,Attack,Pokot Ethnic Militia (Kenya),Civilians (Kenya),Kenya,Baringo,Tiaty,Tiati,1.2972,35.9336,1
KEN6407,2018-08-08,2018,Explosions/Remote violence,Remote explosive/landmine/IED,Al Shabaab,Military Forces of Kenya (2013-2022),Kenya,Lamu,Lamu West,Bodhei,-1.8563,40.7166,5
KEN6411,2018-08-12,2018,Violence against civilians,Attack,Unidentified Armed Group (Kenya),Civilians (Kenya),Kenya,Kakamega,Likuyani,Soy,0.6784,35.1438,1
KEN6408,2018-08-08,2018,Protests,Peaceful protest,Protesters (Kenya),,Kenya,Nairobi,Starehe,Nairobi,-1.283,36.817,0
KEN6409,2018-08-08,2018,Strategic developments,Arrests,Police Forces of Kenya (2013-2022),Civilians (Kenya),Kenya,Nairobi,Starehe,Nairobi,-1.283,36.817,0
KEN9789,2018-08-12,2018,Riots,Mob violence,Rioters (Kenya),Civilians (Kenya),Kenya,Mombasa,Mvita,Mombasa,-4.0547,39.6636,2
KEN21042,2018-08-09,2018,Riots,Mob violence,Rioters (Kenya),Rioters (Kenya),Kenya,Nairobi,Kasarani,Nairobi - Kasarani,-1.2254,36.8977,0
KEN6417,2018-08-16,2018,Violence against civilians,Attack,Unidentified Armed Group (Kenya),Civilians (Kenya),Kenya,Mandera,Mandera South,El Wak,2.8094,40.9358,0
KEN6413,2018-08-14,2018,Violence against civilians,Attack,Unidentified Armed Group (Kenya),Civilians (Kenya),Kenya,Kakamega,Butere,Butere,0.2064,34.4935,1
KEN6412,2018-08-13,2018,Explosions/Remote violence,Remote explosive/landmine/IED,Al Shabaab,Civilians (Kenya),Kenya,Mandera,Mandera South,El Wak,2.8094,40.9358,3
KEN10090,2018-08-15,2018,Riots,Mob violence,Rioters (Kenya),Rioters (Kenya),Kenya,Nairobi,Embakasi West,Nairobi - Embakasi West,-1.2692,36.8917,0
KEN18770,2018-08-14,2018,Violence against civilians,Sexual violence,Police Forces of Kenya (2013-2022),Civilians (Democratic Republic of Congo),Kenya,Nairobi,Starehe,Nairobi - Starehe,-1.2881,36.8236,0
KEN6420,2018-08-20,2018,Protests,Peaceful protest,Protesters (Kenya),,Kenya,Bomet,Chepalungu,Chebunyo,-0.9667,35.1833,0
KEN10333,2018-08-21,2018,Battles,Armed clash,Maasai-Siria Sub-Clan Militia (Kenya),Maasai-Iruasi Ngishu Sub-Clan Militia (Kenya),Kenya,Narok,Transmara West,Trans Mara,-1.169,34.889,0
KEN9784,2018-08-18,2018,Riots,Violent demonstration,Rioters (Kenya),Police Forces of Kenya (2013-2022),Kenya,Kilifi,Malindi,Malindi,-3.22,40.12,0
KEN6797,2018-08-22,2018,Protests,Peaceful protest,Protesters (Kenya),,Kenya,Nairobi,Roysambu,Nairobi - Roysambu,-1.2067,36.8888,0
KEN6418,2018-08-18,2018,Protests,Protest with intervention,Protesters (Kenya),Police Forces of Kenya (2013-2022),Kenya,Mombasa,Mvita,Mombasa,-4.0547,39.6636,0
KEN6421,2018-08-20,2018,Riots,Mob violence,Rioters (Kenya),Civilians (Kenya),Kenya,Trans Nzoia,Kiminini,Mukuyu,0.9378,34.9753,0
KEN6419,2018-08-19,2018,Violence against civilians,Attack,Unidentified Armed Group (Kenya),Civilians (Kenya),Kenya,Nairobi,Dagoretti North,Nairobi - Dagoretti North,-1.2793,36.7789,0
KEN6428,2018-08-27,2018,Protests,Peaceful protest,Protesters (Kenya),,Kenya,Bomet,Bomet Central,Chepkositonik,-0.7333,35.3667,0
KEN6432,2018-08-27,2018,Protests,Peaceful protest,Protesters (Kenya),,Kenya,Samburu,Samburu East,Kiambere,0.7833,37.8333,0
KEN6424,2018-08-24,2018,Strategic developments,Looting/property destruction,Al Shabaab,,Kenya,Lamu,Lamu West,Lamu,-2.2717,40.902,0
KEN6434,2018-08-28,2018,Protests,Peaceful protest,Protesters (Kenya),,Kenya,Makueni,Kibwezi West,Emali,-2.0807,37.4726,0
KEN6429,2018-08-27,2018,Protests,Peaceful protest,Protesters (Kenya),,Kenya,Kilifi,Malindi,Malindi,-3.22,40.12,0
KEN9804,2018-08-28,2018,Protests,Peaceful protest,Protesters (Kenya),,Kenya,Kilifi,Malindi,Malindi,-3.22,40.12,0
KEN6430,2018-08-27,2018,Riots,Mob violence,Rioters (Kenya),Rioters (Kenya),Kenya,Muranga,Kiharu,Muranga,-0.7166,37.15,0
KEN6431,2018-08-27,2018,Strategic developments,Arrests,Police Forces of Kenya (2013-2022),Al Shabaab,Kenya,Garissa,Ijara,Ijara,-1.5952,40.5144,0
KEN6456,2018-08-27,2018,Violence against civilians,Attack,Police Forces of Kenya (2013-2022),Civilians (Kenya),Kenya,Nakuru,Nakuru North,Nakuru,-0.2441,36.142,1
KEN6798,2018-08-26,2018,Violence against civilians,Attack,Police Forces of Kenya (2013-2022),Civilians (Kenya),Kenya,Bomet,Bomet East,Bomet,-0.7833,35.35,0
KEN10393,2018-08-24,2018,Protests,Protest with intervention,Protesters (Kenya),Police Forces of Kenya (2013-2022) General Service Unit,Kenya,Isiolo,Isiolo,Isiolo,0.3546,37.5822,0
KEN6423,2018-08-23,2018,Protests,Peaceful protest,Protesters (Kenya),,Kenya,Nairobi,Westlands,Nairobi - Westlands,-1.2379,36.7879,0
KEN6426,2018-08-26,2018,Battles,Armed clash,Police Forces of Kenya (2013-2022),Unidentified Armed Group (Kenya),Kenya,Nairobi,Embakasi North,Nairobi - Embakasi North,-1.2517,36.8995,5
KEN6427,2018-08-26,2018,Battles,Armed clash,Police Forces of Kenya (2013-2022),Unidentified Armed Group (Kenya),Kenya,Nairobi,Ruaraka,Nairobi - Ruaraka,-1.2456,36.8799,1
KEN6799,2018-08-28,2018,Violence against civilians,Attack,Police Forces of Kenya (2013-2022),Civilians (Kenya),Kenya,Nairobi,Westlands,Nairobi - Westlands,-1.2379,36.7879,0
KEN6425,2018-08-24,2018,Strategic developments,Looting/property destruction,Al Shabaab,,Kenya,Tana River,Galole,Hola,-1.5036,40.0333,0
KEN6433,2018-08-28,2018,Strategic developments,Arrests,Police Forces of Kenya (2013-2022),Civilians (Kenya),Kenya,Nairobi,Starehe,Nairobi,-1.283,36.817,0
KEN6801,2018-08-30,2018,Riots,Mob violence,Rioters (Kenya),,Kenya,Elgeyo Marakwet,Marakwet East,Kapyego,1.1465,35.4789,0
KEN10482,2018-08-29,2018,Protests,Peaceful protest,Protesters (Kenya),,Kenya,Muranga,Kiharu,Muranga,-0.7166,37.15,0
KEN6435,2018-08-29,2018,Explosions/Remote violence,Remote explosive/landmine/IED,Unidentified Armed Group (Kenya),Military Forces of Kenya (2013-2022),Kenya,Lamu,Lamu East,Kiunga,-1.741,41.492,5
KEN6800,2018-08-30,2018,Protests,Peaceful protest,Protesters (Kenya),,Kenya,Mombasa,Mvita,Mombasa,-4.0547,39.6636,0
KEN6803,2018-09-07,2018,Riots,Violent demonstration,Rioters (Kenya),Rioters (Kenya),Kenya,Marsabit,Saku,Marsabit,2.333,37.983,0
KEN6439,2018-09-03,2018,Protests,Peaceful protest,Protesters (Kenya),,Kenya,Narok,Narok North,Narok,-1.0783,35.8601,0
KEN6436,2018-09-03,2018,Riots,Mob violence,Rioters (Kenya),Police Forces of Uganda (1986-),Kenya,Busia,Budalangi,Sumba Island,0.1036,33.9139,0
KEN6802,2018-09-05,2018,Battles,Armed clash,Gabra Ethnic Militia (Kenya),Borana Ethnic Militia (Kenya),Kenya,Marsabit,Moyale,Moyale,3.5094,39.0528,2
KEN6448,2018-09-04,2018,Protests,Peaceful protest,Protesters (Kenya),,Kenya,Nyeri,Nyeri Central,Nyeri,-0.4167,36.95,0
KEN6447,2018-09-04,2018,Protests,Peaceful protest,Protesters (Kenya),,Kenya,Bomet,Bomet East,Bomet,-0.7833,35.35,0
KEN6451,2018-09-04,2018,Violence against civilians,Attack,Unidentified Armed Group (Kenya),Civilians (Kenya),Kenya,Nakuru,Njoro,Mau Narok,-0.6,36,1
KEN6445,2018-09-03,2018,Riots,Mob violence,Unidentified Armed Group (Kenya),Rioters (Kenya),Kenya,Muranga,Kandara,Kabati,-0.95,37.1,1
KEN6443,2018-09-03,2018,Protests,Peaceful protest,Protesters (Kenya),,Kenya,Makueni,Makueni,Wote,-1.7808,37.6288,0
KEN6441,2018-09-03,2018,Protests,Peaceful protest,Protesters (Kenya),,Kenya,Kiambu,Limuru,Ngecha,-1.17,36.6689,0
KEN6444,2018-09-03,2018,Violence against civilians,Attack,Unidentified Armed Group (Kenya),Civilians (Kenya),Kenya,Migori,Suna West,Migori,-1.0667,34.4667,1
KEN6438,2018-09-03,2018,Protests,Peaceful protest,Protesters (Kenya),,Kenya,Nakuru,Nakuru North,Nakuru,-0.2441,36.142,0
KEN10046,2018-09-06,2018,Violence against civilians,Abduction/forced disappearance,Unidentified Armed Group (Kenya),Civilians (Kenya),Kenya,Meru,Imenti North,Meru,0.05,37.65,0
KEN6453,2018-09-07,2018,Battles,Armed clash,Maasai Ethnic Militia (Kenya),Kipsigi Ethnic Militia (Kenya),Kenya,Narok,Narok South,Olmekenyu,-0.8299,35.6679,1
KEN6440,2018-09-03,2018,Battles,Armed clash,Maasai Ethnic Militia (Kenya),Narok Communal Militia (Kenya),Kenya,Narok,Narok North,Narok,-1.0783,35.8601,1
KEN6446,2018-09-03,2018,Riots,Violent demonstration,Rioters (Kenya),Police Forces of Kenya (2013-2022),Kenya,Kiambu,Kabete,Gitaru,-1.2333,36.6833,0
KEN6449,2018-09-04,2018,Violence against civilians,Attack,Police Forces of Kenya (2013-2022),Civilians (Kenya),Kenya,Kericho,Sigowet,Sondu,-0.391,35.0169,0
KEN6450,2018-09-04,2018,Battles,Armed clash,Police Forces of Kenya (2013-2022),Unidentified Armed Group (Kenya),Kenya,Nyandarua,Ndaragwa,Kanyagia,-0.0866,36.4711,3
KEN6452,2018-09-06,2018,Violence against civilians,Attack,Police Forces of Kenya (2013-2022),Civilians (Kenya),Kenya,Mombasa,Kisauni,Utange,-3.9758,39.7189,3
KEN6442,2018-09-03,2018,Violence against civilians,Attack,Military Forces of Kenya (2013-2022),Civilians (Kenya),Kenya,Garissa,Hulugho,Boni Forest,-1.5394,41.3314,0
KEN6457,2018-09-06,2018,Violence against civilians,Attack,Unidentified Communal Militia (Kenya),Civilians (Kenya),Kenya,Narok,Narok South,Nkoben,-0.9,35.6167,1
KEN6810,2018-09-12,2018,Protests,Peaceful protest,Protesters (Kenya),,Kenya,Kwale,Msambweni,Diani,-4.279,39.594,0
KEN6805,2018-09-10,2018,Protests,Peaceful protest,Protesters (Kenya),,Kenya,Muranga,Kiharu,Muranga,-0.7166,37.15,0
KEN6463,2018-09-12,2018,Violence against civilians,Attack,Unidentified Armed Group (Kenya),Civilians (Kenya),Kenya,Kwale,Msambweni,Ukunda,-4.2875,39.5661,2
KEN6459,2018-09-10,2018,Violence against civilians,Attack,Unidentified Ethnic Militia (Kenya),Civilians (Kenya),Kenya,Nakuru,Njoro,Mauche,-0.5083,35.9752,0
KEN6458,2018-09-10,2018,Violence against civilians,Attack,Unidentified Ethnic Militia (Kenya),Civilians (Kenya),Kenya,Narok,Narok North,Narok,-1.0783,35.8601,1
KEN6462,2018-09-12,2018,Battles,Armed clash,Kipsigi Ethnic Militia (Kenya),Ogiek Ethnic Militia (Kenya),Kenya,Nakuru,Njoro,Njoro,-0.3316,35.9449,1
KEN6807,2018-09-11,2018,Battles,Armed clash,Kipsigi Ethnic Militia (Kenya),Ogiek Ethnic Militia (Kenya),Kenya,Nakuru,Njoro,Njoro,-0.3316,35.9449,1
KEN6808,2018-09-11,2018,Battles,Armed clash,Kipsigi Ethnic Militia (Kenya),Ogiek Ethnic Militia (Kenya),Kenya,Nakuru,Njoro,Nessuiet,-0.3898,35.8964,1
KEN6809,2018-09-11,2018,Battles,Armed clash,Kipsigi Ethnic Militia (Kenya),Ogiek Ethnic Militia (Kenya),Kenya,Nakuru,Molo,Mariashoni,-0.3678,35.8267,1
KEN6811,2018-09-12,2018,Battles,Armed clash,Kipsigi Ethnic Militia (Kenya),Ogiek Ethnic Militia (Kenya),Kenya,Nakuru,Njoro,Nessuiet,-0.3898,35.8964,1
KEN6812,2018-09-12,2018,Battles,Armed clash,Kipsigi Ethnic Militia (Kenya),Ogiek Ethnic Militia (Kenya),Kenya,Nakuru,Molo,Mariashoni,-0.3678,35.8267,1
KEN6460,2018-09-11,2018,Explosions/Remote violence,Remote explosive/landmine/IED,Unidentified Armed Group (Kenya),Police Forces of Kenya (2013-2022),Kenya,Wajir,Tarbaj,Kotulo,2.4094,40.5948,0
KEN6461,2018-09-11,2018,Violence against civilians,Attack,Police Forces of Kenya (2013-2022),Civilians (Kenya),Kenya,Wajir,Tarbaj,Kotulo,2.4094,40.5948,3
KEN6464,2018-09-12,2018,Battles,Armed clash,Police Forces of Kenya (2013-2022),Unidentified Armed Group (Kenya),Kenya,Kiambu,Juja,Juja,-1.1833,37.1167,2
KEN6472,2018-09-12,2018,Violence against civilians,Attack,Police Forces of Kenya (2013-2022),Civilians (Kenya),Kenya,Mandera,Mandera South,El Wak,2.8094,40.9358,3
KEN6806,2018-09-11,2018,Protests,Peaceful protest,Protesters (Kenya),,Kenya,Nairobi,Starehe,Nairobi,-1.283,36.817,0
KEN6747,2018-09-12,2018,Violence against civilians,Attack,Police Forces of Kenya (2013-2022),Civilians (Kenya),Kenya,Nairobi,Embakasi North,Nairobi - Embakasi North,-1.2517,36.8995,3
KEN6455,2018-09-08,2018,Strategic developments,Arrests,Police Forces of Kenya (2013-2022),Civilians (International),Kenya,Mombasa,Mvita,Mombasa,-4.0547,39.6636,0
KEN6804,2018-09-10,2018,Violence against civilians,Attack,Police Forces of Kenya (2013-2022),Civilians (Kenya),Kenya,Mombasa,Likoni,Mweza,-4.0753,39.6436,1
KEN21239,2018-09-12,2018,Violence against civilians,Attack,Pokot Ethnic Militia (Kenya),Civilians (Kenya),Kenya,Baringo,Baringo North,Tuluk,0.8279,35.8832,0
KEN6467,2018-09-13,2018,Battles,Armed clash,Kipsigi Ethnic Militia (Kenya),Ogiek Ethnic Militia (Kenya),Kenya,Nakuru,Molo,Ndoswa,-0.3333,35.8667,0
KEN6474,2018-09-13,2018,Riots,Mob violence,Rioters (Kenya),Civilians (Kenya),Kenya,Mandera,Mandera South,El Wak,2.8094,40.9358,2
KEN6624,2018-09-15,2018,Battles,Armed clash,Marsabit Communal Militia (Kenya),Marsabit Communal Militia (Kenya),Kenya,Marsabit,Saku,Marsabit,2.333,37.983,0
KEN6819,2018-09-18,2018,Protests,Peaceful protest,Protesters (Kenya),,Kenya,Kiambu,Githunguri,Mitahato,-1.0928,36.8412,0
KEN6820,2018-09-18,2018,Protests,Peaceful protest,Protesters (Kenya),,Kenya,Meru,Imenti North,Meru,0.05,37.65,0
KEN6817,2018-09-16,2018,Riots,Mob violence,Rioters (Kenya),Civilians (Kenya),Kenya,Kiambu,Limuru,Limuru,-1.1136,36.6421,1
KEN6816,2018-09-15,2018,Violence against civilians,Attack,Irobo Communal Militia (Kenya),Civilians (Kenya),Kenya,Kakamega,Shinyalu,Irobo,0.1907,34.7771,1
KEN6814,2018-09-13,2018,Riots,Mob violence,Rioters (Kenya),Civilians (Kenya),Kenya,Mombasa,Kisauni,Kisauni,-4.0333,39.6833,1
KEN6615,2018-09-16,2018,Strategic developments,Change to group/activity,Police Forces of Uganda (1986-),,Kenya,Migori,Nyatike,Migingo Island,-0.8827,33.9385,0
KEN6470,2018-09-14,2018,Violence against civilians,Attack,Al Shabaab,Civilians (Kenya),Kenya,Garissa,Ijara,Ijara,-1.5952,40.5144,2
KEN6465,2018-09-13,2018,Battles,Armed clash,Kipsigi Ethnic Militia (Kenya),Ogiek Ethnic Militia (Kenya),Kenya,Nakuru,Njoro,Mau Narok,-0.6,36,1
KEN10047,2018-09-16,2018,Violence against civilians,Attack,Unidentified Armed Group (Kenya),Civilians (Kenya),Kenya,Meru,Imenti North,Meru,0.05,37.65,0
KEN6468,2018-09-13,2018,Violence against civilians,Attack,Police Forces of Kenya (2013-2022),Civilians (Kenya),Kenya,Kisii,Nyaribari Chache,Kisii,-0.6833,34.7667,1
KEN6473,2018-09-13,2018,Riots,Violent demonstration,Police Forces of Kenya (2013-2022),Rioters (Kenya),Kenya,Mandera,Mandera South,El Wak,2.8094,40.9358,1
KEN6813,2018-09-13,2018,Battles,Armed clash,Unidentified Armed Group (Kenya),Police Forces of Kenya (2013-2022),Kenya,Mombasa,Kisauni,Kisauni,-4.0333,39.6833,1
KEN6815,2018-09-15,2018,Battles,Armed clash,Pokot Ethnic Militia (Kenya),Police Forces of Kenya (2013-2022),Kenya,Baringo,Baringo Central,Ramacha,0.4325,35.7877,0
KEN6818,2018-09-17,2018,Violence against civilians,Attack,Police Forces of Kenya (2013-2022),Civilians (Kenya),Kenya,Muranga,Kigumo,Kigumo,-0.8167,36.9833,1
KEN7344,2018-09-13,2018,Riots,Mob violence,Rioters (Kenya),Civilians (Kenya),Kenya,Kisii,Nyaribari Chache,Kisii,-0.6833,34.7667,3
KEN9611,2018-09-17,2018,Riots,Mob violence,Rioters (Kenya),Police Forces of Kenya (2013-2022),Kenya,Tharaka-Nithi,Tharaka North,Kathangachwe,-0.0889,38.1927,0
KEN6749,2018-09-18,2018,Violence against civilians,Attack,Unidentified Armed Group (Kenya),Civilians (Kenya),Kenya,Kisumu,Kisumu East,Nyamasaria,-0.1161,34.7837,0
KEN6668,2018-09-17,2018,Protests,Peaceful protest,Protesters (Kenya),,Kenya,Nakuru,Nakuru North,Nakuru,-0.2441,36.142,0
KEN12289,2018-09-15,2018,Violence against civilians,Abduction/forced disappearance,Unidentified Armed Group (Kenya),Civilians (Kenya),Kenya,Lamu,Lamu East,Kiunga,-1.741,41.492,0
KEN6667,2018-09-15,2018,Violence against civilians,Attack,Mungiki Militia,Civilians (Kenya),Kenya,Nairobi,Starehe,Nairobi,-1.283,36.817,1
KEN6748,2018-09-18,2018,Violence against civilians,Attack,Unidentified Armed Group (Kenya),Civilians (Kenya),Kenya,Nairobi,Starehe,Nairobi,-1.283,36.817,0
KEN6469,2018-09-14,2018,Battles,Armed clash,Police Forces of Kenya (2013-2022),Nessuit Communal Militia (Kenya),Kenya,Nakuru,Njoro,Nessuiet,-0.3898,35.8964,1
KEN6475,2018-09-14,2018,Strategic developments,Looting/property destruction,Unidentified Ethnic Militia (Kenya),,Kenya,Nakuru,Njoro,Nessuiet,-0.3898,35.8964,0
KEN6476,2018-09-14,2018,Violence against civilians,Attack,Unidentified Armed Group (Kenya),Civilians (Kenya),Kenya,Nakuru,Njoro,Nessuiet,-0.3898,35.8964,1
KEN6477,2018-09-14,2018,Violence against civilians,Attack,Police Forces of Kenya (2013-2022),Civilians (Kenya),Kenya,Nakuru,Njoro,Nessuiet,-0.3898,35.8964,3
KEN6479,2018-09-20,2018,Violence against civilians,Attack,Marakwet Ethnic Militia (Kenya),Civilians (Kenya),Kenya,Baringo,Tiaty,Ngoron,1.3366,35.7639,3
KEN6824,2018-09-22,2018,Protests,Peaceful protest,Protesters (Kenya),,Kenya,Samburu,Samburu Central,Maralal,1.0968,36.698,0
KEN6822,2018-09-20,2018,Violence against civilians,Attack,Kerio Communal Militia (Kenya),Civilians (Kenya),Kenya,Turkana,Turkana Central,Kerio,2.9833,36.1167,3
KEN6673,2018-09-23,2018,Battles,Armed clash,Kipsigi Ethnic Militia (Kenya),Maasai Ethnic Militia (Kenya),Kenya,Narok,Narok North,Olpusimoru,-0.6581,35.7328,0
KEN6756,2018-09-23,2018,Protests,Peaceful protest,Protesters (Kenya),,Kenya,Nakuru,Naivasha,Mai Mahiu,-0.9838,36.5899,0
KEN6755,2018-09-21,2018,Violence against civilians,Attack,Somali Ethnic Militia (Kenya),Civilians (Kenya),Kenya,Kitui,Kitui East,Muthungue,-1.5049,38.4452,1
KEN10345,2018-09-21,2018,Riots,Mob violence,Rioters (Kenya),Civilians (Kenya),Kenya,Nakuru,Kuresoi North,Kamara,-0.09,35.6678,1
KEN6754,2018-09-21,2018,Violence against civilians,Attack,Unidentified Armed Group (Kenya),Civilians (Kenya),Kenya,Migori,Kuria East,Kuria East,-1.2437,34.5957,1
KEN6750,2018-09-19,2018,Violence against civilians,Attack,Unidentified Armed Group (Kenya),Civilians (Kenya),Kenya,Kisumu,Kisumu East,Nyamasaria,-0.1161,34.7837,0
KEN6669,2018-09-19,2018,Protests,Peaceful protest,Protesters (Kenya),,Kenya,Kakamega,Mumias West,Mumias,0.3351,34.4864,0
KEN6752,2018-09-21,2018,Violence against civilians,Attack,Police Forces of Kenya (2013-2022),Civilians (Kenya),Kenya,Nairobi,Embakasi North,Nairobi - Embakasi North,-1.2517,36.8995,1
KEN6753,2018-09-21,2018,Riots,Violent demonstration,Rioters (Kenya),Police Forces of Kenya (2013-2022),Kenya,Nairobi,Embakasi North,Nairobi - Embakasi North,-1.2517,36.8995,0
KEN6821,2018-09-19,2018,Violence against civilians,Attack,Police Forces of Kenya (2013-2022),Civilians (Kenya),Kenya,Nairobi,Embakasi North,Nairobi - Embakasi North,-1.2517,36.8995,3
KEN6823,2018-09-21,2018,Riots,Violent demonstration,Rioters (Kenya),,Kenya,Nairobi,Embakasi North,Nairobi - Embakasi North,-1.2517,36.8995,0
KEN6478,2018-09-19,2018,Protests,Protest with intervention,Protesters (Kenya),Police Forces of Kenya (2013-2022),Kenya,Mombasa,Jomvu,Jomvu,-3.985,39.614,0
KEN6751,2018-09-20,2018,Strategic developments,Looting/property destruction,Unidentified Armed Group (Kenya),Civilians (Kenya),Kenya,Nakuru,Njoro,Nessuiet,-0.3898,35.8964,0
KEN6614,2018-09-27,2018,Violence against civilians,Attack,Unidentified Armed Group (Kenya),Civilians (Kenya),Kenya,Turkana,Turkana East,Lokori,1.9516,36.0358,2
KEN10285,2018-09-27,2018,Protests,Peaceful protest,Protesters (Kenya),,Kenya,Turkana,Turkana South,Lokichar,2.3833,35.65,0
KEN6609,2018-09-24,2018,Battles,Armed clash,Al Shabaab,Military Forces of Kenya (2013-2022),Kenya,Lamu,Lamu West,Pandanguo,-2.2347,40.4778,10
KEN6825,2018-09-26,2018,Explosions/Remote violence,Remote explosive/landmine/IED,Military Forces of Kenya (2013-2022),Civilians (Kenya),Kenya,West Pokot,Pokot North,Nakuyen,1.4416,34.9099,2
KEN6675,2018-09-26,2018,Protests,Protest with intervention,Protesters (Kenya),Police Forces of Kenya (2013-2022),Kenya,Machakos,Machakos,Machakos,-1.5167,37.2667,0
KEN6674,2018-09-25,2018,Protests,Protest with intervention,Protesters (Kenya),Police Forces of Kenya (2013-2022),Kenya,Machakos,Machakos,Machakos,-1.5167,37.2667,0
KEN6670,2018-09-24,2018,Battles,Armed clash,Military Forces of Kenya (2013-2022),Al Shabaab,Kenya,Lamu,Lamu West,Lamu,-2.2717,40.902,10
KEN6671,2018-09-24,2018,Protests,Protest with intervention,Protesters (Kenya),Police Forces of Kenya (2013-2022),Kenya,Machakos,Machakos,Machakos,-1.5167,37.2667,0
KEN6676,2018-09-27,2018,Protests,Peaceful protest,Protesters (Kenya),,Kenya,Nairobi,Starehe,Nairobi,-1.283,36.817,0
KEN6611,2018-09-25,2018,Riots,Violent demonstration,Rioters (Kenya),Police Forces of Kenya (2013-2022),Kenya,Nairobi,Roysambu,Nairobi - Roysambu,-1.2067,36.8888,0
KEN6613,2018-09-27,2018,Violence against civilians,Attack,Military Forces of Kenya (2013-2022),Civilians (Kenya),Kenya,Mandera,Mandera South,Daba Siti,2.6106,40.8863,0
KEN6612,2018-09-26,2018,Explosions/Remote violence,Remote explosive/landmine/IED,Unidentified Armed Group (Kenya),Military Forces of Kenya (2013-2022),Kenya,Mandera,Mandera South,Daba Siti,2.6106,40.8863,0
KEN6610,2018-09-25,2018,Battles,Armed clash,Al Shabaab,Military Forces of Kenya (2013-2022),Kenya,Lamu,Lamu East,Kiwayu,-2.012,41.27,1
KEN6672,2018-09-25,2018,Battles,Armed clash,Al Shabaab,Military Forces of Kenya (2013-2022),Kenya,Lamu,Lamu West,Lamu,-2.2717,40.902,13
KEN10492,2018-10-02,2018,Protests,Peaceful protest,Protesters (Kenya),,Kenya,Busia,Teso North,Malaba,0.6346,34.2756,0
KEN10788,2018-10-02,2018,Protests,Peaceful protest,Protesters (Kenya),,Kenya,Nakuru,Naivasha,Naivasha,-0.7202,36.4285,0
KEN10647,2018-10-01,2018,Violence against civilians,Attack,Military Forces of Kenya (2013-2022),Civilians (Kenya),Kenya,Mandera,Mandera South,El Wak,2.8094,40.9358,1
KEN6616,2018-10-01,2018,Battles,Armed clash,Police Forces of Kenya (2013-2022),Unidentified Armed Group (Kenya),Kenya,Kiambu,Thika Town,Thika,-1.05,37.0833,6
KEN6618,2018-10-02,2018,Violence against civilians,Attack,Police Forces of Kenya (2013-2022),Civilians (Kenya),Kenya,Homa Bay,Homa Bay Town,Homa Bay,-0.5273,34.4571,0
KEN6620,2018-10-02,2018,Violence against civilians,Attack,Military Forces of Kenya (2013-2022),Civilians (Kenya),Kenya,Mandera,Mandera East,Mandera,3.9357,41.8542,0
KEN6617,2018-10-02,2018,Explosions/Remote violence,Shelling/artillery/missile attack,Al Shabaab,Military Forces of Kenya (2013-2022),Kenya,Lamu,Lamu East,Mararani,-1.7027,41.3019,0
KEN6677,2018-09-29,2018,Protests,Peaceful protest,Protesters (Kenya),,Kenya,Mombasa,Jomvu,Jomvu,-3.985,39.614,0
KEN6619,2018-10-02,2018,Riots,Violent demonstration,Rioters (Kenya),Police Forces of Kenya (2013-2022),Kenya,Homa Bay,Homa Bay Town,Homa Bay,-0.5273,34.4571,0
KEN10275,2018-09-29,2018,Riots,Mob violence,Rioters (Kenya),Police Forces of Kenya (2013-2022),Kenya,Muranga,Kigumo,Kangare,-0.7833,36.8667,0
KEN6627,2018-10-08,2018,Protests,Peaceful protest,Protesters (Kenya),,Kenya,Narok,Narok South,Maji Moto,-1.3379,35.7094,0
KEN6630,2018-10-09,2018,Protests,Peaceful protest,Protesters (Kenya),,Kenya,Trans Nzoia,Cherangany,Tunen,0.9581,35.1618,0
KEN6628,2018-10-08,2018,Protests,Peaceful protest,Protesters (Kenya),,Kenya,Narok,Narok West,Maasai Mara Game Reserve,-1.49,35.1439,0
KEN6826,2018-10-05,2018,Protests,Peaceful protest,Protesters (Kenya),,Kenya,Kirinyaga,Kirinyaga South,Kutus,-0.5753,37.3269,0
KEN6631,2018-10-09,2018,Violence against civilians,Abduction/forced disappearance,Unidentified Armed Group (Kenya),Civilians (Kenya),Kenya,Tharaka-Nithi,Tharaka South,Kathwana,-0.1282,37.9358,0
KEN6629,2018-10-08,2018,Strategic developments,Agreement,Pokot Ethnic Militia (Kenya),Marakwet Ethnic Militia (Kenya),Kenya,West Pokot,Pokot Central,Sigor,1.4845,35.4717,0
KEN6625,2018-10-07,2018,Violence against civilians,Attack,Nakuru Communal Militia (Kenya),Civilians (Kenya),Kenya,Nakuru,Njoro,Mauche,-0.5083,35.9752,1
KEN6622,2018-10-06,2018,Protests,Peaceful protest,Protesters (Kenya),,Kenya,Kericho,Belgut,Kabianga,-0.4457,35.1382,0
KEN10084,2018-10-08,2018,Protests,Peaceful protest,Protesters (Kenya),,Kenya,Nyeri,Nyeri Central,Nyeri,-0.4167,36.95,0
KEN10230,2018-10-09,2018,Riots,Mob violence,Rioters (Kenya),,Kenya,Kiambu,Thika Town,Thika,-1.05,37.0833,0
KEN6621,2018-10-05,2018,Riots,Violent demonstration,Rioters (Kenya),Police Forces of Kenya (2013-2022),Kenya,Nakuru,Gilgil,Gilgil,-0.4897,36.312,0
KEN6632,2018-10-09,2018,Violence against civilians,Attack,Police Forces of Kenya (2013-2022) Prison Guards,Civilians (Kenya),Kenya,Nyeri,Nyeri Central,Nyeri,-0.4167,36.95,0
KEN6642,2018-10-09,2018,Riots,Mob violence,Rioters (Kenya),,Kenya,Nairobi,Starehe,Nairobi,-1.283,36.817,0
KEN6626,2018-10-07,2018,Riots,Mob violence,Rioters (Kenya),Civilians (Kenya),Kenya,Mombasa,Mvita,Mombasa,-4.0547,39.6636,2
KEN21124,2018-10-08,2018,Riots,Mob violence,Rioters (Kenya),Civilians (Kenya),Kenya,Kwale,Kinango,Gandini,-4.0333,39.4666,1
KEN6828,2018-10-12,2018,Riots,Mob violence,Rioters (Kenya),Civilians (Kenya),Kenya,Kericho,Belgut,Kiptule,-0.4007,35.1722,2
KEN6827,2018-10-11,2018,Protests,Peaceful protest,Protesters (Kenya),,Kenya,Kilifi,Kilifi South,Jumba Ruins,-3.9441,39.7715,0
KEN6636,2018-10-12,2018,Battles,Armed clash,Maasai Ethnic Militia (Kenya),Private Security Forces (South Africa),Kenya,Narok,Narok South,Maji Moto,-1.3379,35.7094,0
KEN6635,2018-10-11,2018,Violence against civilians,Attack,Unidentified Ethnic Militia (Kenya),Civilians (Kenya),Kenya,West Pokot,Pokot Central,Sigor,1.4845,35.4717,2
KEN6638,2018-10-12,2018,Battles,Armed clash,Marsabit Communal Militia (Kenya),Marsabit Communal Militia (Kenya),Kenya,Marsabit,Saku,Marsabit,2.333,37.983,4
KEN6634,2018-10-11,2018,Protests,Peaceful protest,Protesters (Kenya),,Kenya,Nairobi,Starehe,Nairobi,-1.283,36.817,0
KEN6637,2018-10-12,2018,Protests,Peaceful protest,Protesters (Kenya),,Kenya,Mombasa,Mvita,Mombasa,-4.0547,39.6636,0
KEN6633,2018-10-10,2018,Battles,Armed clash,Al Shabaab,Police Forces of Kenya (2013-2022) National Police Reservists,Kenya,Mandera,Mandera East,Arabia,3.5254,41.4991,2
KEN6643,2018-10-17,2018,Battles,Armed clash,Marsabit Communal Militia (Kenya),Marsabit Communal Militia (Kenya),Kenya,Marsabit,North Horr,Jaldesa,4.1935,37.0775,2
KEN6648,2018-10-17,2018,Battles,Armed clash,Marsabit Communal Militia (Kenya),Marsabit Communal Militia (Kenya),Kenya,Marsabit,Saku,Marsabit,2.333,37.983,8
KEN6644,2018-10-17,2018,Protests,Protest with intervention,Protesters (Kenya),Police Forces of Kenya (2013-2022),Kenya,Machakos,Machakos,Machakos,-1.5167,37.2667,0
KEN6639,2018-10-16,2018,Strategic developments,Arrests,Police Forces of Kenya (2013-2022),Civilians (Kenya),Kenya,Kwale,Kinango,Kisiwani,-3.9488,39.4101,0
KEN6640,2018-10-16,2018,Protests,Protest with intervention,Protesters (Kenya),Police Forces of Kenya (2013-2022),Kenya,Kwale,Kinango,Kisiwani,-3.9488,39.4101,0
KEN6641,2018-10-16,2018,Explosions/Remote violence,Remote explosive/landmine/IED,Al Shabaab,Military Forces of Kenya (2013-2022),Kenya,Mandera,Lafey,Fino,3.3711,41.4468,0
KEN6649,2018-10-19,2018,Battles,Armed clash,Police Forces of Kenya (2013-2022),Unidentified Armed Group (Kenya),Kenya,Nairobi,Embakasi Central,Nairobi - Embakasi Central,-1.268,36.9148,1
KEN6650,2018-10-19,2018,Strategic developments,Arrests,Police Forces of Kenya (2013-2022),Civilians (Kenya),Kenya,Nairobi,Embakasi Central,Nairobi - Embakasi Central,-1.268,36.9148,0
KEN6911,2018-10-23,2018,Violence against civilians,Attack,Unidentified Armed Group (Kenya),Civilians (Kenya),Kenya,Kisumu,Kisumu Central,Kisumu,-0.1,34.75,0
KEN6652,2018-10-21,2018,Violence against civilians,Attack,Turkana Ethnic Militia (Kenya),Civilians (Kenya),Kenya,Baringo,Tiaty,Kapedo,1.1692,36.0955,4
KEN6654,2018-10-24,2018,Protests,Peaceful protest,Protesters (Kenya),,Kenya,Machakos,Machakos,Machakos,-1.5167,37.2667,0
KEN6653,2018-10-24,2018,Protests,Protest with intervention,Protesters (Kenya),Police Forces of Kenya (2013-2022),Kenya,Kericho,Bureti,Litein,-0.5833,35.1833,0
KEN6651,2018-10-22,2018,Protests,Peaceful protest,Protesters (Kenya),,Kenya,Homa Bay,Mbita,Mbita,-0.4166,34.2,0
KEN21166,2018-10-24,2018,Riots,Mob violence,Rioters (Kenya),Civilians (Kenya),Kenya,Nakuru,Kuresoi South,Saptet,-0.4257,35.6902,0
KEN6662,2018-10-30,2018,Violence against civilians,Attack,Unidentified Communal Militia (Kenya),Civilians (Kenya),Kenya,Laikipia,Laikipia North,Ol Moran,0.4599,36.7556,1
KEN6661,2018-10-30,2018,Violence against civilians,Sexual violence,Unidentified Armed Group (Kenya),Civilians (Kenya),Kenya,Kakamega,Ikolomani,Bushiangala,0.1833,34.6833,0
KEN6660,2018-10-29,2018,Riots,Violent demonstration,Rioters (Kenya),Police Forces of Kenya (2013-2022),Kenya,Vihiga,Hamisi,Kaimosi,0.1266,34.8466,0
KEN6659,2018-10-28,2018,Riots,Mob violence,Rioters (Kenya),,Kenya,Bomet,Bomet East,Bomet,-0.7833,35.35,0
KEN6657,2018-10-28,2018,Violence against civilians,Sexual violence,Unidentified Armed Group (Kenya),Civilians (Kenya),Kenya,Nairobi,Embakasi North,Nairobi - Embakasi North,-1.2517,36.8995,0
KEN6658,2018-10-28,2018,Battles,Armed clash,Police Forces of Kenya (2013-2022),Unidentified Armed Group (Kenya),Kenya,Nairobi,Embakasi North,Nairobi - Embakasi North,-1.2517,36.8995,6
KEN6655,2018-10-25,2018,Protests,Peaceful protest,Protesters (Kenya),,Kenya,Trans Nzoia,Endebess,Chepchoina,1.2028,34.8114,0
KEN6656,2018-10-26,2018,Battles,Armed clash,Police Forces of Kenya (2013-2022),Unidentified Armed Group (Kenya),Kenya,Nairobi,Mathare,Nairobi - Mathare,-1.2604,36.8607,1
KEN6680,2018-11-04,2018,Battles,Armed clash,Lagdera Communal Militia (Kenya),Uchana Communal Militia (Kenya),Kenya,Garissa,Lagdera,Mado Gashi,0.7305,39.1724,0
KEN6665,2018-11-02,2018,Battles,Armed clash,Maasai Ethnic Militia (Kenya),Maasai Ethnic Militia (Kenya),Kenya,Narok,Transmara West,Trans Mara,-1.169,34.889,0
KEN6666,2018-11-02,2018,Protests,Peaceful protest,Protesters (Kenya),,Kenya,Kakamega,Butere,Butere,0.2064,34.4935,0
KEN6678,2018-11-02,2018,Battles,Armed clash,Police Forces of Kenya (2013-2022) Prison Guards,Police Forces of Kenya (2013-2022) Prison Guards,Kenya,Kilifi,Malindi,Malindi,-3.22,40.12,0
KEN6663,2018-10-31,2018,Protests,Peaceful protest,Protesters (Kenya),,Kenya,Kakamega,Lurambi,Kakamega,0.2833,34.7384,0
KEN6664,2018-10-31,2018,Battles,Armed clash,Unidentified Communal Militia (Kenya),Police Forces of Kenya (2013-2022),Kenya,Elgeyo Marakwet,Marakwet West,Elegeyo-Marakwet,0.99,35.55,1
KEN10404,2018-11-04,2018,Riots,Violent demonstration,Rioters (Kenya),Police Forces of Kenya (2013-2022) General Service Unit,Kenya,Kisumu,Kisumu West,Maseno,-0.0042,34.6095,0
KEN6679,2018-11-03,2018,Battles,Armed clash,Lagdera Communal Militia (Kenya),Uchana Communal Militia (Kenya),Kenya,Isiolo,Garbatulla,Garbatulla,0.5333,38.52,2
KEN6681,2018-11-04,2018,Violence against civilians,Attack,Lagdera Communal Militia (Kenya),Civilians (Kenya),Kenya,Isiolo,Garbatulla,Garbatulla,0.5333,38.52,0
KEN10473,2018-11-05,2018,Riots,Mob violence,Rioters (Kenya),Civilians (Kenya),Kenya,Tharaka-Nithi,Chuka,Chuka,-0.3333,37.65,1
KEN6690,2018-11-08,2018,Battles,Armed clash,Matan Clan Militia (Kenya),Geledle Clan Militia (Kenya),Kenya,Wajir,Wajir East,Wajir,1.75,40.06,3
KEN6688,2018-11-07,2018,Battles,Armed clash,Matan Clan Militia (Kenya),Geledle Clan Militia (Kenya),Kenya,Wajir,Wajir North,Kara Agarsu,2.9893,39.744,1
KEN6689,2018-11-07,2018,Battles,Armed clash,Turkana Ethnic Militia (Kenya),Police Forces of Kenya (2013-2022),Kenya,Isiolo,Isiolo,Isiolo,0.3546,37.5822,3
KEN6687,2018-11-06,2018,Protests,Peaceful protest,Protesters (Kenya),,Kenya,Kericho,Kipkelion West,Kabirer,-0.1198,35.4005,0
KEN6683,2018-11-06,2018,Battles,Armed clash,Lagdera Communal Militia (Kenya),Uchana Communal Militia (Kenya),Kenya,Isiolo,Garbatulla,Janju,0.6834,39.0845,3
KEN6686,2018-11-06,2018,Riots,Mob violence,Rioters (Kenya),,Kenya,Nakuru,Naivasha,Naivasha,-0.7202,36.4285,0
KEN6684,2018-11-06,2018,Violence against civilians,Attack,Police Forces of Kenya (2013-2022),Civilians (Kenya),Kenya,Nakuru,Naivasha,Naivasha,-0.7202,36.4285,0
KEN6685,2018-11-06,2018,Violence against civilians,Attack,Police Forces of Kenya (2013-2022),Civilians (Kenya),Kenya,Kilifi,Magarini,Magarini,-3.0333,40.0666,0
KEN10331,2018-11-06,2018,Violence against civilians,Attack,Private Security Forces (Kenya),Civilians (Kenya),Kenya,Nairobi,Starehe,Nairobi,-1.283,36.817,0
KEN6693,2018-11-11,2018,Protests,Peaceful protest,Protesters (Kenya),,Kenya,Mombasa,Nyali,Nyali,-4.0525,39.6954,0
KEN6692,2018-11-11,2018,Protests,Peaceful protest,Protesters (Kenya),,Kenya,Mombasa,Kisauni,Kisauni,-4.0333,39.6833,0
KEN6694,2018-11-14,2018,Violence against civilians,Attack,KANU: Kenya African National Union,Civilians (Kenya),Kenya,Baringo,Baringo Central,Kabarnet,0.4919,35.743,0
KEN6691,2018-11-10,2018,Violence against civilians,Attack,Unidentified Armed Group (Kenya),Civilians (Kenya),Kenya,Garissa,Ijara,Masalani,-1.6947,40.1694,0
KEN6695,2018-11-14,2018,Strategic developments,Arrests,Police Forces of Kenya (2013-2022),Civilians (Kenya),Kenya,Nairobi,Starehe,Nairobi,-1.283,36.817,0
KEN6697,2018-11-12,2018,Violence against civilians,Attack,Unidentified Armed Group (Kenya),Civilians (Kenya),Kenya,Baringo,Baringo North,Bartabwa,0.8378,35.8099,1
KEN6704,2018-11-19,2018,Violence against civilians,Attack,Unidentified Armed Group (Kenya),Civilians (Kenya),Kenya,West Pokot,West Pokot,Kapenguria,1.2333,35.1167,1
KEN6702,2018-11-17,2018,Violence against civilians,Attack,Chemase Communal Militia (Kenya),Civilians (Kenya),Kenya,Nandi,Tinderet,Chemase,-0.0371,35.048,1
KEN10339,2018-11-19,2018,Riots,Mob violence,Rioters (Kenya),Civilians (Kenya),Kenya,Migori,Suna West,Migori,-1.0667,34.4667,3
KEN10358,2018-11-19,2018,Riots,Mob violence,Rioters (Kenya),Civilians (Kenya),Kenya,Migori,Uriri,Uriri,-0.9689,34.5083,0
KEN10497,2018-11-17,2018,Riots,Mob violence,Rioters (Kenya),Civilians (Kenya),Kenya,Nakuru,Naivasha,Naivasha,-0.7202,36.4285,1
KEN6696,2018-11-16,2018,Protests,Protest with intervention,Protesters (Kenya),Police Forces of Kenya (2013-2022),Kenya,Isiolo,Isiolo,Isiolo,0.3546,37.5822,0
KEN6705,2018-11-20,2018,Violence against civilians,Attack,Unidentified Armed Group (Kenya),Civilians (International),Kenya,Kilifi,Magarini,Chakama,-3.1305,39.6823,0
KEN6701,2018-11-16,2018,Battles,Armed clash,Marakwet Ethnic Militia (Kenya),Pokot Ethnic Militia (Kenya),Kenya,West Pokot,West Pokot,Kapenguria,1.2333,35.1167,2
KEN6699,2018-11-15,2018,Violence against civilians,Attack,Unidentified Armed Group (Kenya),Civilians (Kenya),Kenya,Elgeyo Marakwet,Marakwet East,Endo,1.2667,35.6167,1
KEN6698,2018-11-15,2018,Battles,Armed clash,Unidentified Armed Group (Kenya),Police Forces of Kenya (2013-2022),Kenya,Elgeyo Marakwet,Marakwet East,Endo,1.2667,35.6167,1
KEN6703,2018-11-19,2018,Battles,Armed clash,Police Forces of Kenya (2013-2022) Border Patrol Unit,Al Shabaab,Kenya,Garissa,Hulugho,Boni Forest,-1.5394,41.3314,1
KEN6700,2018-11-15,2018,Violence against civilians,Attack,Pokot Ethnic Militia (Kenya),Civilians (Kenya),Kenya,Baringo,Baringo North,Bartabwa,0.8378,35.8099,1
KEN20746,2018-11-15,2018,Violence against civilians,Attack,Turkana Ethnic Militia (Kenya),Civilians (Kenya),Kenya,Baringo,Tiaty,Kapedo,1.1692,36.0955,0
KEN21127,2018-11-20,2018,Riots,Mob violence,Rioters (Kenya),Civilians (Kenya),Kenya,Kwale,Kinango,Chikwakwani,-3.9901,39.3562,1
KEN9708,2018-11-21,2018,Protests,Peaceful protest,Protesters (Kenya),,Kenya,Trans Nzoia,Saboti,Kitale,1.0167,35,0
KEN9809,2018-11-22,2018,Protests,Peaceful protest,Protesters (Kenya),,Kenya,Bungoma,Kanduyi,Luyekhe,0.5088,34.5922,0
KEN10343,2018-11-23,2018,Riots,Mob violence,Rioters (Kenya),Civilians (Kenya),Kenya,Machakos,Athi River,Athi River,-1.45,36.9833,4
KEN10791,2018-11-22,2018,Protests,Peaceful protest,Protesters (Kenya),,Kenya,Samburu,Samburu East,Wamba,0.9802,37.3235,0
KEN6708,2018-11-23,2018,Riots,Mob violence,Rioters (Kenya),Rioters (Kenya),Kenya,Kitui,Kitui Central,Kitui,-1.3667,38.0167,0
KEN6712,2018-11-23,2018,Violence against civilians,Attack,Police Forces of Kenya (2013-2022),Civilians (Kenya),Kenya,Kiambu,Kiambaa,Thimbigua,-1.1833,36.7667,1
KEN6713,2018-11-23,2018,Violence against civilians,Attack,Police Forces of Kenya (2013-2022),Civilians (Kenya),Kenya,Mombasa,Kisauni,Kisauni,-4.0333,39.6833,0
KEN6707,2018-11-22,2018,Battles,Armed clash,Kapkeny Clan Militia (Kenya),Kabasiran Clan Militia (Kenya),Kenya,Elgeyo Marakwet,Marakwet East,Kapsowar,1.1,35.5575,1
KEN6706,2018-11-21,2018,Violence against civilians,Attack,Pokot Ethnic Militia (Kenya),Civilians (Kenya),Kenya,Elgeyo Marakwet,Marakwet East,Kipchumwa,1.2693,35.5557,0
KEN6714,2018-11-24,2018,Battles,Armed clash,Military Militia,Police Forces of Kenya (2013-2022),Kenya,Mombasa,Likoni,Likoni,-4.0839,39.6616,1
KEN6715,2018-11-24,2018,Violence against civilians,Attack,Military Militia,Civilians (Rwanda),Kenya,Mombasa,Likoni,Likoni,-4.0839,39.6616,1
KEN6711,2018-11-23,2018,Battles,Armed clash,Unidentified Armed Group (Kenya),Police Forces of Kenya (2013-2022),Kenya,Mombasa,Nyali,Ganjoni,-4.0644,39.6607,0
KEN10061,2018-11-29,2018,Protests,Peaceful protest,Protesters (Kenya),,Kenya,Kilifi,Rabai,Mbungoni,-3.85,39.6333,0
KEN6723,2018-11-30,2018,Riots,Mob violence,Rioters (Kenya),Rioters (Kenya),Kenya,Bungoma,Kanduyi,Bungoma,0.5635,34.5606,0
KEN6721,2018-11-29,2018,Protests,Peaceful protest,Protesters (Kenya),,Kenya,Taita Taveta,Taveta,Taveta,-3.3988,37.6834,0
KEN6722,2018-11-29,2018,Riots,Violent demonstration,Rioters (Kenya),Police Forces of Kenya (2013-2022),Kenya,Kericho,Ainamoi,Kericho,-0.3677,35.2831,0
KEN6725,2018-11-28,2018,Violence against civilians,Attack,Unidentified Communal Militia (Kenya),Civilians (Kenya),Kenya,Nakuru,Rongai,Banita,-0.118,36.0756,0
KEN6724,2018-11-28,2018,Violence against civilians,Attack,Pokot Ethnic Militia (Kenya),Civilians (Kenya),Kenya,Turkana,Kibish,Kaakong,4.354,35.524,1
KEN6719,2018-11-28,2018,Violence against civilians,Attack,Unidentified Armed Group (Kenya),Civilians (Kenya),Kenya,Wajir,Wajir North,Gambela,3.28,39.37,1
KEN6717,2018-11-27,2018,Battles,Armed clash,Unidentified Armed Group (Kenya),Police Forces of Kenya (2013-2022),Kenya,Nakuru,Nakuru North,Nakuru,-0.2441,36.142,2
KEN6718,2018-11-27,2018,Riots,Violent demonstration,Rioters (Kenya),Police Forces of Kenya (2013-2022),Kenya,Uasin Gishu,Kesses,Moi University,0.2821,35.2946,0
KEN6716,2018-11-26,2018,Protests,Protest with intervention,Protesters (Kenya),Police Forces of Kenya (2013-2022),Kenya,Meru,Tigania East,Kiguchwa,0.15,37.85,0
KEN10405,2018-11-27,2018,Protests,Excessive force against protesters,Protesters (Kenya),Police Forces of Kenya (2013-2022) General Service Unit,Kenya,Uasin Gishu,Moiben,Eldoret,0.5167,35.2833,0
KEN6720,2018-11-29,2018,Battles,Armed clash,Police Forces of Kenya (2013-2022),Police Forces of Kenya (2013-2022),Kenya,Nairobi,Starehe,Nairobi,-1.283,36.817,0
KEN10797,2018-12-05,2018,Protests,Peaceful protest,Protesters (Kenya),,Kenya,Samburu,Samburu East,Wamba,0.9802,37.3235,0
KEN6727,2018-12-05,2018,Violence against civilians,Attack,Unidentified Communal Militia (Kenya),Civilians (Kenya),Kenya,Elgeyo Marakwet,Marakwet West,Elegeyo-Marakwet,0.99,35.55,0
KEN6728,2018-12-05,2018,Violence against civilians,Attack,Unidentified Armed Group (Kenya),Civilians (Kenya),Kenya,Turkana,Turkana South,Lokichar,2.3833,35.65,1
KEN6729,2018-12-05,2018,Riots,Mob violence,Rioters (Kenya),Police Forces of Kenya (2013-2022),Kenya,Lamu,Lamu West,Lamu,-2.2717,40.902,0
KEN6726,2018-12-03,2018,Riots,Violent demonstration,Rioters (Kenya),Police Forces of Kenya (2013-2022),Kenya,Mombasa,Mvita,Mombasa,-4.0547,39.6636,0
KEN10639,2018-12-10,2018,Strategic developments,Agreement,Pokot Ethnic Militia (Kenya),Turkana Ethnic Militia (Kenya),Kenya,Turkana,Turkana South,Kainuk,1.7745,35.506,0
KEN6736,2018-12-10,2018,Violence against civilians,Attack,Unidentified Armed Group (Kenya),Civilians (Kenya),Kenya,Kiambu,Kiambu Town,Kiambu,-1.1667,36.8333,1
KEN6734,2018-12-08,2018,Battles,Armed clash,Unidentified Armed Group (Kenya),Private Security Forces (Kenya),Kenya,Mandera,Mandera East,Mandera,3.9357,41.8542,1
KEN6733,2018-12-08,2018,Explosions/Remote violence,Remote explosive/landmine/IED,Al Shabaab,Civilians (Kenya),Kenya,Lamu,Lamu East,Sankuri,-1.7169,41.372,0
KEN6732,2018-12-07,2018,Riots,Violent demonstration,Rioters (Kenya),Police Forces of Kenya (2013-2022),Kenya,Taita Taveta,Voi,Voi,-3.3961,38.5561,0
KEN6730,2018-12-06,2018,Violence against civilians,Attack,Pokot Ethnic Militia (Kenya),Civilians (Kenya),Kenya,Turkana,Loima,Kapelbok,3.0021,35.5322,2
KEN6731,2018-12-06,2018,Battles,Armed clash,Police Forces of Kenya (2013-2022),Unidentified Armed Group (Kenya),Kenya,Nairobi,Embakasi Central,Nairobi - Embakasi Central,-1.268,36.9148,1
KEN6735,2018-12-10,2018,Battles,Armed clash,Lou Clan Militia (South Sudan),Lou Clan Militia (South Sudan),Kenya,Turkana,Turkana West,Kakuma Refugee Camp,3.7524,34.8301,2
KEN6745,2018-12-14,2018,Violence against civilians,Attack,Police Forces of Kenya (2013-2022),Civilians (Kenya),Kenya,Mandera,Mandera East,Mandera,3.9357,41.8542,0
KEN6741,2018-12-13,2018,Riots,Mob violence,Rioters (Kenya),Unidentified Armed Group (Kenya),Kenya,Vihiga,Vihiga,Kegoye,0.0667,34.7333,1
KEN6742,2018-12-13,2018,Riots,Violent demonstration,Rioters (Kenya),Police Forces of Kenya (2013-2022),Kenya,Kitui,Kitui Central,Kitui,-1.3667,38.0167,0
KEN6739,2018-12-12,2018,Battles,Armed clash,Unidentified Armed Group (Kenya),Private Security Forces (Kenya),Kenya,Mombasa,Nyali,Nyali,-4.0525,39.6954,1
KEN6737,2018-12-11,2018,Violence against civilians,Attack,Unidentified Armed Group (Kenya),Civilians (Kenya),Kenya,Vihiga,Vihiga,Rambara,0.0667,34.7,0
KEN6740,2018-12-13,2018,Battles,Armed clash,Police Forces of Kenya (2013-2022) Rapid Deployment Unit,Police Forces of Kenya (2013-2022),Kenya,Mandera,Mandera East,Mandera,3.9357,41.8542,0
KEN6738,2018-12-11,2018,Protests,Excessive force against protesters,Protesters (Kenya),Rioters (Kenya),Kenya,Turkana,Turkana West,Kakuma Refugee Camp,3.7524,34.8301,0
KEN7936,2018-12-11,2018,Protests,Protest with intervention,Protesters (International),Rioters (International),Kenya,Turkana,Turkana West,Kakuma Refugee Camp,3.7524,34.8301,0
KEN6743,2018-12-14,2018,Battles,Armed clash,Kipsigi Ethnic Militia (Kenya),Maasai Ethnic Militia (Kenya),Kenya,Narok,Narok South,Olololunga,-1.003,35.664,1
KEN6744,2018-12-14,2018,Battles,Armed clash,Kipsigi Ethnic Militia (Kenya),Maasai Ethnic Militia (Kenya),Kenya,Narok,Narok South,Nkoben,-0.9,35.6167,0
KEN6761,2018-12-20,2018,Violence against civilians,Sexual violence,Unidentified Armed Group (Kenya),Civilians (Kenya),Kenya,Embu,Mbeere North,Siakago,-0.5833,37.6333,0
KEN6757,2018-12-16,2018,Riots,Mob violence,Police Forces of Kenya (2013-2022),Rioters (Kenya),Kenya,Trans Nzoia,Kwanza,Kwanza,1.1684,34.9926,5
KEN6758,2018-12-17,2018,Battles,Armed clash,Military Forces of Kenya (2013-2022),Al Shabaab,Kenya,Lamu,Lamu West,Bodhei,-1.8563,40.7166,0
KEN6759,2018-12-18,2018,Protests,Peaceful protest,Protesters (Kenya),,Kenya,Nairobi,Embakasi Central,Nairobi - Embakasi Central,-1.268,36.9148,0
KEN6760,2018-12-19,2018,Protests,Peaceful protest,Protesters (Kenya),,Kenya,Nairobi,Embakasi Central,Nairobi - Embakasi Central,-1.268,36.9148,0
KEN10172,2018-12-19,2018,Riots,Mob violence,Rioters (Kenya),Civilians (Kenya),Kenya,Migori,Kuria East,Kegonga,-1.25,34.65,0
KEN6763,2018-12-24,2018,Riots,Mob violence,Rioters (Kenya),Civilians (Kenya),Kenya,Embu,Manyatta,Manyatta,-0.4307,37.4803,1
KEN6765,2018-12-25,2018,Battles,Armed clash,Al Shabaab,Police Forces of Kenya (2013-2022),Kenya,Mandera,Mandera East,Mandera,3.9357,41.8542,2
KEN6766,2018-12-25,2018,Explosions/Remote violence,Grenade,Unidentified Armed Group (Kenya),Police Forces of Kenya (2013-2022) Border Patrol Unit,Kenya,Mandera,Mandera East,Mandera,3.9357,41.8542,0
KEN6762,2018-12-22,2018,Violence against civilians,Attack,Police Forces of Kenya (2013-2022),Civilians (Kenya),Kenya,Nairobi,Kibra,Nairobi - Kibra,-1.3061,36.7857,1
KEN6764,2018-12-25,2018,Violence against civilians,Attack,Unidentified Armed Group (Kenya),Civilians (Kenya),Kenya,Siaya,Bondo,Bondo,-0.1003,34.2729,1
KEN6770,2018-12-29,2018,Explosions/Remote violence,Remote explosive/landmine/IED,Unidentified Armed Group (Kenya),Civilians (Kenya),Kenya,Kwale,Kinango,Silaloni,-3.6169,39.2869,2
KEN6767,2018-12-27,2018,Protests,Excessive force against protesters,Protesters (Kenya),Police Forces of Kenya (2013-2022),Kenya,Bungoma,Kanduyi,Bungoma,0.5635,34.5606,0
KEN6768,2018-12-27,2018,Protests,Protest with intervention,Protesters (Kenya),Police Forces of Kenya (2013-2022),Kenya,Nairobi,Kibra,Nairobi - Kibra,-1.3061,36.7857,0
KEN6769,2018-12-28,2018,Riots,Mob violence,Rioters (Kenya),Civilians (Kenya),Kenya,Mombasa,Likoni,Likoni,-4.0839,39.6616,2
KEN14460,2018-12-26,2018,Violence against civilians,Attack,Police Forces of Kenya (2013-2022),Civilians (Kenya),Kenya,Bungoma,Sirisia,Butonge,0.7121,34.4671,1
KEN6776,2019-01-05,2019,Protests,Peaceful protest,Protesters (Kenya),,Kenya,Kajiado,Kajiado Central,Kajiado,-1.85,36.7833,0
KEN6774,2019-01-03,2019,Protests,Peaceful protest,Protesters (Kenya),,Kenya,Homa Bay,Homa Bay Town,Homa Bay,-0.5273,34.4571,0
KEN6771,2019-01-01,2019,Protests,Peaceful protest,Protesters (Kenya),,Kenya,Homa Bay,Karachuonyo,Kendu Bay,-0.3589,34.6492,0
KEN10677,2019-01-05,2019,Riots,Mob violence,Rioters (Kenya),Civilians (Kenya),Kenya,Kilifi,Kilifi North,Kilifi,-3.633,39.85,0
KEN6775,2019-01-05,2019,Protests,Peaceful protest,Protesters (Kenya),,Kenya,Nairobi,Roysambu,Nairobi - Roysambu,-1.2067,36.8888,0
KEN6772,2019-01-01,2019,Violence against civilians,Attack,Police Forces of Kenya (2013-2022),Civilians (Ethiopia),Kenya,Mombasa,Mvita,Mombasa,-4.0547,39.6636,1
KEN6773,2019-01-02,2019,Violence against civilians,Attack,Unidentified Armed Group (Kenya),Civilians (Kenya),Kenya,Bungoma,Kanduyi,Kanduyi,0.5851,34.5588,1
KEN20747,2019-01-02,2019,Violence against civilians,Attack,Pokot Ethnic Militia (Kenya),Civilians (Kenya),Kenya,Baringo,Baringo North,Yatya,0.7879,35.9108,0
KEN9718,2019-01-08,2019,Protests,Peaceful protest,Protesters (Kenya),,Kenya,Tharaka-Nithi,Chuka,Mwonge,-0.3628,37.6457,0
KEN10377,2019-01-10,2019,Riots,Mob violence,Rioters (Kenya),Civilians (Kenya),Kenya,Kiambu,Lari,Gatamaiyu,-1,36.7333,1
KEN6777,2019-01-09,2019,Protests,Peaceful protest,Protesters (Kenya),,Kenya,Uasin Gishu,Moiben,Eldoret,0.5167,35.2833,0
KEN6778,2019-01-09,2019,Protests,Protest with intervention,Protesters (Kenya),Police Forces of Kenya (2013-2022),Kenya,Makueni,Makueni,Wote,-1.7808,37.6288,0
KEN20748,2019-01-07,2019,Violence against civilians,Attack,Marakwet Ethnic Militia (Kenya),Civilians (Kenya),Kenya,Baringo,Tiaty,Kolowa,1.1833,35.7333,1
KEN21038,2019-01-06,2019,Riots,Mob violence,Rioters (Kenya),Civilians (Kenya),Kenya,Nairobi,Embakasi East,Nairobi - Embakasi East,-1.2999,36.9333,4
KEN6779,2019-01-11,2019,Violence against civilians,Attack,Unidentified Armed Group (Kenya),Civilians (Kenya),Kenya,Bomet,Konoin,Maemba Village,-0.5,35.25,1
KEN6781,2019-01-14,2019,Protests,Peaceful protest,Protesters (Kenya),,Kenya,Kisumu,Kisumu Central,Kisumu,-0.1,34.75,0
KEN6782,2019-01-15,2019,Riots,Violent demonstration,Rioters (Kenya),,Kenya,Nyeri,Nyeri Central,Nyeri,-0.4167,36.95,0
KEN10503,2019-01-13,2019,Riots,Mob violence,Rioters (Kenya),Civilians (Kenya),Kenya,Laikipia,Laikipia West,Nyahururu,0.0333,36.3667,1
KEN6780,2019-01-12,2019,Protests,Peaceful protest,Protesters (Kenya),,Kenya,Narok,Narok North,Narok,-1.0783,35.8601,0
KEN6870,2019-01-15,2019,Violence against civilians,Attack,Al Shabaab,Civilians (Kenya),Kenya,Nairobi,Westlands,Nairobi - Westlands,-1.2379,36.7879,10
KEN6871,2019-01-15,2019,Battles,Armed clash,Al Shabaab,Military Forces of Kenya (2013-2022),Kenya,Nairobi,Westlands,Nairobi - Westlands,-1.2379,36.7879,0
KEN6786,2019-01-21,2019,Violence against civilians,Attack,Maasai Ethnic Militia (Kenya),Civilians (Kenya),Kenya,Nakuru,Njoro,Mau Narok,-0.6,36,0
KEN6784,2019-01-19,2019,Violence against civilians,Attack,Unidentified Armed Group (Kenya),Civilians (Kenya),Kenya,Baringo,Tiaty,Bukwo,1.466,35.81,1
KEN10346,2019-01-19,2019,Violence against civilians,Attack,Unidentified Armed Group (Kenya),Civilians (Kenya),Kenya,Migori,Awendo,Kamresi,-0.8544,34.4938,1
KEN10351,2019-01-20,2019,Riots,Mob violence,Rioters (Kenya),Civilians (Kenya),Kenya,Kirinyaga,Kirinyaga Central,Kerugoya,-0.4989,37.2803,1
KEN10385,2019-01-20,2019,Riots,Mob violence,Rioters (Kenya),Civilians (Kenya),Kenya,Migori,Awendo,Kamresi,-0.8544,34.4938,2
KEN10551,2019-01-20,2019,Violence against civilians,Attack,Al Shabaab,Civilians (Kenya),Kenya,Garissa,Garissa,Garissa,-0.4536,39.6461,0
KEN6787,2019-01-21,2019,Protests,Peaceful protest,Protesters (Kenya),,Kenya,Uasin Gishu,Moiben,Eldoret,0.5167,35.2833,0
KEN6788,2019-01-21,2019,Riots,Violent demonstration,Rioters (Kenya),,Kenya,Nakuru,Njoro,Mau Narok,-0.6,36,0
KEN6785,2019-01-19,2019,Explosions/Remote violence,Remote explosive/landmine/IED,Unidentified Armed Group (Kenya),Civilians (Kenya),Kenya,Nairobi,Starehe,Nairobi,-1.283,36.817,0
KEN10495,2019-01-19,2019,Riots,Violent demonstration,Rioters (Kenya),,Kenya,Nairobi,Dagoretti South,Nairobi - Dagoretti South,-1.2828,36.7131,0
KEN6783,2019-01-16,2019,Battles,Armed clash,Al Shabaab,Military Forces of Kenya (2013-2022),Kenya,Nairobi,Westlands,Nairobi - Westlands,-1.2379,36.7879,1
KEN6872,2019-01-16,2019,Violence against civilians,Attack,Al Shabaab,Civilians (Kenya),Kenya,Nairobi,Westlands,Nairobi - Westlands,-1.2379,36.7879,10
KEN20749,2019-01-18,2019,Battles,Armed clash,Pokot Ethnic Militia (Kenya),Military Forces of Kenya (2013-2022),Kenya,Baringo,Marigat,Nosuguro,0.5922,36.1229,1
KEN20750,2019-01-19,2019,Battles,Armed clash,Pokot Ethnic Militia (Kenya),Turkana Ethnic Militia (Kenya),Kenya,Turkana,Turkana East,Lokori,1.9516,36.0358,6
KEN10324,2019-01-25,2019,Riots,Mob violence,Rioters (Kenya),Civilians (Kenya),Kenya,Trans Nzoia,Saboti,Kitale,1.0167,35,0
KEN6790,2019-01-23,2019,Violence against civilians,Attack,Police Forces of Kenya (2013-2022),Civilians (Kenya),Kenya,Muranga,Kandara,Muruka,-0.9333,37.05,1
KEN6791,2019-01-23,2019,Protests,Peaceful protest,Protesters (Kenya),,Kenya,Kajiado,Kajiado Central,Kajiado,-1.85,36.7833,0
KEN6789,2019-01-22,2019,Protests,Peaceful protest,Protesters (Kenya),,Kenya,Nairobi,Starehe,Nairobi,-1.283,36.817,0
KEN6792,2019-01-24,2019,Violence against civilians,Attack,Police Forces of Kenya (2013-2022),Civilians (Kenya),Kenya,Nairobi,Embakasi South,Nairobi - Embakasi South,-1.3261,36.889,1
KEN10323,2019-01-26,2019,Explosions/Remote violence,Remote explosive/landmine/IED,Unidentified Armed Group (Kenya),Civilians (Kenya),Kenya,Nairobi,Starehe,Nairobi - Starehe,-1.2881,36.8236,0
KEN10381,2019-01-22,2019,Riots,Mob violence,Rioters (Kenya),Civilians (Kenya),Kenya,Nairobi,Starehe,Nairobi - Starehe,-1.2881,36.8236,0
KEN21258,2019-01-24,2019,Riots,Mob violence,Rioters (Kenya),Civilians (Kenya),Kenya,Kakamega,Malava,Kakoyi,0.4157,34.8553,0
KEN6829,2019-01-30,2019,Violence against civilians,Attack,Unidentified Armed Group (Kenya),Civilians (Kenya),Kenya,Makueni,Makueni,Wote,-1.7808,37.6288,1
KEN7050,2019-01-30,2019,Protests,Peaceful protest,Protesters (Kenya),,Kenya,Kiambu,Kabete,Gitaru,-1.2333,36.6833,0
KEN9711,2019-01-27,2019,Riots,Mob violence,Rioters (Kenya),Civilians (Kenya),Kenya,Tharaka-Nithi,Muthambi,Muragara,-0.3054,37.7232,1
KEN10498,2019-01-28,2019,Riots,Mob violence,Rioters (Kenya),Civilians (Kenya),Kenya,Nakuru,Molo,Lawina,-0.3279,35.8698,1
KEN10068,2019-01-30,2019,Strategic developments,Other,Police Forces of Kenya (2013-2022),Civilians (Kenya),Kenya,Nairobi,Starehe,Nairobi,-1.283,36.817,0
KEN10654,2019-01-29,2019,Protests,Peaceful protest,Protesters (Kenya),,Kenya,Nairobi,Embakasi East,Nairobi - Embakasi East,-1.2999,36.9333,0
KEN6835,2019-01-30,2019,Violence against civilians,Attack,Unidentified Armed Group (Kenya),Civilians (Kenya),Kenya,Nairobi,Ruaraka,Nairobi - Ruaraka,-1.2456,36.8799,1
KEN6830,2019-01-31,2019,Violence against civilians,Attack,Unidentified Armed Group (Kenya),Civilians (Kenya),Kenya,Mombasa,Mvita,Mombasa,-4.0547,39.6636,1
KEN6833,2019-02-02,2019,Violence against civilians,Attack,Unidentified Armed Group (Kenya),Civilians (Kenya),Kenya,Kiambu,Kikuyu,Thogoto,-1.2692,36.6713,2
KEN7051,2019-02-01,2019,Protests,Peaceful protest,Protesters (Kenya),,Kenya,Uasin Gishu,Moiben,Eldoret,0.5167,35.2833,0
KEN6831,2019-02-01,2019,Protests,Peaceful protest,Protesters (Kenya),,Kenya,Uasin Gishu,Moiben,Eldoret,0.5167,35.2833,0
KEN6832,2019-02-01,2019,Protests,Peaceful protest,Protesters (Kenya),,Kenya,Taita Taveta,Taveta,Taveta,-3.3988,37.6834,0
KEN6834,2019-02-02,2019,Protests,Peaceful protest,Protesters (Kenya),,Kenya,Trans Nzoia,Saboti,Kitale,1.0167,35,0
KEN6839,2019-02-07,2019,Violence against civilians,Sexual violence,Police Forces of Kenya (2013-2022),Civilians (Kenya),Kenya,Muranga,Gatanga,Gatanga,-0.9333,36.9667,0
KEN10436,2019-02-08,2019,Violence against civilians,Attack,Police Forces of Kenya (2013-2022) Kenya Forest Service Rangers,Civilians (Kenya),Kenya,Nyeri,Kieni East,Naro Moru,-0.17,37.02,0
KEN6836,2019-02-07,2019,Violence against civilians,Attack,Unidentified Armed Group (Kenya),Civilians (Kenya),Kenya,Nairobi,Starehe,Nairobi,-1.283,36.817,1
KEN10057,2019-02-08,2019,Protests,Peaceful protest,Protesters (Kenya),,Kenya,Nairobi,Starehe,Nairobi - Starehe,-1.2881,36.8236,0
KEN10070,2019-02-10,2019,Strategic developments,Looting/property destruction,Unidentified Armed Group (Kenya),Civilians (Kenya),Kenya,Nairobi,Starehe,Nairobi - Starehe,-1.2881,36.8236,0
KEN10091,2019-02-11,2019,Riots,Violent demonstration,Rioters (Kenya),,Kenya,Nairobi,Starehe,Nairobi - Starehe,-1.2881,36.8236,0
KEN10759,2019-02-15,2019,Battles,Armed clash,Unidentified Communal Militia (Kenya),Unidentified Communal Militia (Kenya),Kenya,Samburu,Samburu North,Marti,1.4771,36.7236,0
KEN6838,2019-02-16,2019,Battles,Armed clash,Pokot Ethnic Militia (Kenya),Police Forces of Kenya (2013-2022) National Police Reservists,Kenya,Turkana,Turkana South,Kainuk,1.7745,35.506,2
KEN6837,2019-02-12,2019,Protests,Peaceful protest,Protesters (Kenya),,Kenya,Nairobi,Starehe,Nairobi,-1.283,36.817,0
KEN10811,2019-02-12,2019,Battles,Armed clash,Unidentified Armed Group (Kenya),Police Forces of Kenya (2013-2022),Kenya,West Pokot,Pokot Central,Orwa,1.6667,35.4667,0
KEN21120,2019-02-14,2019,Riots,Mob violence,Rioters (Kenya),Civilians (Kenya),Kenya,Kwale,Kinango,Mwangoni,-4.0681,39.1801,1
KEN7052,2019-02-21,2019,Riots,Mob violence,Rioters (Kenya),,Kenya,Bungoma,Kimilili,Sosio,0.7461,34.7717,0
KEN10342,2019-02-21,2019,Riots,Mob violence,Rioters (Kenya),Civilians (Kenya),Kenya,Kericho,Ainamoi,Kericho,-0.3677,35.2831,1
KEN10399,2019-02-21,2019,Battles,Armed clash,Pokot Ethnic Militia (Kenya),Police Forces of Kenya (2013-2022) National Police Reservists,Kenya,Baringo,Marigat,Kapindasum,0.4811,36.1793,5
KEN6840,2019-02-20,2019,Protests,Peaceful protest,Protesters (Kenya),,Kenya,Kericho,Bureti,Litein,-0.5833,35.1833,0
KEN6842,2019-02-24,2019,Protests,Peaceful protest,Protesters (Kenya),,Kenya,Trans Nzoia,Saboti,Kitale,1.0167,35,0
KEN10499,2019-02-25,2019,Riots,Mob violence,Rioters (Kenya),Police Forces of Kenya (2013-2022),Kenya,Trans Nzoia,Saboti,Kitale,1.0167,35,0
KEN6841,2019-02-22,2019,Protests,Peaceful protest,Protesters (Kenya),,Kenya,Migori,Suna West,Migori,-1.0667,34.4667,0
KEN6848,2019-03-01,2019,Protests,Peaceful protest,Protesters (Kenya),,Kenya,Bungoma,Kanduyi,Bungoma,0.5635,34.5606,0
KEN6847,2019-02-28,2019,Riots,Mob violence,Rioters (Kenya),Civilians (Kenya),Kenya,Migori,Suna West,Migori,-1.0667,34.4667,6
KEN6844,2019-02-27,2019,Violence against civilians,Attack,Unidentified Communal Militia (Kenya),Civilians (Kenya),Kenya,West Pokot,Pokot South,Kambi,1.3416,35.2525,1
KEN6846,2019-02-27,2019,Violence against civilians,Attack,Unidentified Armed Group (Kenya),Civilians (Kenya),Kenya,Kajiado,Kajiado East,Sultan Hamud,-2.0204,37.3721,1
KEN6845,2019-02-27,2019,Violence against civilians,Attack,Unidentified Communal Militia (Kenya),Civilians (Kenya),Kenya,Turkana,Turkana South,Kainuk,1.7745,35.506,1
KEN10810,2019-03-03,2019,Battles,Armed clash,Somali Ethnic Militia (Kenya),Borana Ethnic Militia (Kenya),Kenya,Meru,Imenti North,Meru,0.05,37.65,4
KEN6843,2019-02-27,2019,Battles,Armed clash,Police Forces of Kenya (2013-2022),Unidentified Armed Group (Kenya),Kenya,West Pokot,Pokot North,Morita,1.7833,35.05,2
KEN10411,2019-03-02,2019,Riots,Mob violence,Rioters (Kenya),Civilians (Kenya),Kenya,Nairobi,Embakasi West,Nairobi - Embakasi West,-1.2692,36.8917,0
KEN10412,2019-03-05,2019,Riots,Mob violence,Rioters (Kenya),Civilians (Kenya),Kenya,Kiambu,Juja,Juja,-1.1833,37.1167,1
KEN10662,2019-03-08,2019,Protests,Peaceful protest,Protesters (Kenya),,Kenya,Kajiado,Kajiado Central,Ilmarba,-2.2428,36.6633,0
KEN10809,2019-03-08,2019,Strategic developments,Disrupted weapons use,Police Forces of Kenya (2013-2022),Al Shabaab,Kenya,Kwale,Matuga,Kwale,-4.1738,39.4521,0
KEN6849,2019-03-07,2019,Battles,Armed clash,Unidentified Armed Group (Kenya),Police Forces of Kenya (2013-2022),Kenya,Kiambu,Limuru,Limuru,-1.1136,36.6421,2
KEN6850,2019-03-08,2019,Violence against civilians,Attack,Police Forces of Kenya (2013-2022),Civilians (Kenya),Kenya,Elgeyo Marakwet,Marakwet West,Elegeyo-Marakwet,0.99,35.55,1
KEN10805,2019-03-08,2019,Riots,Mob violence,Rioters (Kenya),Civilians (Kenya),Kenya,Turkana,Turkana Central,Lake Turkana,3.5,36,0
KEN10257,2019-03-06,2019,Protests,Protest with intervention,Protesters (Kenya),Police Forces of Kenya (2013-2022),Kenya,Nairobi,Embakasi East,Nairobi - Embakasi East,-1.2999,36.9333,0
KEN6851,2019-03-08,2019,Protests,Peaceful protest,Protesters (Kenya),,Kenya,Mombasa,Mvita,Mombasa,-4.0547,39.6636,0
KEN21167,2019-03-07,2019,Violence against civilians,Attack,Borana Ethnic Militia (Kenya),Civilians (Kenya),Kenya,Meru,Igembe North,Amwathi,0.454,37.9754,5
KEN7110,2019-03-11,2019,Protests,Peaceful protest,Protesters (Kenya),,Kenya,Nyeri,Nyeri Central,Nyeri,-0.4167,36.95,0
KEN7054,2019-03-12,2019,Protests,Peaceful protest,Protesters (Kenya),,Kenya,West Pokot,West Pokot,Kapenguria,1.2333,35.1167,0
KEN6853,2019-03-13,2019,Battles,Armed clash,Oromo Ethnic Militia (Kenya),Gabra Ethnic Militia (Kenya),Kenya,Marsabit,Saku,Saku,2.3333,37.9833,3
KEN6852,2019-03-12,2019,Riots,Mob violence,Rioters (Kenya),Police Forces of Kenya (2013-2022),Kenya,Nyamira,Nyamira,Nyamira,-0.5666,34.9167,0
KEN6854,2019-03-14,2019,Violence against civilians,Attack,Police Forces of Kenya (2013-2022),Civilians (Kenya),Kenya,Kakamega,Lurambi,Kakamega,0.2833,34.7384,1
KEN6923,2019-03-14,2019,Violence against civilians,Attack,Unidentified Armed Group (Kenya),Civilians (Kenya),Kenya,Nairobi,Starehe,Nairobi,-1.283,36.817,1
KEN7053,2019-03-12,2019,Protests,Peaceful protest,Protesters (Kenya),,Kenya,Nairobi,Starehe,Nairobi,-1.283,36.817,0
KEN7299,2019-03-14,2019,Riots,Violent demonstration,Rioters (Kenya),,Kenya,Nairobi,Starehe,Nairobi - Starehe,-1.2881,36.8236,0
KEN10048,2019-03-14,2019,Violence against civilians,Attack,Unidentified Armed Group (Kenya),Civilians (Kenya),Kenya,Nairobi,Dagoretti North,Nairobi - Dagoretti North,-1.2793,36.7789,1
KEN7056,2019-03-19,2019,Protests,Peaceful protest,Protesters (Kenya),,Kenya,Nyandarua,Olkalou,Kanjuiri,-0.3268,36.2811,0
KEN7055,2019-03-15,2019,Protests,Peaceful protest,Protesters (Kenya),,Kenya,Garissa,Garissa,Garissa,-0.4536,39.6461,0
KEN7057,2019-03-19,2019,Protests,Peaceful protest,Protesters (Kenya),,Kenya,Nandi,Chesumei,Kaptoroi,0.2347,35.0241,0
KEN9793,2019-03-19,2019,Protests,Peaceful protest,Protesters (Kenya),,Kenya,Bungoma,Kimilili,Kimilili,0.783,34.7193,0
KEN10041,2019-03-15,2019,Protests,Peaceful protest,Protesters (Kenya),,Kenya,Kiambu,Ruiru,Ruiru,-1.15,36.9667,0
KEN6855,2019-03-16,2019,Protests,Excessive force against protesters,Protesters (Kenya),Police Forces of Kenya (2013-2022),Kenya,Kakamega,Lurambi,Kakamega,0.2833,34.7384,0
KEN6856,2019-03-18,2019,Protests,Protest with intervention,Protesters (Kenya),Police Forces of Kenya (2013-2022),Kenya,Nairobi,Starehe,Nairobi,-1.283,36.817,0
KEN7058,2019-03-22,2019,Riots,Violent demonstration,Rioters (Kenya),,Kenya,Bungoma,Kanduyi,Bungoma,0.5635,34.5606,0
KEN7061,2019-03-25,2019,Protests,Peaceful protest,Protesters (Kenya),,Kenya,Muranga,Kiharu,Githuri,-0.7021,37.1861,0
KEN7060,2019-03-24,2019,Battles,Armed clash,Unidentified Communal Militia (Kenya),Unidentified Communal Militia (Kenya),Kenya,Garissa,Lagdera,Mado Gashi,0.7305,39.1724,2
KEN7059,2019-03-23,2019,Protests,Peaceful protest,Protesters (Kenya),,Kenya,Baringo,Marigat,Marigat,0.4667,35.9833,0
KEN6857,2019-03-22,2019,Protests,Protest with intervention,Protesters (Kenya),Police Forces of Kenya (2013-2022),Kenya,Bungoma,Kanduyi,Kibabii,0.6199,34.5275,0
KEN6858,2019-03-23,2019,Protests,Protest with intervention,Protesters (Kenya),Police Forces of Kenya (2013-2022),Kenya,Bungoma,Kanduyi,Kibabii,0.6199,34.5275,0
KEN6861,2019-03-30,2019,Protests,Peaceful protest,Protesters (Kenya),,Kenya,Narok,Narok North,Narok,-1.0783,35.8601,0
KEN10506,2019-03-27,2019,Riots,Violent demonstration,Rioters (Kenya),Police Forces of Tanzania (1964-),Kenya,Kajiado,Kajiado Central,Namanga,-2.5431,36.791,0
KEN10515,2019-03-26,2019,Violence against civilians,Abduction/forced disappearance,Unidentified Armed Group (Kenya),Civilians (Kenya),Kenya,Kajiado,Kajiado Central,Namanga,-2.5431,36.791,0
KEN6860,2019-03-27,2019,Riots,Mob violence,Police Forces of Kenya (2013-2022),Rioters (Kenya),Kenya,Kilifi,Rabai,Mazeras,-3.9667,39.55,1
KEN6859,2019-03-26,2019,Protests,Peaceful protest,Protesters (Kenya),,Kenya,Nairobi,Starehe,Nairobi,-1.283,36.817,0
KEN10067,2019-03-28,2019,Protests,Peaceful protest,Protesters (Kenya),,Kenya,Nairobi,Kasarani,Nairobi - Kasarani,-1.2254,36.8977,0
KEN6863,2019-04-02,2019,Violence against civilians,Attack,Unidentified Communal Militia (Kenya),Civilians (Kenya),Kenya,Elgeyo Marakwet,Marakwet West,Elegeyo-Marakwet,0.99,35.55,2
KEN6862,2019-04-01,2019,Violence against civilians,Attack,Unidentified Armed Group (Kenya),Civilians (Kenya),Kenya,Kericho,Ainamoi,Kericho,-0.3677,35.2831,3
KEN10322,2019-04-03,2019,Protests,Peaceful protest,Protesters (Kenya),,Kenya,Kirinyaga,Kirinyaga Central,Kerugoya,-0.4989,37.2803,0
KEN10397,2019-03-31,2019,Riots,Mob violence,Rioters (Kenya),Civilians (Kenya),Kenya,Siaya,Ugenya,Sihayi,0.2362,34.2883,0
KEN10269,2019-04-09,2019,Protests,Peaceful protest,Protesters (Kenya),,Kenya,Uasin Gishu,Moiben,Eldoret,0.5167,35.2833,0
KEN10286,2019-04-09,2019,Riots,Mob violence,Rioters (Kenya),Civilians (Kenya),Kenya,Uasin Gishu,Moiben,Eldoret,0.5167,35.2833,0
KEN6864,2019-04-06,2019,Riots,Mob violence,Rioters (Kenya),Police Forces of Kenya (2013-2022),Kenya,Bomet,Bomet East,Bomet,-0.7833,35.35,0
KEN6865,2019-04-06,2019,Riots,Mob violence,Rioters (Kenya),Police Forces of Kenya (2013-2022),Kenya,Busia,Butula,Butula,0.3392,34.3342,0
KEN6866,2019-04-08,2019,Battles,Armed clash,Police Forces of Kenya (2013-2022),Unidentified Armed Group (Kenya),Kenya,Machakos,Machakos,Machakos,-1.5167,37.2667,3
KEN21113,2019-04-07,2019,Riots,Mob violence,Rioters (Kenya),Civilians (Kenya),Kenya,Kericho,Ainamoi,Kapsaos,-0.2783,35.3391,3
KEN6878,2019-04-12,2019,Violence against civilians,Abduction/forced disappearance,Al Shabaab,Civilians (International),Kenya,Mandera,Mandera East,Mandera,3.9357,41.8542,0
KEN6868,2019-04-14,2019,Riots,Mob violence,Rioters (Sudan),Rioters (Sudan),Kenya,Turkana,Turkana West,Kakuma,3.717,34.867,0
KEN9798,2019-04-14,2019,Riots,Mob violence,Rioters (Kenya),Civilians (Kenya),Kenya,Nakuru,Naivasha,Naivasha,-0.7202,36.4285,1
KEN10608,2019-04-11,2019,Riots,Violent demonstration,Rioters (Kenya),Protesters (Kenya),Kenya,Kiambu,Gatundu North,Gituamba,-0.9667,36.95,0
KEN10661,2019-04-15,2019,Protests,Peaceful protest,Protesters (Kenya),,Kenya,Homa Bay,Homa Bay Town,Homa Bay,-0.5273,34.4571,0
KEN6867,2019-04-12,2019,Battles,Armed clash,Al Shabaab,Police Forces of Kenya (2013-2022),Kenya,Mandera,Mandera East,Mandera,3.9357,41.8542,1
KEN10628,2019-04-13,2019,Riots,Mob violence,Rioters (Kenya),Civilians (Kenya),Kenya,Nairobi,Roysambu,Nairobi - Roysambu,-1.2067,36.8888,2
KEN7063,2019-04-13,2019,Riots,Violent demonstration,Rioters (Kenya),,Kenya,Nairobi,Westlands,Nairobi - Westlands,-1.2379,36.7879,0
KEN7062,2019-04-12,2019,Riots,Mob violence,Rioters (Kenya),Civilians (Kenya),Kenya,Meru,Tigania West,Nchiru,0.1325,37.7363,2
KEN17696,2019-04-11,2019,Violence against civilians,Attack,Police Forces of Kenya (2013-2022) General Service Unit,Civilians (Kenya),Kenya,Kisii,Nyaribari Chache,Kisii,-0.6833,34.7667,1
KEN7064,2019-04-17,2019,Protests,Peaceful protest,Protesters (Kenya),,Kenya,Lamu,Lamu West,Mokowe,-2.2343,40.8466,0
KEN9722,2019-04-19,2019,Protests,Peaceful protest,Protesters (Kenya),,Kenya,Nakuru,Kuresoi North,Sirikwa,-0.26,35.6658,0
KEN10354,2019-04-17,2019,Riots,Mob violence,Rioters (Kenya),Civilians (Kenya),Kenya,Bungoma,Kabuchai,Chwele,0.7333,34.5833,0
KEN10672,2019-04-16,2019,Riots,Mob violence,Rioters (Kenya),Police Forces of Kenya (2013-2022),Kenya,Migori,Suna West,Migori,-1.0667,34.4667,1
KEN6869,2019-04-19,2019,Riots,Mob violence,Rioters (Kenya),Civilians (Kenya),Kenya,Muranga,Kiharu,Muranga,-0.7166,37.15,1
KEN6873,2019-04-22,2019,Violence against civilians,Attack,Unidentified Armed Group (Kenya),Civilians (Kenya),Kenya,Lamu,Lamu West,Lamu,-2.2717,40.902,1
KEN6875,2019-04-23,2019,Protests,Peaceful protest,Protesters (Kenya),,Kenya,Makueni,Kibwezi West,Kibwezi,-2.4112,37.9652,0
KEN10086,2019-04-23,2019,Protests,Peaceful protest,Protesters (Kenya),,Kenya,Kwale,Kinango,Mwangoloto,-3.7571,39.3611,0
KEN6874,2019-04-23,2019,Battles,Armed clash,Unidentified Communal Militia (Kenya),Police Forces of Kenya (2013-2022),Kenya,Samburu,Samburu North,Marti,1.4771,36.7236,1
KEN6876,2019-04-25,2019,Violence against civilians,Attack,Police Forces of Kenya (2013-2022),Civilians (Kenya),Kenya,Homa Bay,Ndhiwa,Ndhiwa,-0.7333,34.3667,0
KEN10356,2019-04-28,2019,Riots,Mob violence,Rioters (Kenya),Civilians (Kenya),Kenya,Homa Bay,Mbita,Got Rateng,-0.5333,34.4,2
KEN6877,2019-04-30,2019,Riots,Violent demonstration,Rioters (Kenya),Police Forces of Kenya (2013-2022),Kenya,Baringo,Mogotio,Solai,0.0333,36.0333,0
KEN7065,2019-04-29,2019,Riots,Mob violence,Rioters (Kenya),Civilians (Kenya),Kenya,Homa Bay,Mbita,Mbita,-0.4166,34.2,0
KEN6974,2019-04-30,2019,Protests,Protest with intervention,Protesters (Kenya),Police Forces of Kenya (2013-2022),Kenya,Nairobi,Starehe,Nairobi,-1.283,36.817,0
KEN10347,2019-04-30,2019,Riots,Mob violence,Rioters (Kenya),Civilians (Kenya),Kenya,Tharaka-Nithi,Chuka,Chuka,-0.3333,37.65,1
KEN10702,2019-05-05,2019,Violence against civilians,Attack,Samburu Ethnic Militia (Kenya),Civilians (Kenya),Kenya,Isiolo,Merti,Gotu,1.1167,38.7333,0
KEN10348,2019-05-01,2019,Riots,Mob violence,Rioters (Kenya),Police Forces of Kenya (2013-2022),Kenya,Tharaka-Nithi,Chuka,Chuka,-0.3333,37.65,1
KEN10701,2019-05-05,2019,Battles,Armed clash,Police Forces of Kenya (2013-2022) National Police Reservists,Samburu Ethnic Militia (Kenya),Kenya,Isiolo,Merti,Gotu,1.1167,38.7333,4
KEN6879,2019-05-05,2019,Battles,Armed clash,Al Shabaab,Police Forces of Kenya (2013-2022),Kenya,Mandera,Mandera East,Mandera,3.9357,41.8542,0
KEN10058,2019-05-01,2019,Protests,Peaceful protest,Protesters (Kenya),,Kenya,Nairobi,Embakasi North,Nairobi - Embakasi North,-1.2517,36.8995,0
KEN6975,2019-05-02,2019,Protests,Peaceful protest,Protesters (Kenya),,Kenya,Mombasa,Mvita,Mombasa,-4.0547,39.6636,0
KEN6880,2019-05-06,2019,Violence against civilians,Attack,Borana Ethnic Militia (Ethiopia),Civilians (Kenya),Kenya,Marsabit,North Horr,Forole,3.7137,37.9732,11
KEN9828,2019-05-02,2019,Protests,Peaceful protest,Protesters (Kenya),,Kenya,Nairobi,Kasarani,Nairobi - Kasarani,-1.2254,36.8977,0
KEN6882,2019-05-11,2019,Violence against civilians,Attack,Unidentified Armed Group (Kenya),Civilians (Kenya),Kenya,Muranga,Gatanga,Kiunyu,-0.9527,37.019,0
KEN7066,2019-05-10,2019,Protests,Peaceful protest,Protesters (Kenya),,Kenya,Garissa,Garissa,Garissa,-0.4536,39.6461,0
KEN10483,2019-05-07,2019,Protests,Protest with intervention,Protesters (Kenya),Police Forces of Kenya (2013-2022),Kenya,Nakuru,Nakuru North,Nakuru,-0.2441,36.142,0
KEN10509,2019-05-11,2019,Riots,Violent demonstration,Rioters (Kenya),Police Forces of Kenya (2013-2022),Kenya,Wajir,Wajir East,Barwago,1.7415,40.0346,0
KEN6881,2019-05-07,2019,Riots,Mob violence,Rioters (Kenya),Civilians (Kenya),Kenya,West Pokot,Pokot North,Amanguriat,2.2504,35.1176,2
KEN6976,2019-05-07,2019,Riots,Mob violence,Rioters (Kenya),Civilians (Kenya),Kenya,Homa Bay,Mbita,Mbita,-0.4166,34.2,0
KEN6883,2019-05-10,2019,Protests,Protest with intervention,Protesters (Kenya),Police Forces of Kenya (2013-2022),Kenya,Nairobi,Starehe,Nairobi,-1.283,36.817,0
KEN10507,2019-05-11,2019,Protests,Peaceful protest,Protesters (Kenya),,Kenya,Nairobi,Roysambu,Nairobi - Roysambu,-1.2067,36.8888,0
KEN10508,2019-05-11,2019,Protests,Peaceful protest,Protesters (Kenya),,Kenya,Nairobi,Starehe,Nairobi - Starehe,-1.2881,36.8236,0
KEN7068,2019-05-14,2019,Protests,Peaceful protest,Protesters (Kenya),,Kenya,Nakuru,Nakuru North,Nakuru,-0.2441,36.142,0
KEN7067,2019-05-13,2019,Protests,Peaceful protest,Protesters (Kenya),,Kenya,Migori,Kuria East,Matare,-1.3167,34.6667,0
KEN7940,2019-05-15,2019,Protests,Protest with intervention,Protesters (International),Police Forces of Kenya (2013-2022),Kenya,Nairobi,Westlands,Nairobi - Westlands,-1.2379,36.7879,0
KEN10069,2019-05-13,2019,Protests,Peaceful protest,Protesters (Kenya),,Kenya,Nairobi,Mathare,Nairobi - Mathare,-1.2604,36.8607,0
KEN6977,2019-05-15,2019,Battles,Armed clash,Borana Ethnic Militia (Kenya),Unidentified Clan Militia (Somalia),Kenya,Isiolo,Garbatulla,Garbatulla,0.5333,38.52,2
KEN7070,2019-05-18,2019,Violence against civilians,Attack,Unidentified Armed Group (Kenya),Civilians (Kenya),Kenya,Marsabit,North Horr,Fora,3.658,36.4712,0
KEN6978,2019-05-20,2019,Protests,Peaceful protest,Protesters (Kenya),,Kenya,Machakos,Machakos,Machakos,-1.5167,37.2667,0
KEN10260,2019-05-19,2019,Violence against civilians,Attack,Pokot Ethnic Militia (Kenya),Civilians (Kenya),Kenya,Baringo,Marigat,Arabal,0.5138,36.1756,0
KEN7069,2019-05-17,2019,Riots,Mob violence,Rioters (Kenya),Civilians (Kenya),Kenya,Mombasa,Likoni,Likoni,-4.0839,39.6616,2
KEN7071,2019-05-22,2019,Violence against civilians,Attack,Unidentified Armed Group (Kenya),Civilians (Kenya),Kenya,Marsabit,North Horr,Fora,3.658,36.4712,2
KEN7072,2019-05-22,2019,Protests,Peaceful protest,Protesters (Kenya),,Kenya,Kiambu,Kabete,Ndongoro,-1.2333,36.7,0
KEN6981,2019-05-25,2019,Riots,Violent demonstration,Rioters (Kenya),,Kenya,Kisii,Nyaribari Chache,Kisii,-0.6833,34.7667,0
KEN6980,2019-05-23,2019,Protests,Peaceful protest,Protesters (Kenya),,Kenya,Nakuru,Gilgil,Mbaruk,-0.3955,36.2183,0
KEN6979,2019-05-23,2019,Protests,Peaceful protest,Protesters (Kenya),,Kenya,Machakos,Machakos,Machakos,-1.5167,37.2667,0
KEN10049,2019-05-22,2019,Battles,Armed clash,Marakwet Ethnic Militia (Kenya),Pokot Ethnic Militia (Kenya),Kenya,West Pokot,Pokot South,Kamelei,1.2295,35.4462,1
KEN10065,2019-05-22,2019,Riots,Mob violence,Rioters (Kenya),Rioters (Kenya),Kenya,Nairobi,Ruaraka,Nairobi - Ruaraka,-1.2456,36.8799,1
KEN20751,2019-05-27,2019,Violence against civilians,Attack,Marakwet Ethnic Militia (Kenya),Civilians (Kenya),Kenya,West Pokot,Pokot Central,Cheptulel,1.3223,35.607,2
KEN20836,2019-05-24,2019,Violence against civilians,Attack,Borana Ethnic Militia (Kenya),Civilians (Kenya),Kenya,Marsabit,Saku,Boru Haro,2.3243,38.05,7
KEN20838,2019-05-23,2019,Violence against civilians,Attack,Gabra Ethnic Militia (Kenya),Civilians (Kenya),Kenya,Marsabit,Saku,Bulesare,2.36,38.0271,2
KEN21095,2019-05-24,2019,Riots,Mob violence,Rioters (Kenya),Civilians (Kenya),Kenya,Kiambu,Kiambaa,Gachie,-1.2167,36.7833,1
KEN7073,2019-05-28,2019,Protests,Peaceful protest,Protesters (Kenya),,Kenya,Kiambu,Lari,Lari,-1.0167,36.6333,0
KEN6884,2019-05-30,2019,Riots,Violent demonstration,Rioters (Kenya),Civilians (Kenya),Kenya,Homa Bay,Homa Bay Town,Homa Bay,-0.5273,34.4571,1
KEN10640,2019-05-29,2019,Protests,Peaceful protest,Protesters (Kenya),,Kenya,Kirinyaga,Kirinyaga Central,Kerugoya,-0.4989,37.2803,0
KEN10619,2019-05-28,2019,Protests,Peaceful protest,Protesters (Kenya),,Kenya,Nakuru,Naivasha,Kamere,-0.8221,36.3156,0
KEN17728,2019-05-30,2019,Riots,Mob violence,Rioters (Kenya),,Kenya,Taita Taveta,Voi,Kirumbi,-3.4416,38.5994,0
KEN17729,2019-05-30,2019,Violence against civilians,Attack,Somali Ethnic Militia (Kenya),Civilians (Kenya),Kenya,Taita Taveta,Voi,Kirumbi,-3.4416,38.5994,1
KEN6885,2019-06-04,2019,Battles,Armed clash,Al Shabaab,Police Forces of Kenya (2013-2022),Kenya,Mandera,Lafey,Fino,3.3711,41.4468,2
KEN6886,2019-06-07,2019,Violence against civilians,Attack,Unidentified Armed Group (Kenya),Civilians (Kenya),Kenya,Homa Bay,Karachuonyo,Kendu Bay,-0.3589,34.6492,1
KEN10355,2019-06-10,2019,Riots,Mob violence,Rioters (Kenya),Civilians (Kenya),Kenya,Mombasa,Kisauni,Bamburi,-4,39.7167,1
KEN6982,2019-06-08,2019,Strategic developments,Looting/property destruction,Police Forces of Kenya (2013-2022),Civilians (Kenya),Kenya,Meru,Igembe South,Kanuni,0.174,37.9529,0
KEN6887,2019-06-13,2019,Violence against civilians,Attack,Unidentified Armed Group (Kenya),Civilians (Kenya),Kenya,Isiolo,Isiolo,Isiolo,0.3546,37.5822,1
KEN6888,2019-06-13,2019,Violence against civilians,Attack,Unidentified Armed Group (Kenya),Civilians (Kenya),Kenya,Turkana,Turkana Central,Lake Turkana,3.5,36,1
KEN7075,2019-06-17,2019,Protests,Peaceful protest,Protesters (Kenya),,Kenya,Kitui,Kitui East,Malalani,-1.35,38.55,0
KEN10320,2019-06-14,2019,Battles,Armed clash,Al Shabaab,Police Forces of Kenya (2013-2022),Kenya,Wajir,Wajir East,Wajir,1.75,40.06,0
KEN6889,2019-06-14,2019,Violence against civilians,Attack,Unidentified Armed Group (Kenya),Civilians (Kenya),Kenya,Kajiado,Kajiado East,Kitengela,-1.4761,36.9614,1
KEN6983,2019-06-13,2019,Violence against civilians,Attack,Police Forces of Kenya (2013-2022),Civilians (Kenya),Kenya,Kisii,Nyaribari Chache,Kisii,-0.6833,34.7667,0
KEN10775,2019-06-12,2019,Battles,Armed clash,Unidentified Armed Group (Kenya),Police Forces of Kenya (2013-2022) General Service Unit,Kenya,Turkana,Turkana East,Lokori,1.9516,36.0358,1
KEN7074,2019-06-15,2019,Explosions/Remote violence,Remote explosive/landmine/IED,Al Shabaab,Police Forces of Kenya (2013-2022) General Service Unit,Kenya,Wajir,Wajir East,Wajir,1.75,40.06,8
KEN10321,2019-06-12,2019,Protests,Peaceful protest,Protesters (Kenya),,Kenya,Nairobi,Starehe,Nairobi,-1.283,36.817,0
KEN10589,2019-06-15,2019,Violence against civilians,Sexual violence,Police Forces of Kenya (2013-2022),Civilians (Kenya),Kenya,Nairobi,Embakasi North,Nairobi - Embakasi North,-1.2517,36.8995,0
KEN6984,2019-06-14,2019,Battles,Armed clash,Borana Ethnic Militia (Kenya),Unidentified Clan Militia (Somalia),Kenya,Isiolo,Garbatulla,Garbatulla,0.5333,38.52,5
KEN7077,2019-06-22,2019,Protests,Peaceful protest,Protesters (Kenya),,Kenya,Meru,Tigania East,Amugaa,0.1579,37.8844,0
KEN6985,2019-06-18,2019,Protests,Peaceful protest,Protesters (Kenya),,Kenya,Baringo,Tiaty,Loruk,0.7109,36.0273,0
KEN10124,2019-06-21,2019,Violence against civilians,Attack,Unidentified Armed Group (Kenya),Civilians (Kenya),Kenya,Uasin Gishu,Moiben,Eldoret,0.5167,35.2833,1
KEN6892,2019-06-20,2019,Battles,Armed clash,Al Shabaab,Police Forces of Kenya (2013-2022),Kenya,Garissa,Garissa,Garissa,-0.4536,39.6461,3
KEN6986,2019-06-20,2019,Protests,Peaceful protest,Protesters (Kenya),,Kenya,Nairobi,Starehe,Nairobi,-1.283,36.817,0
KEN6891,2019-06-19,2019,Protests,Peaceful protest,Protesters (Kenya),,Kenya,Nairobi,Embakasi North,Nairobi - Embakasi North,-1.2517,36.8995,0
KEN7076,2019-06-20,2019,Protests,Peaceful protest,Protesters (Kenya),,Kenya,Tana River,Galole,Hola,-1.5036,40.0333,0
KEN7079,2019-06-27,2019,Violence against civilians,Attack,Unidentified Armed Group (Kenya),Civilians (Kenya),Kenya,Turkana,Turkana South,Kainuk,1.7745,35.506,0
KEN7324,2019-06-23,2019,Violence against civilians,Abduction/forced disappearance,Al Shabaab,Civilians (Kenya),Kenya,Mandera,Lafey,Fino,3.3711,41.4468,0
KEN6913,2019-06-27,2019,Protests,Peaceful protest,Protesters (Kenya),,Kenya,Machakos,Machakos,Machakos,-1.5167,37.2667,0
KEN10413,2019-06-24,2019,Riots,Mob violence,Rioters (Kenya),Civilians (Kenya),Kenya,Migori,Awendo,Kamolorume,-0.8819,34.5404,1
KEN7078,2019-06-27,2019,Riots,Violent demonstration,Rioters (Kenya),Police Forces of Kenya (2013-2022),Kenya,Kakamega,Shinyalu,Shinyalu,0.2239,34.808,0
KEN9752,2019-06-26,2019,Protests,Protest with intervention,Protesters (Kenya),Police Forces of Kenya (2013-2022),Kenya,Kirinyaga,Kirinyaga Central,Kerugoya,-0.4989,37.2803,0
KEN6914,2019-07-02,2019,Violence against civilians,Attack,Unidentified Armed Group (Kenya),Civilians (Kenya),Kenya,Marsabit,Moyale,Sololo,3.55,38.65,1
KEN9771,2019-06-30,2019,Strategic developments,Agreement,Pokot Ethnic Militia (Kenya),Turkana Ethnic Militia (Kenya),Kenya,Trans Nzoia,Saboti,Kitale,1.0167,35,0
KEN10474,2019-06-30,2019,Riots,Mob violence,Rioters (Kenya),Civilians (Kenya),Kenya,Kisii,Nyaribari Chache,Nyosia,-0.717,34.8249,0
KEN21168,2019-06-28,2019,Riots,Mob violence,Rioters (Kenya),Civilians (Kenya),Kenya,Bungoma,Bumula,Muanda,0.557,34.5174,0
KEN7080,2019-07-03,2019,Protests,Peaceful protest,Protesters (Kenya),,Kenya,Kilifi,Ganze,Gede,-3.4521,39.3026,0
KEN7081,2019-07-07,2019,Riots,Mob violence,Rioters (Kenya),Civilians (Kenya),Kenya,Homa Bay,Mbita,Kaksingiri,-0.485,34.18,1
KEN6988,2019-07-04,2019,Protests,Peaceful protest,Protesters (Kenya),,Kenya,Garissa,Hulugho,Sangailu,-1.3059,40.7345,0
KEN10807,2019-07-06,2019,Protests,Excessive force against protesters,Protesters (Kenya),Private Security Forces (Kenya),Kenya,Bomet,Bomet East,Bomet,-0.7833,35.35,0
KEN6987,2019-07-04,2019,Violence against civilians,Attack,Military Forces of Kenya (2013-2022),Civilians (Kenya),Kenya,Garissa,Hulugho,Sangailu,-1.3059,40.7345,0
KEN6989,2019-07-06,2019,Violence against civilians,Attack,Police Forces of Kenya (2013-2022),Civilians (Kenya),Kenya,Isiolo,Isiolo,Isiolo,0.3546,37.5822,1
KEN6990,2019-07-09,2019,Protests,Peaceful protest,Protesters (Kenya),,Kenya,Laikipia,Laikipia North,Laikipia,0.4167,36.75,0
KEN7083,2019-07-10,2019,Protests,Peaceful protest,Protesters (Kenya),,Kenya,Bungoma,Kanduyi,Bungoma,0.5635,34.5606,0
KEN7082,2019-07-10,2019,Protests,Peaceful protest,Protesters (Kenya),,Kenya,Embu,Manyatta,Embu,-0.5333,37.45,0
KEN6992,2019-07-10,2019,Protests,Peaceful protest,Protesters (Kenya),,Kenya,Kisumu,Kisumu Central,Kisumu,-0.1,34.75,0
KEN6991,2019-07-09,2019,Protests,Peaceful protest,Protesters (Kenya),,Kenya,Narok,Narok North,Narok,-1.0783,35.8601,0
KEN6915,2019-07-10,2019,Violence against civilians,Attack,Unidentified Armed Group (Kenya),Civilians (Ethiopia),Kenya,Turkana,Turkana West,Kakuma Refugee Camp,3.7524,34.8301,1
KEN10414,2019-07-12,2019,Riots,Mob violence,Rioters (Kenya),Civilians (Kenya),Kenya,Kakamega,Shinyalu,Khayega,0.2071,34.7702,1
KEN10415,2019-07-16,2019,Riots,Mob violence,Rioters (Kenya),Civilians (Kenya),Kenya,Kisumu,Kisumu Central,Kisumu,-0.1,34.75,0
KEN10428,2019-07-15,2019,Riots,Mob violence,Rioters (Kenya),Civilians (Kenya),Kenya,Kisumu,Kisumu Central,Kisumu,-0.1,34.75,1
KEN6916,2019-07-15,2019,Explosions/Remote violence,Remote explosive/landmine/IED,Al Shabaab,Police Forces of Kenya (2013-2022) Border Patrol Unit,Kenya,Lamu,Lamu East,Kiunga,-1.741,41.492,0
KEN6917,2019-07-15,2019,Battles,Armed clash,Al Shabaab,Police Forces of Kenya (2013-2022) Border Patrol Unit,Kenya,Lamu,Lamu West,Lamu,-2.2717,40.902,3
KEN10458,2019-07-15,2019,Protests,Peaceful protest,Protesters (Kenya),,Kenya,Nairobi,Starehe,Nairobi - Starehe,-1.2881,36.8236,0
KEN21096,2019-07-15,2019,Riots,Mob violence,Rioters (Kenya),Civilians (Kenya),Kenya,Bungoma,Bumula,Burangasi,0.5214,34.4518,1
KEN7087,2019-07-23,2019,Protests,Peaceful protest,Protesters (Kenya),,Kenya,Isiolo,Isiolo,Isiolo,0.3546,37.5822,0
KEN7084,2019-07-19,2019,Riots,Violent demonstration,Rioters (Kenya),Police Forces of Kenya (2013-2022),Kenya,Homa Bay,Ndhiwa,Magena,-0.6833,34.5167,1
KEN12761,2019-07-21,2019,Strategic developments,Looting/property destruction,Unidentified Armed Group (Kenya),Civilians (Kenya),Kenya,Kitui,Kitui Central,Kitui,-1.3667,38.0167,0
KEN7086,2019-07-23,2019,Protests,Peaceful protest,Protesters (Kenya),,Kenya,Kisumu,Muhoroni,Muhoroni,-0.1567,35.1984,0
KEN7085,2019-07-23,2019,Protests,Peaceful protest,Protesters (Kenya),,Kenya,Nairobi,Starehe,Nairobi - Starehe,-1.2881,36.8236,0
KEN10616,2019-07-28,2019,Riots,Violent demonstration,Rioters (Kenya),,Kenya,Kisii,Kitutu Chache South,Nyamataro,-0.6543,34.7481,0
KEN7089,2019-07-29,2019,Riots,Mob violence,Rioters (Kenya),,Kenya,Kiambu,Limuru,Gichungo,-1.1802,36.6044,0
KEN6918,2019-07-27,2019,Battles,Armed clash,Unidentified Armed Group (Kenya),Police Forces of Kenya (2013-2022),Kenya,Nairobi,Starehe,Nairobi,-1.283,36.817,1
KEN9676,2019-07-25,2019,Protests,Protest with intervention,Protesters (Kenya),Police Forces of Kenya (2013-2022),Kenya,Nairobi,Starehe,Nairobi,-1.283,36.817,0
KEN7088,2019-07-24,2019,Protests,Peaceful protest,Protesters (Kenya),,Kenya,Kiambu,Gatundu South,Gatundu,-1.0129,36.9049,0
KEN6993,2019-07-29,2019,Protests,Peaceful protest,Protesters (Kenya),,Kenya,Kisumu,Kisumu Central,Kisumu,-0.1,34.75,0
KEN21169,2019-07-27,2019,Strategic developments,Arrests,Police Forces of Kenya (2013-2022),Civilians (Kenya),Kenya,Kakamega,Shinyalu,Khayega,0.2071,34.7702,0
KEN7095,2019-08-01,2019,Protests,Peaceful protest,Protesters (Kenya),,Kenya,Muranga,Kandara,Naaro,-0.9157,37.0237,0
KEN7090,2019-08-02,2019,Riots,Violent demonstration,Rioters (Kenya),Police Forces of Kenya (2013-2022),Kenya,Garissa,Garissa,Garissa,-0.4536,39.6461,0
KEN7096,2019-08-08,2019,Protests,Peaceful protest,Protesters (Kenya),,Kenya,Kericho,Ainamoi,Kericho,-0.3677,35.2831,0
KEN7092,2019-08-04,2019,Protests,Peaceful protest,Protesters (Kenya),,Kenya,Turkana,Turkana Central,Kanankemer,3.1012,35.6015,0
KEN7093,2019-08-06,2019,Protests,Peaceful protest,Protesters (Kenya),,Kenya,Nyandarua,Kinangop,Nyandarua,-0.55,36.6167,0
KEN7094,2019-08-07,2019,Protests,Peaceful protest,Protesters (Kenya),,Kenya,Nyeri,Nyeri Central,Nyeri,-0.4167,36.95,0
KEN10814,2019-08-07,2019,Strategic developments,Looting/property destruction,Al Shabaab,Civilians (Kenya),Kenya,Garissa,Hulugho,Hulugho,-1.15,41.0667,0
KEN7091,2019-08-04,2019,Strategic developments,Other,Police Forces of Kenya (2013-2022),Al Shabaab,Kenya,Lamu,Lamu East,Kiunga,-1.741,41.492,0
KEN9800,2019-08-11,2019,Riots,Mob violence,Rioters (Kenya),Civilians (Kenya),Kenya,Bungoma,Kanduyi,Bungoma,0.5635,34.5606,1
KEN10094,2019-08-12,2019,Protests,Peaceful protest,Protesters (Kenya),,Kenya,Kisii,Nyaribari Chache,Kisii,-0.6833,34.7667,0
KEN10484,2019-08-09,2019,Protests,Peaceful protest,Protesters (Kenya),,Kenya,Nakuru,Naivasha,Naivasha,-0.7202,36.4285,0
KEN20622,2019-08-11,2019,Protests,Peaceful protest,Protesters (Kenya),,Kenya,Kirinyaga,Kirinyaga East,Karuti,-0.4217,37.3353,0
KEN9596,2019-08-16,2019,Riots,Mob violence,Rioters (Kenya),Rioters (Kenya),Kenya,Nyeri,Nyeri Central,Nyeri,-0.4167,36.95,0
KEN6948,2019-08-18,2019,Protests,Peaceful protest,Protesters (Kenya),,Kenya,Narok,Narok West,Naikara,-1.6,35.6333,0
KEN6920,2019-08-16,2019,Protests,Peaceful protest,Protesters (Kenya),,Kenya,Nyandarua,Ndaragwa,Ndaragwa,-0.0559,36.5289,0
KEN6947,2019-08-14,2019,Strategic developments,Other,Police Forces of Kenya (2013-2022),Civilians (Kenya),Kenya,Uasin Gishu,Moiben,Eldoret,0.5167,35.2833,0
KEN6994,2019-08-15,2019,Violence against civilians,Attack,Police Forces of Kenya (2013-2022),Civilians (Kenya),Kenya,Nakuru,Njoro,Mau Narok,-0.6,36,0
KEN7097,2019-08-18,2019,Violence against civilians,Attack,Police Forces of Kenya (2013-2022),Civilians (Kenya),Kenya,Migori,Kuria East,Kuria East,-1.2437,34.5957,0
KEN6995,2019-08-15,2019,Protests,Protest with intervention,Protesters (Kenya),Police Forces of Kenya (2013-2022),Kenya,Nairobi,Westlands,Nairobi - Westlands,-1.2379,36.7879,0
KEN10802,2019-08-22,2019,Violence against civilians,Attack,Unidentified Armed Group (Kenya),Civilians (Kenya),Kenya,Wajir,Wajir North,El Das,2.5333,39.55,0
KEN6928,2019-08-22,2019,Battles,Armed clash,Al Shabaab,Police Forces of Kenya (2013-2022),Kenya,Mandera,Mandera East,Mandera,3.9357,41.8542,2
KEN6927,2019-08-22,2019,Protests,Peaceful protest,Protesters (Kenya),,Kenya,Mombasa,Mvita,Mombasa,-4.0547,39.6636,0
KEN6930,2019-08-25,2019,Violence against civilians,Attack,Unidentified Armed Group (Ethiopia),Civilians (Kenya),Kenya,Marsabit,North Horr,Sabarei,3,37.5,5
KEN7098,2019-08-25,2019,Battles,Armed clash,Unidentified Armed Group (Kenya),Unidentified Armed Group (Kenya),Kenya,Lamu,Lamu West,Safarisi,-2.2212,40.8143,1
KEN7300,2019-08-25,2019,Violence against civilians,Attack,Unidentified Armed Group (Kenya),Civilians (Kenya),Kenya,Muranga,Kandara,Kabati,-0.95,37.1,1
KEN10500,2019-08-26,2019,Riots,Mob violence,Rioters (Kenya),Civilians (Kenya),Kenya,Nakuru,Nakuru North,Mawanga,-0.2678,36.1101,1
KEN6929,2019-08-25,2019,Violence against civilians,Attack,Unidentified Armed Group (Ethiopia),Civilians (Kenya),Kenya,Marsabit,North Horr,Forole,3.7137,37.9732,5
KEN6998,2019-09-01,2019,Strategic developments,Looting/property destruction,Al Shabaab,,Kenya,Garissa,Fafi,Yumbis,-0.1364,40.2944,0
KEN7099,2019-09-03,2019,Protests,Peaceful protest,Protesters (Kenya),,Kenya,Machakos,Athi River,Athi River,-1.45,36.9833,0
KEN10553,2019-09-01,2019,Riots,Mob violence,Rioters (Kenya),Civilians (Kenya),Kenya,Kericho,Kipkelion East,Kimugul,-0.203,35.5143,0
KEN6949,2019-09-02,2019,Strategic developments,Other,Police Forces of Kenya (2013-2022),Civilians (Kenya),Kenya,Narok,Narok North,Narok,-1.0783,35.8601,0
KEN21097,2019-09-01,2019,Riots,Mob violence,Rioters (Kenya),Civilians (Kenya),Kenya,Bungoma,Bumula,Khasoko,0.4815,34.4202,1
KEN6935,2019-09-09,2019,Protests,Peaceful protest,Protesters (Kenya),,Kenya,Embu,Mbeere North,Kangaru,-0.5333,37.6167,0
KEN6937,2019-09-09,2019,Protests,Peaceful protest,Protesters (Kenya),,Kenya,Muranga,Kiharu,Muranga,-0.7166,37.15,0
KEN6999,2019-09-06,2019,Protests,Peaceful protest,Protesters (Kenya),,Kenya,Kiambu,Limuru,Limuru,-1.1136,36.6421,0
KEN10059,2019-09-08,2019,Riots,Mob violence,Rioters (Kenya),Rioters (Kenya),Kenya,Muranga,Kiharu,Gitui,-0.7333,37.0412,0
KEN10747,2019-09-06,2019,Protests,Peaceful protest,Protesters (Kenya),,Kenya,Machakos,Machakos,Machakos,-1.5167,37.2667,0
KEN6950,2019-09-09,2019,Protests,Peaceful protest,Protesters (Kenya),,Kenya,Kitui,Kitui Central,Kitui,-1.3667,38.0167,0
KEN10085,2019-09-09,2019,Riots,Violent demonstration,Rioters (Kenya),Police Forces of Kenya (2013-2022),Kenya,Muranga,Kiharu,Muranga,-0.7166,37.15,0
KEN10248,2019-09-07,2019,Riots,Mob violence,Rioters (Kenya),Civilians (Kenya),Kenya,Kisii,Nyaribari Chache,Kisii,-0.6833,34.7667,0
KEN6932,2019-09-09,2019,Violence against civilians,Attack,Police Forces of Kenya (2013-2022),Civilians (Kenya),Kenya,Embu,Mbeere North,Kangaru,-0.5333,37.6167,1
KEN6936,2019-09-09,2019,Riots,Violent demonstration,Rioters (Kenya),Police Forces of Kenya (2013-2022),Kenya,Kajiado,Kajiado West,Magadi,-1.9,36.2833,0
KEN6951,2019-09-09,2019,Protests,Peaceful protest,Protesters (Kenya),,Kenya,Nairobi,Starehe,Nairobi,-1.283,36.817,0
KEN7045,2019-09-08,2019,Violence against civilians,Attack,Unidentified Communal Militia (Kenya),Civilians (Kenya),Kenya,Kitui,Kitui West,Kakeani,-1.1667,37.9333,1
KEN7046,2019-09-08,2019,Violence against civilians,Attack,Unidentified Communal Militia (Kenya),Civilians (Kenya),Kenya,Kitui,Kitui East,Malalani,-1.35,38.55,1
KEN6933,2019-09-10,2019,Violence against civilians,Attack,Unidentified Armed Group (Somalia),Civilians (Kenya),Kenya,Kitui,Kitui Central,Kitui,-1.3667,38.0167,1
KEN6934,2019-09-12,2019,Violence against civilians,Attack,Unidentified Armed Group (Kenya),Civilians (Kenya),Kenya,Tana River,Garsen,Bubisa,-2.05,40.1667,4
KEN6939,2019-09-12,2019,Protests,Peaceful protest,Protesters (Kenya),,Kenya,Muranga,Kigumo,Kigumo,-0.8167,36.9833,0
KEN6952,2019-09-10,2019,Violence against civilians,Attack,Unidentified Communal Militia (Kenya),Civilians (Kenya),Kenya,Kitui,Kitui South,Mutha,-1.7951,38.4278,0
KEN7101,2019-09-12,2019,Protests,Peaceful protest,Protesters (Kenya),,Kenya,Nakuru,Naivasha,Mai Mahiu,-0.9838,36.5899,0
KEN9730,2019-09-12,2019,Riots,Mob violence,Rioters (Kenya),Civilians (Kenya),Kenya,Tharaka-Nithi,Muthambi,Muragara,-0.3054,37.7232,1
KEN6955,2019-09-12,2019,Protests,Peaceful protest,Protesters (Kenya),,Kenya,Makueni,Makueni,Mathemba,-1.8666,37.7333,0
KEN6954,2019-09-12,2019,Violence against civilians,Attack,Police Forces of Kenya (2013-2022),Civilians (Kenya),Kenya,Makueni,Makueni,Mathemba,-1.8666,37.7333,0
KEN6953,2019-09-10,2019,Battles,Armed clash,Unidentified Armed Group (Kenya),Military Forces of Kenya (2013-2022),Kenya,Mombasa,Mvita,Mombasa,-4.0547,39.6636,1
KEN6956,2019-09-13,2019,Violence against civilians,Attack,Military Forces of Kenya (2013-2022),Civilians (Kenya),Kenya,Mombasa,Mvita,Mombasa,-4.0547,39.6636,0
KEN6938,2019-09-10,2019,Protests,Peaceful protest,Protesters (Kenya),,Kenya,Kiambu,Gatundu South,Gatundu,-1.0129,36.9049,0
KEN7036,2019-09-10,2019,Battles,Armed clash,Al Shabaab,Military Forces of Kenya (2013-2022),Kenya,Mandera,Mandera South,El Wak,2.8094,40.9358,5
KEN6957,2019-09-16,2019,Violence against civilians,Attack,Unidentified Communal Militia (Kenya),Civilians (Kenya),Kenya,Taita Taveta,Voi,Voi,-3.3961,38.5561,2
KEN7102,2019-09-17,2019,Violence against civilians,Attack,Unidentified Armed Group (Kenya),Civilians (Kenya),Kenya,Isiolo,Isiolo,Isiolo,0.3546,37.5822,4
KEN10490,2019-09-18,2019,Riots,Mob violence,Rioters (Kenya),Rioters (Kenya),Kenya,Kisumu,Kisumu Central,Kisumu,-0.1,34.75,0
KEN6940,2019-09-18,2019,Riots,Violent demonstration,Rioters (Kenya),Police Forces of Kenya (2013-2022),Kenya,Kakamega,Lurambi,Kakamega,0.2833,34.7384,0
KEN6942,2019-09-15,2019,Violence against civilians,Attack,Police Forces of Kenya (2013-2022),Civilians (Kenya),Kenya,Narok,Transmara West,Trans Mara,-1.169,34.889,0
KEN7122,2019-09-15,2019,Violence against civilians,Attack,Unidentified Armed Group (Kenya),Civilians (Kenya),Kenya,Garissa,Garissa,Garissa,-0.4536,39.6461,2
KEN10076,2019-09-17,2019,Riots,Mob violence,Rioters (Kenya),Civilians (Kenya),Kenya,Nairobi,Kibra,Nairobi - Kibra,-1.3061,36.7857,0
KEN6941,2019-09-18,2019,Riots,Violent demonstration,Rioters (Kenya),Police Forces of Kenya (2013-2022),Kenya,Mombasa,Mvita,Mombasa,-4.0547,39.6636,0
KEN7103,2019-09-18,2019,Protests,Peaceful protest,Protesters (Kenya),,Kenya,Mombasa,Mvita,Mombasa,-4.0547,39.6636,0
KEN7001,2019-09-18,2019,Riots,Violent demonstration,Rioters (Kenya),Police Forces of Kenya (2013-2022),Kenya,Kakamega,Lurambi,Kakamega,0.2833,34.7384,0
KEN7000,2019-09-17,2019,Battles,Armed clash,Borana Ethnic Militia (Kenya),Unidentified Clan Militia (Somalia),Kenya,Isiolo,Garbatulla,Garbatulla,0.5333,38.52,4
KEN7018,2019-09-15,2019,Violence against civilians,Attack,Unidentified Armed Group (Kenya),Civilians (Kenya),Kenya,Isiolo,Garbatulla,Garbatulla,0.5333,38.52,3
KEN21079,2019-09-17,2019,Riots,Mob violence,Rioters (Kenya),,Kenya,Bungoma,Bumula,Burangasi,0.5214,34.4518,0
KEN6958,2019-09-20,2019,Battles,Armed clash,Unidentified Communal Militia (Kenya),Unidentified Communal Militia (Kenya),Kenya,Taita Taveta,Taveta,Taveta,-3.3988,37.6834,0
KEN6945,2019-09-24,2019,Protests,Peaceful protest,Protesters (Kenya),,Kenya,Muranga,Gatanga,Gatanga,-0.9333,36.9667,0
KEN7002,2019-09-20,2019,Violence against civilians,Attack,Turkana Ethnic Militia (Kenya),Civilians (Kenya),Kenya,Meru,Tigania West,Miathene,0.15,37.7833,1
KEN7105,2019-09-23,2019,Protests,Peaceful protest,Protesters (Kenya),,Kenya,Meru,Tigania West,Ithamare,0.1357,37.7956,0
KEN7104,2019-09-21,2019,Riots,Mob violence,Rioters (Kenya),Rioters (Kenya),Kenya,Kilifi,Malindi,Malindi,-3.22,40.12,0
KEN10610,2019-09-21,2019,Protests,Peaceful protest,Protesters (Kenya),,Kenya,Isiolo,Isiolo,Isiolo,0.3546,37.5822,0
KEN7003,2019-09-21,2019,Violence against civilians,Attack,Police Forces of Kenya (2013-2022),Civilians (Kenya),Kenya,Garissa,Hulugho,Hulugho,-1.15,41.0667,1
KEN7004,2019-09-23,2019,Protests,Protest with intervention,Protesters (Kenya),Police Forces of Kenya (2013-2022),Kenya,Nakuru,Naivasha,Naivasha,-0.7202,36.4285,0
KEN6944,2019-09-23,2019,Protests,Peaceful protest,Protesters (Kenya),,Kenya,Mombasa,Mvita,Mombasa,-4.0547,39.6636,0
KEN7047,2019-09-23,2019,Violence against civilians,Attack,Unidentified Armed Group (Kenya),Civilians (Kenya),Kenya,Samburu,Samburu North,Baragoi,1.7833,36.7833,4
KEN6943,2019-09-26,2019,Battles,Armed clash,Maasai Ethnic Militia (Kenya),Maasai Ethnic Militia (Kenya),Kenya,Narok,Transmara West,Trans Mara,-1.169,34.889,2
KEN6946,2019-09-25,2019,Protests,Peaceful protest,Protesters (Kenya),,Kenya,Kwale,Matuga,Kwale,-4.1738,39.4521,0
KEN10768,2019-09-26,2019,Protests,Peaceful protest,Protesters (Kenya),,Kenya,Kisumu,Kisumu East,Nyalenda,-0.15,34.75,0
KEN10799,2019-09-29,2019,Battles,Armed clash,Maasai-Siria Sub-Clan Militia (Kenya),Maasai-Iruasi Ngishu Sub-Clan Militia (Kenya),Kenya,Narok,Transmara West,Kilgoris,-1.0077,34.8806,2
KEN10798,2019-09-30,2019,Protests,Protest with intervention,Protesters (Kenya),Police Forces of Kenya (2013-2022),Kenya,Narok,Transmara West,Kilgoris,-1.0077,34.8806,0
KEN6959,2019-09-28,2019,Battles,Armed clash,Unidentified Communal Militia (Kenya),Police Forces of Kenya (2013-2022),Kenya,Nakuru,Naivasha,Naivasha,-0.7202,36.4285,1
KEN7106,2019-09-25,2019,Protests,Protest with intervention,Protesters (Kenya),Police Forces of Kenya (2013-2022),Kenya,Nakuru,Naivasha,Naivasha,-0.7202,36.4285,0
KEN7005,2019-09-27,2019,Protests,Peaceful protest,Protesters (Kenya),,Kenya,Nairobi,Kibra,Nairobi - Kibra,-1.3061,36.7857,0
KEN10552,2019-09-27,2019,Riots,Violent demonstration,Rioters (Kenya),Police Forces of Kenya (2013-2022),Kenya,Nairobi,Starehe,Nairobi - Starehe,-1.2881,36.8236,0
KEN20893,2019-09-27,2019,Violence against civilians,Attack,Unidentified Ethnic Militia (Kenya),Civilians (Kenya),Kenya,Samburu,Samburu North,Baragoi,1.7833,36.7833,1
KEN21117,2019-09-26,2019,Riots,Mob violence,Rioters (Kenya),Civilians (Kenya),Kenya,Kilifi,Malindi,Gahaleni,-3.27,40.0874,1
KEN7107,2019-10-01,2019,Protests,Protest with intervention,Protesters (Kenya),Police Forces of Kenya (2013-2022),Kenya,Uasin Gishu,Moiben,Eldoret,0.5167,35.2833,0
KEN6960,2019-10-01,2019,Battles,Armed clash,Police Forces of Kenya (2013-2022),Al Shabaab,Kenya,Mombasa,Likoni,Likoni,-4.0839,39.6616,3
KEN6961,2019-10-01,2019,Protests,Peaceful protest,Protesters (Kenya),,Kenya,Mombasa,Mvita,Mombasa,-4.0547,39.6636,0
KEN6962,2019-10-01,2019,Violence against civilians,Attack,Degodia Clan Militia (Kenya),Civilians (Kenya),Kenya,Mandera,Banissa,Domal,4.0448,40.5124,7
KEN19044,2019-10-04,2019,Violence against civilians,Abduction/forced disappearance,Police Forces of Kenya (2013-2022),Civilians (Kenya),Kenya,Kwale,Msambweni,Kibundani,-4.2857,39.5639,0
KEN7006,2019-10-07,2019,Violence against civilians,Attack,Unidentified Armed Group (Kenya),Civilians (Kenya),Kenya,Embu,Manyatta,Embu,-0.5333,37.45,1
KEN10178,2019-10-09,2019,Violence against civilians,Attack,Pokot Ethnic Militia (Kenya),Civilians (Kenya),Kenya,Samburu,Samburu North,Baragoi,1.7833,36.7833,2
KEN10667,2019-10-10,2019,Protests,Peaceful protest,Protesters (Kenya),,Kenya,Nandi,Nandi East,Nandi Hills,0.1066,35.1838,0
KEN10671,2019-10-10,2019,Violence against civilians,Attack,Police Forces of Kenya (2013-2022),Civilians (Kenya),Kenya,Nandi,Nandi East,Nandi Hills,0.1066,35.1838,0
KEN6963,2019-10-06,2019,Battles,Armed clash,Unidentified Armed Group (Kenya),Police Forces of Kenya (2013-2022),Kenya,Nakuru,Njoro,Mau Narok,-0.6,36,0
KEN6968,2019-10-09,2019,Violence against civilians,Attack,Police Forces of Kenya (2013-2022),Civilians (Kenya),Kenya,Embu,Mbeere North,Siakago,-0.5833,37.6333,0
KEN9729,2019-10-09,2019,Riots,Mob violence,Rioters (Kenya),Police Forces of Kenya (2013-2022),Kenya,Kisumu,Kisumu Central,Kisumu,-0.1,34.75,0
KEN7108,2019-10-07,2019,Riots,Mob violence,Rioters (Kenya),Civilians (Kenya),Kenya,Vihiga,Hamisi,Hamisi,0.0684,34.7975,1
KEN6965,2019-10-07,2019,Protests,Protest with intervention,Protesters (Kenya),Police Forces of Kenya (2013-2022),Kenya,Nairobi,Starehe,Nairobi,-1.283,36.817,0
KEN6967,2019-10-08,2019,Protests,Protest with intervention,Protesters (Kenya),Police Forces of Kenya (2013-2022),Kenya,Nairobi,Starehe,Nairobi,-1.283,36.817,0
KEN6969,2019-10-09,2019,Protests,Peaceful protest,Protesters (Kenya),,Kenya,Nairobi,Starehe,Nairobi,-1.283,36.817,0
KEN6973,2019-10-09,2019,Protests,Peaceful protest,Protesters (Kenya),,Kenya,Nairobi,Starehe,Nairobi,-1.283,36.817,0
KEN6966,2019-10-08,2019,Protests,Protest with intervention,Protesters (Kenya),Police Forces of Kenya (2013-2022),Kenya,Nairobi,Langata,Nairobi - Langata,-1.3508,36.7589,0
KEN6964,2019-10-07,2019,Protests,Protest with intervention,Protesters (Kenya),Police Forces of Kenya (2013-2022),Kenya,Mombasa,Mvita,Mombasa,-4.0547,39.6636,0
KEN7007,2019-10-08,2019,Riots,Violent demonstration,Rioters (Kenya),,Kenya,Migori,Suna West,Migori,-1.0667,34.4667,0
KEN10652,2019-10-07,2019,Protests,Peaceful protest,Protesters (Kenya),,Kenya,Nairobi,Starehe,Nairobi - Starehe,-1.2881,36.8236,0
KEN7008,2019-10-13,2019,Violence against civilians,Attack,Unidentified Armed Group (Kenya),Civilians (Kenya),Kenya,Meru,Tigania East,Lanyiru,0.2672,37.772,1
KEN7010,2019-10-14,2019,Protests,Peaceful protest,Protesters (Kenya),,Kenya,Baringo,Baringo Central,Kabarnet,0.4919,35.743,0
KEN6971,2019-10-11,2019,Riots,Violent demonstration,Rioters (Kenya),,Kenya,Uasin Gishu,Kesses,Moi University,0.2821,35.2946,0
KEN10229,2019-10-13,2019,Riots,Mob violence,Rioters (Kenya),Civilians (Kenya),Kenya,Migori,Suna East,Kakrao,-1.0333,34.4833,0
KEN10766,2019-10-14,2019,Protests,Protest with intervention,Protesters (Kenya),Police Forces of Kenya (2013-2022),Kenya,Kilifi,Kilifi North,Kilifi,-3.633,39.85,0
KEN7009,2019-10-14,2019,Battles,Armed clash,Unidentified Armed Group (Kenya),Police Forces of Kenya (2013-2022),Kenya,Laikipia,Laikipia West,Sipili,0.435,36.3828,0
KEN7011,2019-10-15,2019,Battles,Armed clash,Unidentified Armed Group (Kenya),Police Forces of Kenya (2013-2022),Kenya,Laikipia,Laikipia North,Laikipia,0.4167,36.75,1
KEN10270,2019-10-14,2019,Riots,Violent demonstration,Rioters (Kenya),Police Forces of Kenya (2013-2022),Kenya,Mombasa,Mvita,Mombasa,-4.0547,39.6636,0
KEN6972,2019-10-12,2019,Explosions/Remote violence,Remote explosive/landmine/IED,Al Shabaab,Police Forces of Kenya (2013-2022) General Service Unit,Kenya,Garissa,Dadaab,Amey,0,40.25,11
KEN7014,2019-10-17,2019,Protests,Peaceful protest,Protesters (Kenya),,Kenya,Kisii,Nyaribari Chache,Kisii,-0.6833,34.7667,0
KEN7109,2019-10-16,2019,Protests,Peaceful protest,Protesters (Kenya),,Kenya,Makueni,Makueni,Makueni Kwa Kathoka,-1.8488,37.6684,0
KEN7013,2019-10-16,2019,Protests,Peaceful protest,Protesters (Kenya),,Kenya,Kakamega,Likuyani,Likuyani,0.7101,35.1118,0
KEN10122,2019-10-21,2019,Violence against civilians,Attack,Turkana Ethnic Militia (Kenya),Civilians (Kenya),Kenya,Baringo,Tiaty,Kapedo,1.1692,36.0955,3
KEN10416,2019-10-20,2019,Riots,Mob violence,Rioters (Kenya),,Kenya,Migori,Kuria West,Isebania,-1.2167,34.4667,0
KEN7017,2019-10-20,2019,Violence against civilians,Attack,Police Forces of Kenya (2013-2022) County Inspectorate Officers,Civilians (Kenya),Kenya,Baringo,Koibatek,Eldama Ravine,0.052,35.731,0
KEN7012,2019-10-16,2019,Protests,Protest with intervention,Protesters (Kenya),Police Forces of Kenya (2013-2022),Kenya,Nairobi,Starehe,Nairobi - Starehe,-1.2881,36.8236,0
KEN9745,2019-10-19,2019,Strategic developments,Other,Civilians (Kenya),,Kenya,Mandera,Banissa,Banissa,3.9439,40.3445,0
KEN7020,2019-10-23,2019,Violence against civilians,Attack,Al Shabaab,Civilians (Kenya),Kenya,Mandera,Mandera East,Mandera,3.9357,41.8542,0
KEN7021,2019-10-22,2019,Protests,Peaceful protest,Protesters (Kenya),,Kenya,Uasin Gishu,Moiben,Eldoret,0.5167,35.2833,0
KEN7023,2019-10-22,2019,Protests,Peaceful protest,Protesters (Kenya),,Kenya,Bungoma,Mt Elgon,Chepkitale,1.0573,34.5598,0
KEN7016,2019-10-23,2019,Protests,Peaceful protest,Protesters (Kenya),,Kenya,Nyandarua,Olkalou,Ol Kalou,-0.2709,36.3792,0
KEN7019,2019-10-26,2019,Battles,Armed clash,Siria Clan Militia (Kenya),Ilwuasi Ngishu Clan Militia (Kenya),Kenya,Narok,Transmara West,Trans Mara,-1.169,34.889,0
KEN7022,2019-10-22,2019,Protests,Peaceful protest,Protesters (Kenya),,Kenya,Kakamega,Lurambi,Kakamega,0.2833,34.7384,0
KEN10430,2019-10-25,2019,Riots,Mob violence,Rioters (Kenya),Civilians (Kenya),Kenya,Homa Bay,Ndhiwa,Ndhiwa,-0.7333,34.3667,1
KEN10597,2019-10-22,2019,Protests,Peaceful protest,Protesters (Kenya),,Kenya,Kakamega,Mumias West,Mumias,0.3351,34.4864,0
KEN7015,2019-10-24,2019,Violence against civilians,Attack,Police Forces of Kenya (2013-2022),Civilians (Kenya),Kenya,Homa Bay,Homa Bay Town,Homa Bay,-0.5273,34.4571,1
KEN7025,2019-10-22,2019,Protests,Peaceful protest,Protesters (Kenya),,Kenya,Mombasa,Mvita,Mombasa,-4.0547,39.6636,0
KEN7032,2019-10-26,2019,Riots,Violent demonstration,Rioters (Kenya),Police Forces of Kenya (2013-2022),Kenya,Nairobi,Kasarani,Nairobi - Kasarani,-1.2254,36.8977,0
KEN20942,2019-10-22,2019,Protests,Peaceful protest,Protesters (Kenya),,Kenya,Kilifi,Kilifi South,Chonyi,-3.7806,39.6791,0
KEN7026,2019-10-28,2019,Protests,Peaceful protest,Protesters (Kenya),,Kenya,Kwale,Msambweni,Kibundani,-4.2857,39.5639,0
KEN7027,2019-10-30,2019,Protests,Peaceful protest,Protesters (Kenya),,Kenya,Nyandarua,Kinangop,Engineer,-0.6,36.5833,0
KEN7024,2019-10-27,2019,Battles,Armed clash,Siria Clan Militia (Kenya),Ruasi Ngishu Clan Militia (Kenya),Kenya,Narok,Transmara West,Trans Mara,-1.169,34.889,0
KEN9805,2019-10-31,2019,Protests,Peaceful protest,Protesters (Kenya),,Kenya,Kilifi,Malindi,Malindi,-3.22,40.12,0
KEN7030,2019-10-30,2019,Protests,Protest with intervention,Protesters (Kenya),Police Forces of Kenya (2013-2022),Kenya,Embu,Manyatta,Embu,-0.5333,37.45,0
KEN7035,2019-10-29,2019,Battles,Armed clash,Al Shabaab,Police Forces of Kenya (2013-2022),Kenya,Wajir,Wajir South,Dadaj-Bula,0.5367,40.8771,2
KEN7029,2019-10-28,2019,Protests,Protest with intervention,Protesters (Kenya),Police Forces of Kenya (2013-2022),Kenya,Kiambu,Kikuyu,Kikuyu,-1.2462,36.6629,0
KEN7040,2019-10-31,2019,Riots,Mob violence,Rioters (Kenya),Civilians (Kenya),Kenya,Embu,Manyatta,Kithimu,-0.509,37.5202,1
KEN7048,2019-10-29,2019,Violence against civilians,Attack,Unidentified Armed Group (Kenya),Civilians (Kenya),Kenya,Samburu,Samburu North,Baragoi,1.7833,36.7833,1
KEN7031,2019-10-27,2019,Riots,Mob violence,Rioters (Kenya),Civilians (Kenya),Kenya,Nairobi,Kamukunji,Nairobi - Kamukunji,-1.2759,36.8526,0
KEN10389,2019-10-28,2019,Protests,Peaceful protest,Protesters (Kenya),,Kenya,Mombasa,Mvita,Mombasa,-4.0547,39.6636,0
KEN7033,2019-10-27,2019,Riots,Violent demonstration,Rioters (Kenya),Police Forces of Kenya (2013-2022),Kenya,Nairobi,Kasarani,Nairobi - Kasarani,-1.2254,36.8977,0
KEN7049,2019-11-05,2019,Violence against civilians,Attack,Unidentified Armed Group (Kenya),Civilians (Kenya),Kenya,Marsabit,North Horr,Jaldesa,4.1935,37.0775,3
KEN7041,2019-11-05,2019,Riots,Mob violence,Rioters (Kenya),,Kenya,Embu,Manyatta,Kithimu,-0.509,37.5202,0
KEN7130,2019-11-05,2019,Violence against civilians,Attack,Turkana Ethnic Militia (Kenya),Civilians (Kenya),Kenya,Baringo,Tiaty,Tirioko,1.4504,35.8825,2
KEN7028,2019-11-01,2019,Protests,Peaceful protest,Protesters (Kenya),,Kenya,Kwale,Kinango,Tsunza,-4.0634,39.5647,0
KEN7039,2019-11-05,2019,Protests,Protest with intervention,Protesters (Kenya),Police Forces of Kenya (2013-2022),Kenya,Nairobi,Dagoretti North,Nairobi - Dagoretti North,-1.2793,36.7789,0
KEN10510,2019-11-09,2019,Protests,Peaceful protest,Protesters (Kenya),,Kenya,Wajir,Tarbaj,Tarbaj,2.216,40.12,0
KEN10078,2019-11-09,2019,Riots,Mob violence,Rioters (Kenya),Police Forces of Kenya (2013-2022),Kenya,Kisii,Kitutu Chache North,Marani,-0.5812,34.8003,0
KEN7037,2019-11-06,2019,Battles,Armed clash,Gabra Ethnic Militia (Kenya),Police Forces of Kenya (2013-2022),Kenya,Marsabit,North Horr,Fora,3.658,36.4712,7
KEN7038,2019-11-07,2019,Battles,Armed clash,Police Forces of Kenya (2013-2022) National Police Reservists,Turkana Ethnic Militia (Kenya),Kenya,Meru,Igembe Central,Kangeta,0.2857,37.86,3
KEN7044,2019-11-06,2019,Strategic developments,Agreement,Government of Kenya (2013-2022),Government of Uganda (1986-),Kenya,Migori,Nyatike,Migingo Island,-0.8827,33.9385,0
KEN7131,2019-11-10,2019,Riots,Mob violence,Rioters (Kenya),Civilians (Kenya),Kenya,Kakamega,Malava,Lukume,0.3899,34.7568,0
KEN7042,2019-11-07,2019,Riots,Mob violence,Rioters (Kenya),Civilians (Kenya),Kenya,Nairobi,Kibra,Nairobi - Kibra,-1.3061,36.7857,0
KEN7043,2019-11-07,2019,Riots,Mob violence,Rioters (Kenya),Civilians (Kenya),Kenya,Nairobi,Kibra,Nairobi - Kibra,-1.3061,36.7857,0
KEN10614,2019-11-11,2019,Protests,Peaceful protest,Protesters (Kenya),,Kenya,Machakos,Machakos,Machakos,-1.5167,37.2667,0
KEN10210,2019-11-13,2019,Protests,Protest with intervention,Protesters (Kenya),Police Forces of Kenya (2013-2022),Kenya,Kirinyaga,Kirinyaga Central,Kerugoya,-0.4989,37.2803,0
KEN7118,2019-11-15,2019,Riots,Mob violence,Rioters (Kenya),Civilians (Kenya),Kenya,Busia,Butula,Masebula,0.2789,34.1945,6
KEN7114,2019-11-13,2019,Protests,Peaceful protest,Protesters (Kenya),,Kenya,Taita Taveta,Voi,Voi,-3.3961,38.5561,0
KEN7113,2019-11-12,2019,Protests,Peaceful protest,Protesters (Kenya),,Kenya,Kiambu,Juja,Juja,-1.1833,37.1167,0
KEN7111,2019-11-11,2019,Protests,Excessive force against protesters,Protesters (Kenya),Police Forces of Kenya (2013-2022),Kenya,Kiambu,Juja,Juja,-1.1833,37.1167,0
KEN7115,2019-11-13,2019,Riots,Violent demonstration,Rioters (Kenya),Police Forces of Kenya (2013-2022),Kenya,Kajiado,Kajiado West,Suswa,-1.1167,36.35,0
KEN10459,2019-11-11,2019,Protests,Peaceful protest,Protesters (Kenya),,Kenya,Mombasa,Mvita,Mombasa,-4.0547,39.6636,0
KEN7116,2019-11-13,2019,Riots,Violent demonstration,Rioters (Kenya),Rioters (Kenya),Kenya,Mombasa,Mvita,Mombasa,-4.0547,39.6636,0
KEN7112,2019-11-11,2019,Riots,Mob violence,Rioters (Kenya),Rioters (Kenya),Kenya,Nairobi,Starehe,Nairobi - Starehe,-1.2881,36.8236,0
KEN7117,2019-11-13,2019,Protests,Protest with intervention,Protesters (Kenya),Police Forces of Kenya (2013-2022) General Service Unit,Kenya,Nairobi,Starehe,Nairobi - Starehe,-1.2881,36.8236,0
KEN7119,2019-11-16,2019,Protests,Peaceful protest,Protesters (Kenya),,Kenya,Kirinyaga,Kirinyaga South,Kutus,-0.5753,37.3269,0
KEN7120,2019-11-20,2019,Violence against civilians,Attack,Military Forces of Kenya (2013-2022),Civilians (Kenya),Kenya,Mombasa,Likoni,Likoni,-4.0839,39.6616,1
KEN19045,2019-11-16,2019,Violence against civilians,Attack,Police Forces of Kenya (2013-2022),Civilians (Kenya),Kenya,Taita Taveta,Voi,Voi,-3.3961,38.5561,1
KEN10437,2019-11-23,2019,Violence against civilians,Attack,Unidentified Communal Militia (Kenya),Civilians (Kenya),Kenya,Samburu,Samburu Central,Suguta Marmar,0.902,36.4591,0
KEN7126,2019-11-24,2019,Violence against civilians,Attack,Unidentified Communal Militia (Kenya),Civilians (Kenya),Kenya,Makueni,Makueni,Wote,-1.7808,37.6288,4
KEN7121,2019-11-21,2019,Protests,Peaceful protest,Protesters (Kenya),,Kenya,Turkana,Turkana Central,Lodwar,3.1191,35.5973,0
KEN7123,2019-11-23,2019,Protests,Peaceful protest,Protesters (Kenya),,Kenya,Meru,Imenti North,Nkabune,0.0315,37.6917,0
KEN7124,2019-11-24,2019,Violence against civilians,Attack,Unidentified Armed Group (Kenya),Civilians (Kenya),Kenya,Mombasa,Kisauni,Kisauni,-4.0333,39.6833,0
KEN7125,2019-11-24,2019,Violence against civilians,Attack,Unidentified Armed Group (Kenya),Civilians (Kenya),Kenya,Mombasa,Nyali,Nyali,-4.0525,39.6954,0
KEN7127,2019-11-25,2019,Violence against civilians,Attack,Unidentified Armed Group (Kenya),Civilians (Kenya),Kenya,Garissa,Garissa,Raya,-0.2888,39.6834,1
KEN7134,2019-12-01,2019,Riots,Mob violence,Rioters (Kenya),Rioters (Kenya),Kenya,Kilifi,Kilifi North,Kilifi,-3.633,39.85,0
KEN7137,2019-12-01,2019,Riots,Violent demonstration,Rioters (Kenya),,Kenya,Kisumu,Kisumu West,Maseno,-0.0042,34.6095,0
KEN7128,2019-11-26,2019,Riots,Mob violence,Rioters (Kenya),Civilians (Kenya),Kenya,Kiambu,Kiambu Town,Ndumberi,-1.153,36.8035,1
KEN7132,2019-11-27,2019,Violence against civilians,Attack,Unidentified Armed Group (Kenya),Civilians (Kenya),Kenya,Baringo,Tiaty,Tiati,1.2972,35.9336,1
KEN7133,2019-11-29,2019,Violence against civilians,Attack,Unidentified Communal Militia (Kenya),Civilians (Kenya),Kenya,Machakos,Matungulu,Joska,-1.2841,37.0974,0
KEN7136,2019-12-01,2019,Violence against civilians,Attack,Police Forces of Kenya (2013-2022),Civilians (Kenya),Kenya,Lamu,Lamu East,Mararani,-1.7027,41.3019,0
KEN7135,2019-12-01,2019,Riots,Mob violence,Rioters (Kenya),Police Forces of Kenya (2013-2022),Kenya,Lamu,Lamu East,Mararani,-1.7027,41.3019,0
KEN7129,2019-11-26,2019,Riots,Mob violence,Rioters (Kenya),Civilians (Kenya),Kenya,Kiambu,Kiambu Town,Ting'ang'a,-1.1303,36.8136,1
KEN7143,2019-12-04,2019,Riots,Violent demonstration,Rioters (Kenya),Police Forces of Kenya (2013-2022),Kenya,Nakuru,Njoro,Egerton University,-0.3697,35.9358,0
KEN7146,2019-12-04,2019,Protests,Peaceful protest,Protesters (Kenya),,Kenya,Vihiga,Vihiga,Vihiga,0.0802,34.7237,0
KEN7140,2019-12-02,2019,Riots,Violent demonstration,Rioters (Kenya),,Kenya,Kisumu,Kisumu West,Maseno,-0.0042,34.6095,0
KEN7141,2019-12-03,2019,Violence against civilians,Attack,Unidentified Armed Group (Kenya),Civilians (Kenya),Kenya,Baringo,Tiaty,Kapedo,1.1692,36.0955,3
KEN7144,2019-12-04,2019,Battles,Armed clash,Police Forces of Kenya (2013-2022),Al Shabaab,Kenya,Garissa,Fafi,Fafi,-0.4209,40.2201,0
KEN10380,2019-12-04,2019,Riots,Mob violence,Rioters (Kenya),Civilians (Kenya),Kenya,Nairobi,Starehe,Nairobi,-1.283,36.817,1
KEN7138,2019-12-02,2019,Riots,Violent demonstration,Rioters (Kenya),Police Forces of Kenya (2013-2022),Kenya,Nairobi,Embakasi South,Nairobi - Embakasi South,-1.3261,36.889,0
KEN7139,2019-12-02,2019,Riots,Mob violence,Rioters (Kenya),,Kenya,Mombasa,Likoni,Likoni,-4.0839,39.6616,1
KEN7145,2019-12-04,2019,Protests,Peaceful protest,Protesters (Kenya),,Kenya,Mombasa,Mvita,Mombasa,-4.0547,39.6636,0
KEN7935,2019-12-03,2019,Riots,Mob violence,Rioters (International),Civilians (International),Kenya,Turkana,Turkana West,Kakuma Refugee Camp,3.7524,34.8301,0
KEN7142,2019-12-03,2019,Riots,Mob violence,Rioters (Kenya),Civilians (Kenya),Kenya,Nairobi,Starehe,Nairobi - Starehe,-1.2881,36.8236,2
KEN7147,2019-12-06,2019,Battles,Armed clash,Al Shabaab,Police Forces of Kenya (2013-2022),Kenya,Wajir,Tarbaj,Kotulo,2.4094,40.5948,11
KEN7148,2019-12-08,2019,Battles,Armed clash,Jubilee Coalition (Kieleweke Faction),Jubilee Coalition (Tangatanga Faction),Kenya,Nyeri,Nyeri Central,Nyeri,-0.4167,36.95,0
KEN10485,2019-12-08,2019,Protests,Peaceful protest,Protesters (Kenya),,Kenya,Kiambu,Lari,Lari,-1.0167,36.6333,0
KEN7149,2019-12-10,2019,Riots,Mob violence,Rioters (Sudan),Rioters (South Sudan),Kenya,Turkana,Turkana West,Kakuma Refugee Camp,3.7524,34.8301,5
KEN7150,2019-12-11,2019,Violence against civilians,Attack,Al Shabaab,Civilians (Kenya),Kenya,Lamu,Lamu East,Mbwajumwali,-2.0774,41.134,2
KEN7158,2019-12-16,2019,Riots,Mob violence,Rioters (Kenya),Civilians (Kenya),Kenya,Meru,Igembe Central,Antubeiga,0.2781,37.9381,1
KEN7156,2019-12-16,2019,Violence against civilians,Attack,Al Shabaab,Civilians (Kenya),Kenya,Garissa,Garissa,Garissa,-0.4536,39.6461,9
KEN7155,2019-12-15,2019,Protests,Peaceful protest,Protesters (Kenya),,Kenya,Meru,Imenti Central,Kithirune,-0.0142,37.6303,0
KEN7152,2019-12-13,2019,Protests,Peaceful protest,Protesters (Kenya),,Kenya,Nakuru,Naivasha,Mai Mahiu,-0.9838,36.5899,0
KEN7151,2019-12-12,2019,Riots,Violent demonstration,Rioters (Kenya),,Kenya,Busia,Matayos,Busia,0.46,34.112,0
KEN7154,2019-12-14,2019,Riots,Mob violence,Rioters (Kenya),,Kenya,Elgeyo Marakwet,Keiyo North,Bugar,0.7528,35.504,0
KEN10555,2019-12-15,2019,Riots,Mob violence,Rioters (Kenya),Civilians (Kenya),Kenya,Muranga,Kiharu,Muranga,-0.7166,37.15,0
KEN7153,2019-12-14,2019,Riots,Mob violence,Rioters (Kenya),Civilians (Kenya),Kenya,Mombasa,Likoni,Likoni,-4.0839,39.6616,1
KEN7157,2019-12-16,2019,Protests,Peaceful protest,Protesters (Kenya),,Kenya,Mombasa,Mvita,Makupa,-4.0338,39.6515,0
KEN14181,2019-12-15,2019,Battles,Armed clash,Al Shabaab,Police Forces of Kenya (2013-2022),Kenya,Lamu,Lamu West,Lamu,-2.2717,40.902,1
KEN7166,2019-12-22,2019,Strategic developments,Looting/property destruction,Al Shabaab,Civilians (Kenya),Kenya,Mandera,Mandera East,Hagarsu,3.865,41.7887,0
KEN7165,2019-12-21,2019,Battles,Armed clash,Unidentified Clan Militia (Kenya),Unidentified Clan Militia (Kenya),Kenya,Narok,Narok North,Narok,-1.0783,35.8601,3
KEN7164,2019-12-20,2019,Protests,Peaceful protest,Protesters (Kenya),,Kenya,Nandi,Chesumei,Kapsabet,0.2039,35.105,0
KEN7161,2019-12-17,2019,Violence against civilians,Abduction/forced disappearance,Al Shabaab,Civilians (Kenya),Kenya,Wajir,Wajir East,Konton,2.0053,40.9274,0
KEN10438,2019-12-19,2019,Strategic developments,Other,Unidentified Armed Group (Kenya),,Kenya,Marsabit,North Horr,Jaldesa,4.1935,37.0775,0
KEN10638,2019-12-19,2019,Strategic developments,Looting/property destruction,Pokot Ethnic Militia (Kenya),Civilians (Kenya),Kenya,Turkana,Turkana South,Kainuk,1.7745,35.506,0
KEN7162,2019-12-17,2019,Protests,Peaceful protest,Protesters (Kenya),,Kenya,Machakos,Machakos,Machakos,-1.5167,37.2667,0
KEN7163,2019-12-17,2019,Protests,Peaceful protest,Protesters (Kenya),,Kenya,Kitui,Kitui Central,Kitui,-1.3667,38.0167,0
KEN7160,2019-12-17,2019,Violence against civilians,Attack,Police Forces of Kenya (2013-2022),Civilians (Kenya),Kenya,Embu,Manyatta,Embu,-0.5333,37.45,0
KEN7159,2019-12-17,2019,Riots,Mob violence,Rioters (Kenya),Police Forces of Kenya (2013-2022),Kenya,Nairobi,Ruaraka,Nairobi - Ruaraka,-1.2456,36.8799,1
KEN7174,2019-12-26,2019,Violence against civilians,Abduction/forced disappearance,Al Shabaab,Civilians (Kenya),Kenya,Garissa,Dadaab,Liboi,0.3534,40.8723,0
KEN7172,2019-12-25,2019,Riots,Mob violence,Rioters (Kenya),Civilians (Kenya),Kenya,Kajiado,Kajiado East,Kitengela,-1.4761,36.9614,1
KEN7170,2019-12-24,2019,Protests,Peaceful protest,Protesters (Kenya),,Kenya,Bomet,Chepalungu,Kapkwen,-0.787,35.3002,0
KEN7168,2019-12-23,2019,Protests,Peaceful protest,Protesters (Kenya),,Kenya,Nakuru,Naivasha,Mai Mahiu,-0.9838,36.5899,0
KEN7167,2019-12-23,2019,Violence against civilians,Attack,Unidentified Armed Group (Kenya),Civilians (Kenya),Kenya,Taita Taveta,Voi,Maungu,-3.5581,38.7491,1
KEN7169,2019-12-23,2019,Explosions/Remote violence,Remote explosive/landmine/IED,Al Shabaab,Military Forces of Kenya (2013-2022),Kenya,Wajir,Wajir East,Lagh Kutulo,2.1291,40.929,0
KEN7173,2019-12-26,2019,Violence against civilians,Attack,Police Forces of Kenya (2013-2022),Civilians (Kenya),Kenya,Wajir,Wajir East,Wajir,1.75,40.06,0
KEN7176,2019-12-27,2019,Explosions/Remote violence,Remote explosive/landmine/IED,Al Shabaab,Military Forces of Kenya (2013-2022),Kenya,Wajir,Wajir East,Wajir,1.75,40.06,2
KEN7175,2019-12-27,2019,Riots,Mob violence,Rioters (Kenya),Police Forces of Kenya (2013-2022) Prison Guards,Kenya,Kiambu,Ruiru,Ruiru,-1.15,36.9667,0
KEN7171,2019-12-25,2019,Violence against civilians,Attack,Police Forces of Kenya (2013-2022),Civilians (Kenya),Kenya,Nairobi,Starehe,Nairobi - Starehe,-1.2881,36.8236,2
KEN18920,2019-12-25,2019,Violence against civilians,Attack,Turkana Ethnic Militia (Kenya),Civilians (Kenya),Kenya,Meru,Tigania East,Gambela,0.3978,37.6797,1
KEN7177,2019-12-28,2019,Violence against civilians,Attack,Unidentified Armed Group (Kenya),Civilians (Kenya),Kenya,Lamu,Lamu West,Mpeketoni,-2.3899,40.6987,0
KEN7181,2019-12-31,2019,Violence against civilians,Attack,Unidentified Armed Group (Kenya),Civilians (Kenya),Kenya,Samburu,Samburu North,Baragoi,1.7833,36.7833,2
KEN7180,2019-12-29,2019,Riots,Mob violence,Rioters (Kenya),Civilians (Kenya),Kenya,Kirinyaga,Kirinyaga South,Kutus,-0.5753,37.3269,0
KEN7179,2019-12-29,2019,Riots,Mob violence,Rioters (Kenya),,Kenya,Homa Bay,Kasipul,Kasipul,-0.5,34.75,0
KEN7178,2019-12-29,2019,Violence against civilians,Attack,Police Forces of Kenya (2013-2022),Civilians (Kenya),Kenya,Narok,Transmara West,Trans Mara,-1.169,34.889,1
KEN7182,2019-12-31,2019,Violence against civilians,Attack,Police Forces of Kenya (2013-2022),Civilians (Kenya),Kenya,Kilifi,Kilifi North,Watamu,-3.3543,40.0209,1
KEN7183,2020-01-01,2020,Protests,Peaceful protest,Protesters (Kenya),,Kenya,Migori,Rongo,Rongo,-0.7556,34.5995,0
KEN7184,2020-01-01,2020,Protests,Peaceful protest,Protesters (Kenya),,Kenya,Homa Bay,Ndhiwa,Ndhiwa,-0.7333,34.3667,0
KEN7185,2020-01-02,2020,Violence against civilians,Attack,Al Shabaab,Civilians (Kenya),Kenya,Lamu,Lamu West,Nyangoro,-2.3287,40.3231,3
KEN7195,2020-01-06,2020,Riots,Mob violence,Rioters (Kenya),Civilians (Kenya),Kenya,Kitui,Kitui East,Mutitu,-1.2259,38.19,1
KEN7325,2020-01-05,2020,Violence against civilians,Abduction/forced disappearance,Al Shabaab,Civilians (Kenya),Kenya,Mandera,Lafey,Fino,3.3711,41.4468,0
KEN7186,2020-01-02,2020,Battles,Armed clash,Military Forces of Kenya (2013-2022),Al Shabaab,Kenya,Lamu,Lamu West,Nyangoro,-2.3287,40.3231,4
KEN7194,2020-01-05,2020,Battles,Armed clash,Al Shabaab,Military Forces of Kenya (2013-2022),Kenya,Lamu,Lamu West,Manda,-2.2722,40.9472,8
KEN7189,2020-01-02,2020,Protests,Peaceful protest,Protesters (Kenya),,Kenya,Mombasa,Nyali,Nyali,-4.0525,39.6954,0
KEN7188,2020-01-02,2020,Protests,Peaceful protest,Protesters (Kenya),,Kenya,Machakos,Kathiani,Kathiani,-1.4167,37.3333,0
KEN7197,2020-01-06,2020,Protests,Peaceful protest,Protesters (Kenya),,Kenya,Bomet,Bomet Central,Ndarawetta,-0.6868,35.3801,0
KEN10383,2020-01-04,2020,Riots,Mob violence,Rioters (Kenya),Civilians (Kenya),Kenya,Kitui,Kitui Central,Kitui,-1.3667,38.0167,1
KEN10486,2020-01-02,2020,Protests,Peaceful protest,Protesters (Kenya),,Kenya,Machakos,Athi River,Katani,-1.3636,36.9914,0
KEN10501,2020-01-05,2020,Riots,Mob violence,Rioters (Kenya),Civilians (Kenya),Kenya,Kitui,Mwingi Central Sub- County,Mwingi,-0.9333,38.0667,1
KEN7196,2020-01-06,2020,Riots,Mob violence,Rioters (Kenya),Civilians (Kenya),Kenya,Kitui,Mwingi Central Sub- County,Mwingi,-0.9333,38.0667,1
KEN9753,2020-01-04,2020,Strategic developments,Change to group/activity,Al Shabaab,,Kenya,Tana River,Garsen,Kilelengwani,-2.4779,40.4662,0
KEN7192,2020-01-05,2020,Protests,Peaceful protest,Protesters (Kenya),,Kenya,Uasin Gishu,Moiben,Eldoret,0.5167,35.2833,0
KEN7187,2020-01-02,2020,Protests,Peaceful protest,Protesters (Kenya),,Kenya,Kisumu,Kisumu Central,Kisumu,-0.1,34.75,0
KEN7193,2020-01-05,2020,Protests,Peaceful protest,Protesters (Kenya),,Kenya,Nairobi,Dagoretti North,Nairobi - Dagoretti North,-1.2793,36.7789,0
KEN7191,2020-01-04,2020,Protests,Peaceful protest,Protesters (Kenya),,Kenya,Kilifi,Malindi,Malindi,-3.22,40.12,0
KEN7198,2020-01-06,2020,Protests,Peaceful protest,Protesters (Kenya),,Kenya,Migori,Suna West,Suna,-1.0964,34.4542,0
KEN7199,2020-01-06,2020,Riots,Mob violence,Rioters (Kenya),Civilians (Kenya),Kenya,Makueni,Makueni,Wote,-1.7808,37.6288,0
KEN7190,2020-01-03,2020,Strategic developments,Looting/property destruction,Thika Communal Militia (Kenya),Civilians (Kenya),Kenya,Kiambu,Thika Town,Thika,-1.05,37.0833,0
KEN7204,2020-01-11,2020,Battles,Armed clash,Al Shabaab,Police Forces of Kenya (2013-2022),Kenya,Mandera,Mandera North,Olla,3.9167,40.85,0
KEN7205,2020-01-11,2020,Violence against civilians,Abduction/forced disappearance,Unidentified Armed Group (Kenya),Civilians (Kenya),Kenya,Siaya,Alego Usonga,Siaya,0.06,34.2861,0
KEN7208,2020-01-12,2020,Riots,Mob violence,Rioters (Kenya),Civilians (Kenya),Kenya,Siaya,Alego Usonga,Siaya,0.06,34.2861,1
KEN10082,2020-01-08,2020,Riots,Mob violence,Rioters (Kenya),Civilians (Kenya),Kenya,Machakos,Kangundo,Kangundo,-1.3024,37.3361,0
KEN7200,2020-01-07,2020,Battles,Armed clash,Police Forces of Kenya (2013-2022),Al Shabaab,Kenya,Garissa,Dadaab,Dadaab,0.0524,40.3086,6
KEN10820,2020-01-10,2020,Battles,Armed clash,Al Shabaab,Police Forces of Kenya (2013-2022) General Service Unit,Kenya,Mandera,Mandera East,Mandera,3.9357,41.8542,0
KEN7201,2020-01-08,2020,Protests,Peaceful protest,Protesters (Kenya),,Kenya,Nairobi,Starehe,Nairobi - Starehe,-1.2881,36.8236,0
KEN7203,2020-01-10,2020,Protests,Protest with intervention,Protesters (Kenya),Police Forces of Kenya (2013-2022),Kenya,Nairobi,Dagoretti North,Nairobi - Dagoretti North,-1.2793,36.7789,0
KEN7207,2020-01-12,2020,Protests,Peaceful protest,Protesters (Kenya),,Kenya,Nairobi,Starehe,Nairobi,-1.283,36.817,0
KEN7206,2020-01-12,2020,Riots,Violent demonstration,Rioters (Kenya),Police Forces of Kenya (2013-2022),Kenya,Nakuru,Njoro,Egerton University,-0.3697,35.9358,0
KEN7202,2020-01-09,2020,Protests,Peaceful protest,Protesters (Kenya),,Kenya,Nyeri,Mathira East,Karatina,-0.4817,37.1251,0
KEN7210,2020-01-13,2020,Battles,Armed clash,Al Shabaab,Police Forces of Kenya (2013-2022),Kenya,Garissa,Fafi,Kamuthe,-0.7017,39.8721,3
KEN7220,2020-01-17,2020,Protests,Peaceful protest,Protesters (Kenya),,Kenya,Kajiado,Kajiado West,Suswa,-1.1167,36.35,0
KEN10390,2020-01-13,2020,Protests,Protest with intervention,Protesters (Kenya),Police Forces of Kenya (2013-2022),Kenya,Mombasa,Mvita,Mombasa,-4.0547,39.6636,0
KEN17154,2020-01-14,2020,Violence against civilians,Sexual violence,Unidentified Armed Group (Kenya),Civilians (Kenya),Kenya,Kisumu,Kisumu West,Riat,-0.0575,34.7557,1
KEN7211,2020-01-13,2020,Riots,Violent demonstration,Rioters (Kenya),,Kenya,Nairobi,Kasarani,Nairobi - Kasarani,-1.2254,36.8977,0
KEN7214,2020-01-14,2020,Riots,Violent demonstration,Rioters (Kenya),,Kenya,Nairobi,Kasarani,Nairobi - Kasarani,-1.2254,36.8977,0
KEN7215,2020-01-15,2020,Riots,Violent demonstration,Rioters (Kenya),Police Forces of Kenya (2013-2022),Kenya,Nairobi,Kasarani,Nairobi - Kasarani,-1.2254,36.8977,1
KEN7221,2020-01-16,2020,Riots,Violent demonstration,Rioters (Kenya),Police Forces of Kenya (2013-2022),Kenya,Nairobi,Kasarani,Nairobi - Kasarani,-1.2254,36.8977,0
KEN7213,2020-01-14,2020,Riots,Violent demonstration,Rioters (Kenya),Civilians (Kenya),Kenya,Migori,Awendo,Gamba,-0.8448,34.4913,0
KEN7216,2020-01-15,2020,Protests,Peaceful protest,Protesters (Kenya),,Kenya,Kirinyaga,Kirinyaga Central,Kerugoya,-0.4989,37.2803,0
KEN7212,2020-01-13,2020,Riots,Mob violence,Rioters (Kenya),Civilians (Kenya),Kenya,Nairobi,Starehe,Nairobi,-1.283,36.817,0
KEN7218,2020-01-16,2020,Protests,Peaceful protest,Protesters (Kenya),,Kenya,Nairobi,Starehe,Nairobi,-1.283,36.817,0
KEN7219,2020-01-17,2020,Protests,Peaceful protest,Protesters (Kenya),,Kenya,Nairobi,Starehe,Nairobi,-1.283,36.817,0
KEN7222,2020-01-17,2020,Protests,Peaceful protest,Protesters (Kenya),,Kenya,Bomet,Bomet East,Sotik,-0.7727,35.3455,0
KEN7209,2020-01-13,2020,Riots,Violent demonstration,Rioters (Kenya),Police Forces of Kenya (2013-2022),Kenya,Nakuru,Njoro,Egerton University,-0.3697,35.9358,0
KEN7217,2020-01-16,2020,Protests,Peaceful protest,Protesters (Kenya),,Kenya,Nakuru,Naivasha,Kijabe,-0.9333,36.5723,0
KEN19046,2020-01-15,2020,Violence against civilians,Abduction/forced disappearance,Police Forces of Kenya (2013-2022),Civilians (Kenya),Kenya,Kwale,Matuga,Kombani,-4.1999,39.5811,0
KEN9754,2020-01-20,2020,Strategic developments,Change to group/activity,Al Shabaab,,Kenya,Lamu,Lamu West,Mokowe,-2.2343,40.8466,0
KEN7224,2020-01-18,2020,Battles,Armed clash,Police Forces of Kenya (2013-2022) General Service Unit,Al Shabaab,Kenya,Lamu,Lamu West,Pandanguo,-2.2347,40.4778,0
KEN7223,2020-01-18,2020,Riots,Violent demonstration,Rioters (Kenya),Police Forces of Kenya (2013-2022),Kenya,Nairobi,Embakasi South,Nairobi - Embakasi South,-1.3261,36.889,0
KEN7228,2020-01-21,2020,Strategic developments,Arrests,Police Forces of Kenya (2013-2022),Civilians (Kenya),Kenya,Nairobi,Kamukunji,Nairobi - Kamukunji,-1.2759,36.8526,0
KEN7229,2020-01-21,2020,Riots,Mob violence,Rioters (Kenya),Civilians (Kenya),Kenya,Migori,Suna West,Migori,-1.0667,34.4667,0
KEN10537,2020-01-18,2020,Protests,Protest with intervention,Protesters (Kenya),Police Forces of Kenya (2013-2022),Kenya,Kakamega,Mumias West,Mumias,0.3351,34.4864,0
KEN7225,2020-01-18,2020,Protests,Peaceful protest,Protesters (Kenya),,Kenya,Bomet,Bomet East,Sotik,-0.7727,35.3455,0
KEN7226,2020-01-19,2020,Protests,Peaceful protest,Protesters (Kenya),,Kenya,Bomet,Bomet East,Sotik,-0.7727,35.3455,0
KEN7227,2020-01-20,2020,Riots,Mob violence,Rioters (Kenya),Civilians (Kenya),Kenya,Nairobi,Starehe,Nairobi - Starehe,-1.2881,36.8236,0
KEN7236,2020-01-27,2020,Battles,Armed clash,Siria Clan Militia (Kenya),Uasin Gishu Clan Militia (Kenya),Kenya,Narok,Transmara West,Trans Mara,-1.169,34.889,0
KEN7230,2020-01-23,2020,Battles,Armed clash,Unidentified Armed Group (Kenya),Police Forces of Kenya (2013-2022),Kenya,Garissa,Dadaab,Liboi,0.3534,40.8723,0
KEN7234,2020-01-27,2020,Battles,Armed clash,Pokot Ethnic Militia (Kenya),Police Forces of Kenya (2013-2022),Kenya,Turkana,Turkana East,Lomelo,1.5,35.9167,3
KEN7235,2020-01-27,2020,Battles,Armed clash,Unidentified Clan Militia (Kenya),Police Forces of Kenya (2013-2022),Kenya,Narok,Transmara West,Trans Mara,-1.169,34.889,1
KEN7231,2020-01-24,2020,Riots,Mob violence,Rioters (Kenya),Civilians (Kenya),Kenya,Mombasa,Mvita,Mombasa,-4.0547,39.6636,0
KEN7232,2020-01-24,2020,Violence against civilians,Attack,Al Shabaab,Civilians (Kenya),Kenya,Wajir,Wajir East,Khorof Harar,2.202,40.754,0
KEN7233,2020-01-26,2020,Protests,Peaceful protest,Protesters (Kenya),,Kenya,Garissa,Garissa,Garissa,-0.4536,39.6461,0
KEN7239,2020-01-30,2020,Protests,Peaceful protest,Protesters (Kenya),,Kenya,Kiambu,Kiambu Town,Kiambu,-1.1667,36.8333,0
KEN10502,2020-02-02,2020,Riots,Mob violence,Rioters (Kenya),Civilians (Kenya),Kenya,Nairobi,Ruaraka,Nairobi - Ruaraka,-1.2456,36.8799,1
KEN7238,2020-01-29,2020,Riots,Mob violence,Rioters (Kenya),Civilians (Kenya),Kenya,Homa Bay,Homa Bay Town,Homa Bay,-0.5273,34.4571,1
KEN7240,2020-01-31,2020,Riots,Mob violence,Rioters (Kenya),Civilians (Kenya),Kenya,Homa Bay,Homa Bay Town,Homa Bay,-0.5273,34.4571,0
KEN7237,2020-01-28,2020,Protests,Peaceful protest,Protesters (Kenya),,Kenya,Nairobi,Starehe,Nairobi,-1.283,36.817,0
KEN7242,2020-02-07,2020,Violence against civilians,Attack,Al Shabaab,Civilians (Kenya),Kenya,Garissa,Ijara,Ijara,-1.5952,40.5144,1
KEN10108,2020-02-03,2020,Riots,Violent demonstration,Rioters (Kenya),Police Forces of Kenya (2013-2022),Kenya,Kisumu,Kisumu Central,Kisumu,-0.1,34.75,0
KEN7241,2020-02-07,2020,Riots,Mob violence,Rioters (Kenya),Police Forces of Kenya (2013-2022),Kenya,Kilifi,Ganze,Ganze,-3.543,39.6927,0
KEN21238,2020-02-04,2020,Violence against civilians,Attack,Pokot Ethnic Militia (Kenya),Civilians (Kenya),Kenya,Baringo,Baringo North,Kagir,0.7984,35.9537,1
KEN7247,2020-02-12,2020,Violence against civilians,Attack,Al Shabaab,Civilians (Kenya),Kenya,Garissa,Hulugho,Sangailu,-1.3059,40.7345,0
KEN7243,2020-02-08,2020,Battles,Armed clash,Al Shabaab,Police Forces of Kenya (2013-2022),Kenya,Garissa,Hulugho,Hulugho,-1.15,41.0667,0
KEN7244,2020-02-09,2020,Battles,Armed clash,Al Shabaab,Police Forces of Kenya (2013-2022),Kenya,Lamu,Lamu West,Milihoi,-2.2167,40.7,0
KEN7245,2020-02-11,2020,Battles,Armed clash,Al Shabaab,Police Forces of Kenya (2013-2022),Kenya,Garissa,Fafi,Fafi,-0.4209,40.2201,1
KEN7246,2020-02-11,2020,Riots,Mob violence,Rioters (Kenya),Civilians (Kenya),Kenya,Muranga,Muranga South,Maragwa,-0.8667,37.15,1
KEN21237,2020-02-11,2020,Violence against civilians,Attack,Pokot Ethnic Militia (Kenya),Civilians (Kenya),Kenya,Samburu,Samburu Central,Ltungai,0.8761,36.6902,1
KEN7251,2020-02-17,2020,Riots,Mob violence,Rioters (Kenya),Civilians (Kenya),Kenya,Homa Bay,Suba,Sindo,-0.538,34.1646,0
KEN7254,2020-02-17,2020,Riots,Mob violence,Rioters (Kenya),Civilians (Kenya),Kenya,Machakos,Yatta,Matuu,-1.146,37.5475,1
KEN7248,2020-02-15,2020,Riots,Mob violence,Rioters (Kenya),Civilians (Kenya),Kenya,Machakos,Yatta,Matuu,-1.146,37.5475,1
KEN7250,2020-02-16,2020,Protests,Peaceful protest,Protesters (Kenya),,Kenya,Nairobi,Starehe,Nairobi,-1.283,36.817,0
KEN7249,2020-02-19,2020,Violence against civilians,Attack,Al Shabaab,Civilians (Kenya),Kenya,Wajir,Tarbaj,Sarman,2.5393,39.9527,3
KEN7252,2020-02-19,2020,Strategic developments,Looting/property destruction,Mbale Communal Militia (Kenya),Civilians (Kenya),Kenya,Taita Taveta,Wundanyi,Mbale Town,-3.4,38.3833,0
KEN7255,2020-02-20,2020,Violence against civilians,Attack,Al Shabaab,Civilians (Kenya),Kenya,Garissa,Hulugho,Sangailu,-1.3059,40.7345,0
KEN7257,2020-02-23,2020,Violence against civilians,Attack,Al Shabaab,Civilians (Kenya),Kenya,Garissa,Ijara,Ijara,-1.5952,40.5144,0
KEN7449,2020-02-21,2020,Battles,Armed clash,Unidentified Communal Militia (Kenya),Police Forces of Kenya (2013-2022),Kenya,Baringo,Marigat,Chemorongion,0.4673,36.1935,3
KEN7256,2020-02-20,2020,Protests,Peaceful protest,Protesters (Kenya),,Kenya,Vihiga,Vihiga,Mbale,0.0821,34.7214,0
KEN7448,2020-02-19,2020,Violence against civilians,Attack,Pokot Ethnic Militia (Kenya),Civilians (Kenya),Kenya,Baringo,Baringo North,Ngaratuko,0.7299,35.9763,0
KEN10460,2020-02-20,2020,Protests,Peaceful protest,Protesters (Kenya),,Kenya,Kisumu,Kisumu Central,Kisumu,-0.1,34.75,0
KEN7253,2020-02-19,2020,Protests,Peaceful protest,Protesters (Kenya),,Kenya,Bungoma,Kanduyi,Bungoma,0.5635,34.5606,0
KEN7345,2020-02-20,2020,Explosions/Remote violence,Remote explosive/landmine/IED,Al Shabaab,Civilians (Kenya),Kenya,Mandera,Mandera East,Mandera,3.9357,41.8542,4
KEN7267,2020-02-26,2020,Battles,Armed clash,Isiolo Communal Militia (Kenya),Police Forces of Kenya (2013-2022),Kenya,Laikipia,Laikipia North,Mukogodo,0.4833,36.9333,4
KEN7258,2020-02-24,2020,Violence against civilians,Attack,Maasai Ethnic Militia (Kenya),Civilians (Kenya),Kenya,Nakuru,Naivasha,Mai Mahiu,-0.9838,36.5899,0
KEN10642,2020-02-24,2020,Protests,Peaceful protest,Protesters (Kenya),,Kenya,Nairobi,Kamukunji,Nairobi - Kamukunji,-1.2759,36.8526,0
KEN7263,2020-02-25,2020,Battles,Armed clash,Arbeqarmso Communal Militia (Kenya),Arbeqarmso Communal Militia (Kenya),Kenya,Wajir,Wajir East,Wajir,1.75,40.06,1
KEN7260,2020-02-25,2020,Protests,Peaceful protest,Protesters (Kenya),,Kenya,Homa Bay,Homa Bay Town,Homa Bay,-0.5273,34.4571,0
KEN7261,2020-02-25,2020,Riots,Mob violence,Rioters (Kenya),Civilians (Kenya),Kenya,Mombasa,Kisauni,Mishomoroni,-4.0207,39.6819,1
KEN7265,2020-02-26,2020,Riots,Mob violence,Rioters (Kenya),Civilians (Kenya),Kenya,Mombasa,Kisauni,Mishomoroni,-4.0207,39.6819,3
KEN7259,2020-02-25,2020,Riots,Mob violence,Rioters (Kenya),Civilians (Kenya),Kenya,Kisumu,Nyando,Ahero,-0.1833,34.9166,1
KEN7264,2020-02-26,2020,Battles,Armed clash,Athi River Communal Militia (Kenya),Unidentified Armed Group (Kenya),Kenya,Machakos,Athi River,Athi River,-1.45,36.9833,0
KEN7266,2020-02-27,2020,Protests,Peaceful protest,Protesters (Kenya),,Kenya,Bomet,Chepalungu,Chebunyo,-0.9667,35.1833,0
KEN10394,2020-02-25,2020,Protests,Protest with intervention,Protesters (Kenya),Police Forces of Kenya (2013-2022),Kenya,Nairobi,Starehe,Nairobi,-1.283,36.817,0
KEN7262,2020-02-25,2020,Riots,Violent demonstration,Rioters (Kenya),Police Forces of Kenya (2013-2022),Kenya,Nairobi,Starehe,Nairobi,-1.283,36.817,0
KEN10319,2020-02-24,2020,Protests,Peaceful protest,Protesters (Kenya),,Kenya,Trans Nzoia,Endebess,Chepchoina,1.2028,34.8114,0
KEN7268,2020-03-02,2020,Protests,Peaceful protest,Protesters (Kenya),,Kenya,Kwale,Msambweni,Diani,-4.279,39.594,0
KEN10466,2020-03-02,2020,Protests,Peaceful protest,Protesters (Kenya),,Kenya,Nakuru,Nakuru North,Nakuru,-0.2441,36.142,0
KEN7271,2020-03-04,2020,Battles,Armed clash,Shibina Communal Militia (Kenya),Kakamega Communal Militia (Kenya),Kenya,Kakamega,Mumias West,Mumias,0.3351,34.4864,2
KEN9791,2020-03-02,2020,Battles,Armed clash,Military Forces of Somalia (2017-2022) Jubaland Security Force,Military Forces of Somalia (2017-2022),Kenya,Mandera,Mandera East,Mandera,3.9357,41.8542,0
KEN7269,2020-03-05,2020,Protests,Peaceful protest,Protesters (Kenya),,Kenya,Lamu,Lamu West,Mokowe,-2.2343,40.8466,0
KEN7270,2020-03-05,2020,Protests,Protest with intervention,Protesters (Kenya),Police Forces of Kenya (2013-2022),Kenya,Uasin Gishu,Moiben,Eldoret,0.5167,35.2833,0
KEN7301,2020-03-07,2020,Riots,Mob violence,Rioters (Kenya),Civilians (Kenya),Kenya,Migori,Suna West,Migori,-1.0667,34.4667,1
KEN10599,2020-03-09,2020,Protests,Peaceful protest,Protesters (Kenya),,Kenya,Kisumu,Kisumu Central,Kisumu,-0.1,34.75,0
KEN7272,2020-03-06,2020,Protests,Protest with intervention,Protesters (Kenya),Police Forces of Kenya (2013-2022),Kenya,Bungoma,Kanduyi,Bungoma,0.5635,34.5606,0
KEN7274,2020-03-09,2020,Riots,Violent demonstration,Rioters (Kenya),Police Forces of Kenya (2013-2022),Kenya,Nairobi,Starehe,Nairobi - Starehe,-1.2881,36.8236,0
KEN10780,2020-03-09,2020,Riots,Violent demonstration,Rioters (Kenya),,Kenya,Meru,Imenti North,Meru,0.05,37.65,0
KEN7273,2020-03-09,2020,Riots,Violent demonstration,Rioters (Kenya),,Kenya,West Pokot,West Pokot,Makutano,1.2577,35.0927,0
KEN7291,2020-03-15,2020,Violence against civilians,Attack,Unidentified Armed Group (Kenya),Civilians (Kenya),Kenya,Garissa,Hulugho,Hulugho,-1.15,41.0667,3
KEN7277,2020-03-11,2020,Explosions/Remote violence,Remote explosive/landmine/IED,Al Shabaab,Police Forces of Kenya (2013-2022),Kenya,Mandera,Mandera North,Rhamu,3.9208,41.2192,0
KEN7282,2020-03-15,2020,Explosions/Remote violence,Remote explosive/landmine/IED,Unidentified Armed Group (Kenya),Police Forces of Kenya (2013-2022),Kenya,Garissa,Hulugho,Hulugho,-1.15,41.0667,2
KEN7280,2020-03-13,2020,Violence against civilians,Attack,Military Forces of Ethiopia (2018-),Civilians (Kenya),Kenya,Marsabit,Moyale,Moyale,3.5094,39.0528,5
KEN10318,2020-03-12,2020,Riots,Violent demonstration,Rioters (Kenya),Police Forces of Kenya (2013-2022),Kenya,Baringo,Baringo Central,Kabarnet,0.4919,35.743,0
KEN7278,2020-03-12,2020,Riots,Violent demonstration,Rioters (Kenya),Civilians (Kenya),Kenya,Embu,Manyatta,Embu,-0.5333,37.45,0
KEN7326,2020-03-11,2020,Violence against civilians,Abduction/forced disappearance,Al Shabaab,Civilians (Kenya),Kenya,Mandera,Mandera North,Bamboo,3.5256,40.9707,0
KEN7276,2020-03-11,2020,Violence against civilians,Attack,Al Shabaab,Civilians (Kenya),Kenya,Mandera,Mandera East,Mandera,3.9357,41.8542,2
KEN7279,2020-03-13,2020,Battles,Armed clash,Military Forces of Kenya (2013-2022) Special Forces,Al Shabaab,Kenya,Garissa,Garissa,Garissa,-0.4536,39.6461,6
KEN7333,2020-03-13,2020,Explosions/Remote violence,Remote explosive/landmine/IED,Al Shabaab,Police Forces of Kenya (2013-2022),Kenya,Garissa,Garissa,Garissa,-0.4536,39.6461,2
KEN10173,2020-03-15,2020,Riots,Violent demonstration,Rioters (Kenya),,Kenya,Bungoma,Kimilili,Chesamisi,0.837,34.7895,0
KEN7275,2020-03-10,2020,Protests,Peaceful protest,Protesters (Kenya),,Kenya,Kakamega,Lurambi,Kakamega,0.2833,34.7384,0
KEN7281,2020-03-19,2020,Battles,Armed clash,Military Forces of Kenya (2013-2022),Al Shabaab,Kenya,Garissa,Hulugho,Boni Forest,-1.5394,41.3314,12
KEN7284,2020-03-17,2020,Riots,Mob violence,Rioters (Kenya),Civilians (Kenya),Kenya,Kwale,Msambweni,Ukunda,-4.2875,39.5661,1
KEN7283,2020-03-17,2020,Violence against civilians,Attack,Police Forces of Kenya (2013-2022) Border Patrol Unit,Civilians (Kenya),Kenya,Bungoma,Kanduyi,Bungoma,0.5635,34.5606,0
KEN9790,2020-03-17,2020,Riots,Mob violence,Rioters (Kenya),Civilians (Kenya),Kenya,Nairobi,Starehe,Nairobi,-1.283,36.817,0
KEN7286,2020-03-21,2020,Battles,Armed clash,Military Forces of Kenya (2013-2022),Al Shabaab,Kenya,Lamu,Lamu West,Milihoi,-2.2167,40.7,0
KEN7289,2020-03-28,2020,Riots,Violent demonstration,Rioters (Kenya),Police Forces of Kenya (2013-2022),Kenya,Kisumu,Kisumu Central,Kondele,-0.0789,34.7759,0
KEN7290,2020-03-28,2020,Violence against civilians,Attack,Police Forces of Kenya (2013-2022),Civilians (Kenya),Kenya,Kisumu,Kisumu East,Nyamasaria,-0.1161,34.7837,0
KEN7296,2020-03-27,2020,Violence against civilians,Attack,Police Forces of Kenya (2013-2022),Civilians (Kenya),Kenya,Kisumu,Kisumu Central,Kondele,-0.0789,34.7759,0
KEN10439,2020-03-29,2020,Riots,Violent demonstration,Rioters (Kenya),Civilians (Kenya),Kenya,Nairobi,Roysambu,Nairobi - Roysambu,-1.2067,36.8888,0
KEN7334,2020-03-28,2020,Violence against civilians,Attack,Police Forces of Kenya (2013-2022),Civilians (Kenya),Kenya,Nairobi,Embakasi Central,Nairobi - Embakasi Central,-1.268,36.9148,0
KEN7388,2020-03-29,2020,Violence against civilians,Attack,Police Forces of Kenya (2013-2022),Civilians (Kenya),Kenya,Nairobi,Embakasi North,Nairobi - Embakasi North,-1.2517,36.8995,1
KEN7335,2020-03-29,2020,Violence against civilians,Attack,Police Forces of Kenya (2013-2022),Civilians (Kenya),Kenya,Busia,Matayos,Busia,0.46,34.112,0
KEN7292,2020-03-28,2020,Violence against civilians,Attack,Police Forces of Kenya (2013-2022),Civilians (Kenya),Kenya,Meru,Imenti Central,South Imenti,-0.0667,37.7,0
KEN7297,2020-03-27,2020,Violence against civilians,Attack,Police Forces of Kenya (2013-2022),Civilians (Kenya),Kenya,Homa Bay,Kasipul,Rachuonyo,-0.4333,34.6833,1
KEN7317,2020-03-29,2020,Violence against civilians,Attack,Police Forces of Kenya (2013-2022),Civilians (Kenya),Kenya,Homa Bay,Homa Bay Town,Homa Bay,-0.5273,34.4571,1
KEN7304,2020-03-30,2020,Violence against civilians,Attack,Police Forces of Kenya (2013-2022),Civilians (Kenya),Kenya,Nairobi,Mathare,Nairobi - Mathare,-1.2604,36.8607,1
KEN7294,2020-03-27,2020,Violence against civilians,Attack,Police Forces of Kenya (2013-2022),Civilians (Kenya),Kenya,Nakuru,Nakuru North,Nakuru,-0.2441,36.142,0
KEN7390,2020-03-30,2020,Violence against civilians,Attack,Police Forces of Kenya (2013-2022),Civilians (Kenya),Kenya,Nakuru,Nakuru North,Nakuru,-0.2441,36.142,1
KEN7391,2020-03-30,2020,Protests,Peaceful protest,Protesters (Kenya),,Kenya,Nakuru,Nakuru North,Nakuru,-0.2441,36.142,0
KEN7303,2020-03-27,2020,Violence against civilians,Attack,Police Forces of Kenya (2013-2022),Civilians (Kenya),Kenya,Vihiga,Vihiga,Majengo,0.0333,34.7167,1
KEN7285,2020-03-21,2020,Protests,Peaceful protest,Protesters (Kenya),,Kenya,Kisumu,Kisumu Central,Kisumu,-0.1,34.75,0
KEN7295,2020-03-27,2020,Violence against civilians,Attack,Police Forces of Kenya (2013-2022),Civilians (Kenya),Kenya,Kisumu,Kisumu Central,Kisumu,-0.1,34.75,0
KEN7302,2020-03-25,2020,Riots,Mob violence,Rioters (Kenya),Civilians (Kenya),Kenya,Kisumu,Kisumu Central,Kisumu,-0.1,34.75,1
KEN7336,2020-03-30,2020,Violence against civilians,Attack,Police Forces of Kenya (2013-2022),Civilians (Kenya),Kenya,Kakamega,Mumias West,Mumias,0.3351,34.4864,0
KEN7287,2020-03-26,2020,Riots,Violent demonstration,Rioters (Kenya),Police Forces of Kenya (2013-2022) General Service Unit,Kenya,Mombasa,Likoni,Likoni,-4.0839,39.6616,0
KEN7288,2020-03-27,2020,Violence against civilians,Attack,Police Forces of Kenya (2013-2022),Civilians (Kenya),Kenya,Mombasa,Likoni,Likoni,-4.0839,39.6616,1
KEN7316,2020-03-27,2020,Strategic developments,Change to group/activity,Government of Kenya (2013-2022),,Kenya,Nairobi,Starehe,Nairobi,-1.283,36.817,0
KEN7293,2020-03-26,2020,Violence against civilians,Attack,Police Forces of Kenya (2013-2022),Civilians (Kenya),Kenya,Meru,Imenti North,Meru,0.05,37.65,0
KEN7298,2020-03-27,2020,Violence against civilians,Attack,Police Forces of Kenya (2013-2022),Civilians (Kenya),Kenya,Trans Nzoia,Saboti,Kitale,1.0167,35,0
KEN7315,2020-04-03,2020,Battles,Armed clash,Erwasingishu Clan Militia (Kenya),Isiria Clan Militia (Kenya),Kenya,Narok,Transmara West,Trans Mara,-1.169,34.889,1
KEN7312,2020-04-02,2020,Violence against civilians,Sexual violence,Police Forces of Kenya (2013-2022),Civilians (Kenya),Kenya,Machakos,Yatta,Matuu,-1.146,37.5475,0
KEN7338,2020-04-02,2020,Violence against civilians,Attack,Police Forces of Kenya (2013-2022),Civilians (Kenya),Kenya,Mombasa,Mvita,Mombasa,-4.0547,39.6636,0
KEN7322,2020-04-05,2020,Protests,Peaceful protest,Protesters (Kenya),,Kenya,Kajiado,Kajiado Central,Kajiado,-1.85,36.7833,0
KEN7308,2020-04-01,2020,Violence against civilians,Attack,Police Forces of Kenya (2013-2022),Civilians (Kenya),Kenya,Kwale,Msambweni,Ukunda,-4.2875,39.5661,1
KEN7337,2020-04-01,2020,Violence against civilians,Attack,Police Forces of Kenya (2013-2022),Civilians (Kenya),Kenya,Mombasa,Changamwe,Kipevu,-4.036,39.628,0
KEN7318,2020-04-03,2020,Violence against civilians,Attack,Police Forces of Kenya (2013-2022),Civilians (Kenya),Kenya,Busia,Matayos,Busia,0.46,34.112,0
KEN7307,2020-04-01,2020,Violence against civilians,Attack,Police Forces of Kenya (2013-2022),Civilians (Kenya),Kenya,Nakuru,Nakuru North,Nakuru,-0.2441,36.142,0
KEN7311,2020-04-02,2020,Riots,Violent demonstration,Rioters (Kenya),Civilians (Kenya),Kenya,Kirinyaga,Kirinyaga South,Kutus,-0.5753,37.3269,0
KEN7309,2020-04-02,2020,Riots,Violent demonstration,Rioters (Kenya),Police Forces of Kenya (2013-2022),Kenya,Isiolo,Isiolo,Isiolo,0.3546,37.5822,0
KEN7310,2020-04-02,2020,Riots,Mob violence,Rioters (Kenya),Civilians (Kenya),Kenya,Kisumu,Kisumu Central,Kisumu,-0.1,34.75,2
KEN7313,2020-04-02,2020,Violence against civilians,Attack,Police Forces of Kenya (2013-2022),Civilians (Kenya),Kenya,Kakamega,Mumias West,Mumias,0.3351,34.4864,0
KEN7314,2020-04-03,2020,Violence against civilians,Attack,Police Forces of Kenya (2013-2022),Civilians (Kenya),Kenya,Kakamega,Mumias West,Mumias,0.3351,34.4864,0
KEN7319,2020-04-03,2020,Riots,Mob violence,Rioters (Kenya),Rioters (Kenya),Kenya,Kisumu,Kisumu Central,Kisumu,-0.1,34.75,4
KEN7321,2020-04-04,2020,Protests,Protest with intervention,Protesters (Kenya),Police Forces of Kenya (2013-2022),Kenya,Kisumu,Kisumu Central,Kisumu,-0.1,34.75,0
KEN7402,2020-04-04,2020,Violence against civilians,Attack,Police Forces of Kenya (2013-2022),Civilians (Kenya),Kenya,Nairobi,Dagoretti North,Nairobi - Dagoretti North,-1.2793,36.7789,1
KEN7306,2020-04-01,2020,Violence against civilians,Attack,Police Forces of Kenya (2013-2022),Civilians (Kenya),Kenya,Nakuru,Njoro,Mauche,-0.5083,35.9752,0
KEN7450,2020-04-02,2020,Violence against civilians,Attack,Tugen Ethnic Militia (Kenya),Civilians (Kenya),Kenya,Baringo,Tiaty,Kolowa,1.1833,35.7333,0
KEN7305,2020-04-01,2020,Violence against civilians,Attack,Police Forces of Kenya (2013-2022),Civilians (Kenya),Kenya,Kakamega,Lurambi,Kakamega,0.2833,34.7384,1
KEN7320,2020-04-04,2020,Riots,Violent demonstration,Rioters (Kenya),Police Forces of Kenya (2013-2022),Kenya,Kakamega,Lurambi,Kakamega,0.2833,34.7384,0
KEN7327,2020-04-07,2020,Battles,Armed clash,Maasai Ethnic Militia (Kenya),Maasai Ethnic Militia (Kenya),Kenya,Narok,Transmara East,Pimbinyiet,-0.9543,35.0452,0
KEN7393,2020-04-10,2020,Violence against civilians,Attack,Police Forces of Kenya (2013-2022),Civilians (Kenya),Kenya,Nairobi,Kasarani,Nairobi - Kasarani,-1.2254,36.8977,1
KEN7328,2020-04-10,2020,Riots,Violent demonstration,Rioters (Kenya),,Kenya,Migori,Suna West,Migori,-1.0667,34.4667,0
KEN7323,2020-04-07,2020,Violence against civilians,Attack,Police Forces of Kenya (2013-2022),Civilians (Kenya),Kenya,Kakamega,Mumias West,Mumias,0.3351,34.4864,1
KEN7331,2020-04-13,2020,Violence against civilians,Attack,Unidentified Armed Group (Kenya),Civilians (Kenya),Kenya,Nyamira,Nyamira,Nyamira,-0.5666,34.9167,0
KEN10705,2020-04-18,2020,Battles,Armed clash,Pokot Ethnic Militia (Kenya),Police Forces of Kenya (2013-2022) General Service Unit,Kenya,Baringo,Marigat,Arabal,0.5138,36.1756,0
KEN7361,2020-04-15,2020,Protests,Peaceful protest,Protesters (Kenya),,Kenya,Meru,Tigania West,Tigania,0.1667,37.75,0
KEN7362,2020-04-15,2020,Battles,Armed clash,Al Shabaab,Police Forces of Kenya (2013-2022),Kenya,Wajir,Wajir East,Wajir,1.75,40.06,10
KEN7332,2020-04-13,2020,Battles,Armed clash,Al Shabaab,Police Forces of Kenya (2013-2022),Kenya,Wajir,Wajir East,Wajir,1.75,40.06,2
KEN10774,2020-04-12,2020,Riots,Mob violence,Rioters (Kenya),Police Forces of Kenya (2013-2022),Kenya,Kirinyaga,Kirinyaga East,Ngariama,-0.4301,37.4112,0
KEN7329,2020-04-12,2020,Riots,Mob violence,Rioters (Kenya),Civilians (Kenya),Kenya,Nakuru,Molo,Elburgon,-0.3,35.8167,0
KEN7330,2020-04-12,2020,Riots,Violent demonstration,Rioters (Kenya),Police Forces of Kenya (2013-2022),Kenya,Kitui,Kitui Central,Kitui,-1.3667,38.0167,0
KEN10311,2020-04-14,2020,Riots,Mob violence,Rioters (Kenya),Police Forces of Kenya (2013-2022),Kenya,Kilifi,Malindi,Malindi,-3.22,40.12,0
KEN7342,2020-04-24,2020,Battles,Armed clash,Al Shabaab,Military Forces of Kenya (2013-2022),Kenya,Mandera,Lafey,Sheikh Barrow,3.5042,41.1934,0
KEN9368,2020-04-24,2020,Violence against civilians,Abduction/forced disappearance,Unidentified Armed Group (Kenya),Civilians (Kenya),Kenya,Nairobi,Embakasi Central,Nairobi - Embakasi Central,-1.268,36.9148,0
KEN7343,2020-04-24,2020,Riots,Mob violence,Rioters (Kenya),Civilians (Kenya),Kenya,Vihiga,Vihiga,Vihiga,0.0802,34.7237,3
KEN7346,2020-04-24,2020,Protests,Peaceful protest,Protesters (Kenya),,Kenya,Kericho,Kipkelion East,Kalyet,-0.0953,35.4694,0
KEN7340,2020-04-24,2020,Explosions/Remote violence,Remote explosive/landmine/IED,Al Shabaab,Police Forces of Kenya (2013-2022),Kenya,Mandera,Mandera South,El Wak,2.8094,40.9358,2
KEN7339,2020-04-22,2020,Battles,Armed clash,Military Forces of Somalia (2017-2022) Jubaland Security Force,Military Forces of Somalia (2017-2022),Kenya,Mandera,Mandera East,Mandera,3.9357,41.8542,0
KEN7341,2020-04-24,2020,Battles,Armed clash,Police Forces of Kenya (2013-2022),Unidentified Armed Group (Kenya),Kenya,Mombasa,Likoni,Likoni,-4.0839,39.6616,1
KEN7347,2020-04-25,2020,Riots,Mob violence,Rioters (Kenya),Military Forces of Kenya (2013-2022),Kenya,Kakamega,Lurambi,Kakamega,0.2833,34.7384,0
KEN7351,2020-04-27,2020,Riots,Mob violence,Rioters (Kenya),Civilians (Kenya),Kenya,Elgeyo Marakwet,Marakwet West,Elegeyo-Marakwet,0.99,35.55,1
KEN10487,2020-04-29,2020,Protests,Peaceful protest,Protesters (Kenya),,Kenya,Samburu,Samburu Central,Maralal,1.0968,36.698,0
KEN7348,2020-04-26,2020,Riots,Mob violence,Rioters (Kenya),Civilians (Kenya),Kenya,Embu,Manyatta,Embu,-0.5333,37.45,1
KEN7349,2020-04-27,2020,Protests,Peaceful protest,Protesters (Kenya),,Kenya,Muranga,Kiharu,Muranga,-0.7166,37.15,0
KEN7350,2020-04-27,2020,Riots,Violent demonstration,Rioters (Kenya),Police Forces of Kenya (2013-2022),Kenya,Kiambu,Thika Town,Thika,-1.05,37.0833,0
KEN7352,2020-04-27,2020,Riots,Mob violence,Rioters (Kenya),Military Forces of Kenya (2013-2022),Kenya,Kakamega,Lurambi,Kakamega,0.2833,34.7384,1
KEN7353,2020-05-01,2020,Protests,Peaceful protest,Protesters (International),,Kenya,Turkana,Turkana West,Kakuma,3.717,34.867,0
KEN10592,2020-05-04,2020,Violence against civilians,Abduction/forced disappearance,Police Forces of Kenya (2013-2022),Civilians (Kenya),Kenya,Nairobi,Kamukunji,Nairobi - Kamukunji,-1.2759,36.8526,0
KEN7355,2020-05-04,2020,Protests,Protest with intervention,Protesters (Kenya),Police Forces of Kenya (2013-2022),Kenya,Nairobi,Mathare,Nairobi - Mathare,-1.2604,36.8607,0
KEN7404,2020-05-04,2020,Violence against civilians,Attack,Police Forces of Kenya (2013-2022),Civilians (Kenya),Kenya,Nairobi,Mathare,Nairobi - Mathare,-1.2604,36.8607,1
KEN10353,2020-05-03,2020,Riots,Mob violence,Rioters (Kenya),Police Forces of Kenya (2013-2022),Kenya,Bomet,Bomet East,Bomet,-0.7833,35.35,0
KEN10493,2020-05-01,2020,Protests,Peaceful protest,Protesters (Kenya),,Kenya,Nakuru,Nakuru North,Nakuru,-0.2441,36.142,0
KEN7372,2020-05-03,2020,Violence against civilians,Sexual violence,Police Forces of Kenya (2013-2022),Civilians (Kenya),Kenya,Nakuru,Nakuru North,Nakuru,-0.2441,36.142,0
KEN10317,2020-05-03,2020,Battles,Armed clash,Unidentified Armed Group (Kenya),Police Forces of Kenya (2013-2022),Kenya,Kilifi,Rabai,Mazeras,-3.9667,39.55,1
KEN7354,2020-05-04,2020,Riots,Violent demonstration,Rioters (Kenya),Civilians (Kenya),Kenya,Nairobi,Kibra,Nairobi - Kibra,-1.3061,36.7857,1
KEN10238,2020-05-07,2020,Protests,Peaceful protest,Protesters (Kenya),,Kenya,Nairobi,Ruaraka,Nairobi - Ruaraka,-1.2456,36.8799,0
KEN10591,2020-05-06,2020,Protests,Peaceful protest,Protesters (Kenya),,Kenya,Nairobi,Kamukunji,Nairobi - Kamukunji,-1.2759,36.8526,0
KEN7358,2020-05-07,2020,Protests,Peaceful protest,Protesters (Kenya),,Kenya,Nairobi,Kamukunji,Nairobi - Kamukunji,-1.2759,36.8526,0
KEN7359,2020-05-08,2020,Riots,Mob violence,Rioters (Kenya),Civilians (Kenya),Kenya,Kisii,Nyaribari Chache,Kisii,-0.6833,34.7667,4
KEN7363,2020-05-06,2020,Violence against civilians,Attack,Police Forces of Kenya (2013-2022),Civilians (Kenya),Kenya,Bomet,Bomet East,Bomet,-0.7833,35.35,0
KEN7364,2020-05-10,2020,Violence against civilians,Attack,Police Forces of Kenya (2013-2022),Civilians (Kenya),Kenya,Bomet,Bomet East,Bomet,-0.7833,35.35,0
KEN7357,2020-05-06,2020,Riots,Mob violence,Rioters (Kenya),Police Forces of Kenya (2013-2022),Kenya,Homa Bay,Karachuonyo,Kalwal,-0.4439,34.5071,1
KEN7356,2020-05-07,2020,Battles,Armed clash,Maasai Ethnic Militia (Kenya),Police Forces of Kenya (2013-2022),Kenya,Samburu,Samburu Central,Maralal,1.0968,36.698,0
KEN10350,2020-05-10,2020,Riots,Mob violence,Rioters (Kenya),Civilians (Kenya),Kenya,Nairobi,Kibra,Nairobi - Kibra,-1.3061,36.7857,1
KEN7360,2020-05-08,2020,Riots,Violent demonstration,Rioters (Kenya),Police Forces of Kenya (2013-2022),Kenya,Nairobi,Ruaraka,Nairobi - Ruaraka,-1.2456,36.8799,0
KEN7371,2020-05-15,2020,Battles,Armed clash,Al Shabaab,Police Forces of Kenya (2013-2022),Kenya,Wajir,Wajir East,Qarsa,2.078,40.7483,7
KEN7368,2020-05-12,2020,Riots,Mob violence,Rioters (Kenya),Civilians (Kenya),Kenya,Siaya,Alego Usonga,Siaya,0.06,34.2861,1
KEN10095,2020-05-14,2020,Protests,Peaceful protest,Protesters (Kenya),,Kenya,Nairobi,Mathare,Nairobi - Mathare,-1.2604,36.8607,0
KEN7365,2020-05-11,2020,Protests,Peaceful protest,Protesters (Kenya),,Kenya,Nairobi,Kamukunji,Nairobi - Kamukunji,-1.2759,36.8526,0
KEN7366,2020-05-12,2020,Riots,Mob violence,Rioters (Kenya),Civilians (Kenya),Kenya,Nairobi,Kamukunji,Nairobi - Kamukunji,-1.2759,36.8526,0
KEN7367,2020-05-12,2020,Riots,Mob violence,Rioters (Kenya),Civilians (Kenya),Kenya,Nairobi,Embakasi Central,Nairobi - Embakasi Central,-1.268,36.9148,1
KEN7379,2020-05-16,2020,Explosions/Remote violence,Air/drone strike,Military Forces of Kenya (2013-2022),Al Shabaab,Kenya,Wajir,Wajir East,Wajir,1.75,40.06,0
KEN9794,2020-05-12,2020,Protests,Peaceful protest,Protesters (Kenya),,Kenya,Elgeyo Marakwet,Keiyo South,Kipsaina,0.3377,35.57,0
KEN10417,2020-05-13,2020,Riots,Mob violence,Rioters (Kenya),Civilians (Kenya),Kenya,Busia,Matayos,Busia,0.46,34.112,1
KEN7451,2020-05-13,2020,Battles,Armed clash,Unidentified Communal Militia (Kenya),Police Forces of Kenya (2013-2022),Kenya,Baringo,Baringo North,Ngaratuko,0.7299,35.9763,0
KEN10884,2020-05-16,2020,Protests,Peaceful protest,Protesters (Kenya),,Kenya,Kericho,Bureti,Litiik,-0.55,35.1178,0
KEN7394,2020-05-14,2020,Protests,Peaceful protest,Protesters (Kenya),,Kenya,Uasin Gishu,Moiben,Eldoret,0.5167,35.2833,0
KEN9764,2020-05-14,2020,Protests,Peaceful protest,Protesters (Kenya),,Kenya,Embu,Manyatta,Embu,-0.5333,37.45,0
KEN10110,2020-05-14,2020,Riots,Violent demonstration,Rioters (Kenya),,Kenya,Nairobi,Starehe,Nairobi - Starehe,-1.2881,36.8236,0
KEN7370,2020-05-13,2020,Protests,Protest with intervention,Protesters (Kenya),Police Forces of Kenya (2013-2022),Kenya,Kirinyaga,Kirinyaga South,Ngurubani,-0.6879,37.3508,0
KEN10520,2020-05-13,2020,Riots,Mob violence,Rioters (Kenya),Civilians (Kenya),Kenya,Nyeri,Mathira East,Ragati,-0.3799,37.1489,1
KEN7369,2020-05-13,2020,Riots,Violent demonstration,Rioters (Kenya),Police Forces of Kenya (2013-2022),Kenya,Meru,Igembe Central,Antubeiga,0.2781,37.9381,0
KEN10315,2020-05-18,2020,Strategic developments,Looting/property destruction,Al Shabaab,Civilians (Kenya),Kenya,Wajir,Wajir East,Khorof Harar,2.202,40.754,0
KEN7382,2020-05-18,2020,Explosions/Remote violence,Remote explosive/landmine/IED,Unidentified Armed Group (Kenya),Police Forces of Kenya (2013-2022),Kenya,Wajir,Wajir East,Khorof Harar,2.202,40.754,0
KEN7383,2020-05-19,2020,Protests,Peaceful protest,Protesters (Kenya),,Kenya,Kiambu,Lari,Lari,-1.0167,36.6333,0
KEN7386,2020-05-21,2020,Protests,Peaceful protest,Protesters (Kenya),,Kenya,Migori,Rongo,Rongo,-0.7556,34.5995,0
KEN7380,2020-05-17,2020,Violence against civilians,Attack,Police Forces of Kenya (2013-2022),Civilians (Kenya),Kenya,Laikipia,Laikipia North,Doldol,0.1817,37.0092,0
KEN9705,2020-05-19,2020,Riots,Violent demonstration,Rioters (Kenya),,Kenya,Migori,Awendo,Bondo Otuchi,-0.8628,34.5146,0
KEN7373,2020-05-20,2020,Violence against civilians,Attack,Police Forces of Kenya (2013-2022),Civilians (Kenya),Kenya,Kisumu,Kisumu Central,Kisumu,-0.1,34.75,1
KEN7381,2020-05-18,2020,Battles,Armed clash,Al Shabaab,Police Forces of Kenya (2013-2022),Kenya,Taita Taveta,Mwatate,Mwashuma,-3.5,38.3,0
KEN7384,2020-05-20,2020,Riots,Mob violence,Rioters (Kenya),Police Forces of Kenya (2013-2022),Kenya,Kericho,Bureti,Litein,-0.5833,35.1833,0
KEN7385,2020-05-21,2020,Protests,Peaceful protest,Protesters (Kenya),,Kenya,Bungoma,Kanduyi,Bungoma,0.5635,34.5606,0
KEN7376,2020-05-25,2020,Battles,Armed clash,Kipsigis Ethnic Militia (Kenya),Maasai Ethnic Militia (Kenya),Kenya,Narok,Narok North,Olpusimoru,-0.6581,35.7328,4
KEN10316,2020-05-23,2020,Violence against civilians,Attack,Police Forces of Kenya (2013-2022),Civilians (Kenya),Kenya,Nairobi,Roysambu,Nairobi - Roysambu,-1.2067,36.8888,0
KEN7405,2020-05-26,2020,Protests,Peaceful protest,Protesters (Kenya),,Kenya,Siaya,Ugenya,Ukwala,0.1904,34.1891,0
KEN7375,2020-05-25,2020,Battles,Armed clash,Kipsigis Ethnic Militia (Kenya),Maasai Ethnic Militia (Kenya),Kenya,Narok,Narok South,Olololunga,-1.003,35.664,4
KEN10823,2020-05-25,2020,Protests,Peaceful protest,Protesters (Kenya),,Kenya,Busia,Teso South,Ochude,0.5333,34.25,0
KEN7374,2020-05-22,2020,Battles,Armed clash,Ikoli Ethnic Militia (Kenya),Nandi Ethnic Militia (Kenya),Kenya,Kakamega,Lurambi,Kakamega,0.2833,34.7384,1
KEN20679,2020-05-24,2020,Violence against civilians,Attack,Police Forces of Kenya (2013-2022),Civilians (Kenya),Kenya,Nyandarua,Ndaragwa,Gwa Kung'u,0.014,36.4917,1
KEN7399,2020-05-30,2020,Violence against civilians,Attack,Police Forces of Kenya (2013-2022),Civilians (Kenya),Kenya,Kwale,Matuga,Kwale,-4.1738,39.4521,3
KEN7401,2020-05-31,2020,Strategic developments,Looting/property destruction,Police Forces of Kenya (2013-2022),Civilians (Kenya),Kenya,Baringo,Tiaty,Tiati,1.2972,35.9336,0
KEN7396,2020-05-29,2020,Violence against civilians,Attack,Police Forces of Kenya (2013-2022),Civilians (Kenya),Kenya,Nandi,Chesumei,Kapsabet,0.2039,35.105,2
KEN7400,2020-05-31,2020,Violence against civilians,Attack,Police Forces of Kenya (2013-2022),Civilians (Kenya),Kenya,Makueni,Kibwezi West,Emali,-2.0807,37.4726,1
KEN7407,2020-05-31,2020,Violence against civilians,Sexual violence,Police Forces of Kenya (2013-2022),Civilians (Kenya),Kenya,Embu,Manyatta,Manyatta,-0.4307,37.4803,0
KEN7377,2020-05-29,2020,Battles,Armed clash,Al Shabaab,Military Forces of Kenya (2013-2022),Kenya,Garissa,Garissa,Garissa,-0.4536,39.6461,0
KEN7378,2020-05-30,2020,Battles,Armed clash,Al Shabaab,Police Forces of Kenya (2013-2022),Kenya,Kwale,Msambweni,Diani,-4.279,39.594,3
KEN7389,2020-05-29,2020,Riots,Violent demonstration,Rioters (Kenya),Police Forces of Kenya (2013-2022),Kenya,Nairobi,Starehe,Nairobi - Starehe,-1.2881,36.8236,0
KEN7406,2020-05-27,2020,Violence against civilians,Attack,Police Forces of Kenya (2013-2022),Civilians (Kenya),Kenya,Nairobi,Starehe,Nairobi,-1.283,36.817,0
KEN10211,2020-05-31,2020,Protests,Peaceful protest,Protesters (Kenya),,Kenya,Nyeri,Mathira East,Ndimaini,-0.5167,37.1333,0
KEN10767,2020-06-02,2020,Protests,Excessive force against protesters,Protesters (Kenya),Police Forces of Kenya (2013-2022) General Service Unit,Kenya,Kajiado,Kajiado East,Masimba,-2.1586,37.5919,4
KEN7387,2020-06-02,2020,Protests,Peaceful protest,Protesters (Kenya),,Kenya,Nairobi,Mathare,Nairobi - Mathare,-1.2604,36.8607,0
KEN7392,2020-06-01,2020,Violence against civilians,Attack,Police Forces of Kenya (2013-2022),Civilians (Kenya),Kenya,Nairobi,Mathare,Nairobi - Mathare,-1.2604,36.8607,1
KEN7397,2020-06-03,2020,Protests,Peaceful protest,Protesters (Kenya),,Kenya,Bomet,Bomet East,Bomet,-0.7833,35.35,0
KEN7395,2020-06-02,2020,Protests,Protest with intervention,Protesters (Kenya),Police Forces of Kenya (2013-2022),Kenya,Nairobi,Westlands,Nairobi - Westlands,-1.2379,36.7879,0
KEN7398,2020-06-03,2020,Protests,Peaceful protest,Protesters (Kenya),,Kenya,Nairobi,Starehe,Nairobi,-1.283,36.817,0
KEN7403,2020-06-04,2020,Riots,Violent demonstration,Rioters (Kenya),Police Forces of Kenya (2013-2022),Kenya,Kajiado,Kajiado Central,Kajiado,-1.85,36.7833,0
KEN7414,2020-06-06,2020,Battles,Armed clash,Borana Communal Militia (Kenya),Degodia Clan Militia (Kenya),Kenya,Marsabit,Moyale,Moyale,3.5094,39.0528,4
KEN7408,2020-06-07,2020,Riots,Mob violence,Rioters (Kenya),Civilians (Kenya),Kenya,Tharaka-Nithi,Tharaka South,Marimanti,-0.1576,37.9724,1
KEN7417,2020-06-10,2020,Battles,Armed clash,Unidentified Communal Militia (Kenya),Unidentified Communal Militia (Kenya),Kenya,Marsabit,Moyale,Sololo,3.55,38.65,3
KEN7409,2020-06-07,2020,Violence against civilians,Attack,Police Forces of Kenya (2013-2022),Civilians (Kenya),Kenya,Narok,Narok North,Narok,-1.0783,35.8601,0
KEN7410,2020-06-08,2020,Battles,Armed clash,Unidentified Armed Group (Kenya),Police Forces of Kenya (2013-2022),Kenya,Lamu,Lamu East,Tundwa,-2.0788,41.1148,1
KEN7411,2020-06-08,2020,Protests,Protest with intervention,Protesters (Kenya),Police Forces of Kenya (2013-2022),Kenya,Nairobi,Ruaraka,Nairobi - Ruaraka,-1.2456,36.8799,0
KEN7416,2020-06-08,2020,Violence against civilians,Attack,Unidentified Ethnic Militia (Kenya),Civilians (Kenya),Kenya,Marsabit,Saku,Songa,2.2,37.9667,4
KEN7424,2020-06-09,2020,Riots,Violent demonstration,Rioters (Kenya),Police Forces of Kenya (2013-2022),Kenya,Marsabit,Saku,Marsabit,2.333,37.983,0
KEN7412,2020-06-11,2020,Protests,Peaceful protest,Protesters (Kenya),,Kenya,Kirinyaga,Kirinyaga South,Kutus,-0.5753,37.3269,0
KEN7415,2020-06-07,2020,Violence against civilians,Attack,Police Forces of Kenya (2013-2022),Civilians (Kenya),Kenya,West Pokot,West Pokot,Makutano,1.2577,35.0927,0
KEN7418,2020-06-13,2020,Riots,Mob violence,Rioters (Kenya),Civilians (Kenya),Kenya,Tharaka-Nithi,Tharaka South,Marimanti,-0.1576,37.9724,1
KEN7413,2020-06-13,2020,Riots,Mob violence,Rioters (Kenya),Police Forces of Kenya (2013-2022),Kenya,Kisumu,Kisumu Central,Kadiju,-0.0894,34.7724,0
KEN7425,2020-06-15,2020,Protests,Peaceful protest,Protesters (Kenya),,Kenya,Nairobi,Mathare,Nairobi - Mathare,-1.2604,36.8607,0
KEN10314,2020-06-13,2020,Violence against civilians,Attack,Unidentified Ethnic Militia (Kenya),Civilians (Kenya),Kenya,Marsabit,Saku,Sagante,2.3621,38.0437,4
KEN7426,2020-06-15,2020,Protests,Peaceful protest,Protesters (Kenya),,Kenya,Kiambu,Limuru,Rironi,-1.1519,36.6371,0
KEN7420,2020-06-14,2020,Battles,Armed clash,Al Shabaab,Police Forces of Kenya (2013-2022),Kenya,Mandera,Lafey,Lafey,3.1508,41.1862,2
KEN7422,2020-06-14,2020,Protests,Peaceful protest,Protesters (Kenya),,Kenya,Nakuru,Nakuru North,Nakuru,-0.2441,36.142,0
KEN7428,2020-06-15,2020,Violence against civilians,Attack,Police Forces of Kenya (2013-2022),Civilians (Kenya),Kenya,Kericho,Bureti,Litein,-0.5833,35.1833,0
KEN7421,2020-06-14,2020,Violence against civilians,Sexual violence,Al Shabaab,Civilians (Kenya),Kenya,Mandera,Mandera East,Mandera,3.9357,41.8542,0
KEN7427,2020-06-13,2020,Riots,Mob violence,Rioters (Kenya),Rioters (Kenya),Kenya,Trans Nzoia,Saboti,Kitale,1.0167,35,0
KEN7419,2020-06-13,2020,Riots,Mob violence,Rioters (Kenya),Civilians (Kenya),Kenya,Makueni,Makueni,Wote,-1.7808,37.6288,1
KEN7429,2020-06-21,2020,Violence against civilians,Attack,Police Forces of Kenya (2013-2022),Civilians (Kenya),Kenya,Lamu,Lamu West,Mpeketoni,-2.3899,40.6987,0
KEN10111,2020-06-19,2020,Riots,Violent demonstration,Rioters (Kenya),,Kenya,Mombasa,Changamwe,Changamwe,-4.0166,39.6333,0
KEN10313,2020-06-18,2020,Riots,Mob violence,Rioters (Kenya),Civilians (International),Kenya,Nairobi,Starehe,Nairobi,-1.283,36.817,0
KEN7433,2020-06-24,2020,Strategic developments,Looting/property destruction,Al Shabaab,Civilians (Kenya),Kenya,Garissa,Ijara,Ijara,-1.5952,40.5144,0
KEN7432,2020-06-24,2020,Protests,Peaceful protest,Protesters (Kenya),,Kenya,Trans Nzoia,Endebess,Endebess,1.0667,34.85,0
KEN7430,2020-06-25,2020,Violence against civilians,Attack,Police Forces of Kenya (2013-2022),Civilians (Kenya),Kenya,Nandi,Nandi East,Nandi Hills,0.1066,35.1838,1
KEN7431,2020-06-25,2020,Riots,Violent demonstration,Rioters (Kenya),Police Forces of Kenya (2013-2022),Kenya,Nandi,Nandi East,Nandi Hills,0.1066,35.1838,2
KEN7434,2020-06-26,2020,Protests,Peaceful protest,Protesters (Kenya),,Kenya,Trans Nzoia,Saboti,Kitale,1.0167,35,0
KEN21031,2020-06-22,2020,Violence against civilians,Attack,Rendilles Ethnic Militia (Kenya),Civilians (Kenya),Kenya,Marsabit,Saku,Marsabit,2.333,37.983,2
KEN10096,2020-07-01,2020,Protests,Peaceful protest,Protesters (Kenya),,Kenya,Nairobi,Mathare,Nairobi - Mathare,-1.2604,36.8607,0
KEN7435,2020-06-30,2020,Riots,Mob violence,Rioters (Kenya),Civilians (Kenya),Kenya,Busia,Nambale,Nambale,0.4459,34.2519,0
KEN10571,2020-07-02,2020,Protests,Peaceful protest,Protesters (Kenya),,Kenya,Bungoma,Sirisia,Sirisia,0.7553,34.5037,0
KEN7436,2020-07-04,2020,Battles,Armed clash,Al Shabaab,Police Forces of Kenya (2013-2022),Kenya,Garissa,Fafi,Fafi,-0.4209,40.2201,0
KEN7437,2020-07-04,2020,Battles,Armed clash,Maasai Ethnic Militia (Kenya),Oloirien Ethnic Militia (Kenya),Kenya,Kajiado,Kajiado Central,Kajiado,-1.85,36.7833,1
KEN13076,2020-07-07,2020,Protests,Protest with intervention,Protesters (Kenya),Police Forces of Kenya (2013-2022),Kenya,Nairobi,Ruaraka,Nairobi - Ruaraka,-1.2456,36.8799,0
KEN13077,2020-07-07,2020,Protests,Protest with intervention,Protesters (Kenya),Police Forces of Kenya (2013-2022),Kenya,Nairobi,Mathare,Nairobi - Mathare,-1.2604,36.8607,0
KEN13078,2020-07-07,2020,Protests,Protest with intervention,Protesters (Kenya),Police Forces of Kenya (2013-2022),Kenya,Nairobi,Embakasi North,Nairobi - Embakasi North,-1.2517,36.8995,0
KEN7443,2020-07-07,2020,Protests,Protest with intervention,Protesters (Kenya),Police Forces of Kenya (2013-2022),Kenya,Nairobi,Embakasi Central,Nairobi - Embakasi Central,-1.268,36.9148,0
KEN7439,2020-07-05,2020,Violence against civilians,Attack,Police Forces of Kenya (2013-2022),Civilians (Kenya),Kenya,Kisii,Nyaribari Chache,Kisii,-0.6833,34.7667,1
KEN7440,2020-07-05,2020,Riots,Violent demonstration,Rioters (Kenya),Police Forces of Kenya (2013-2022),Kenya,Kisii,Nyaribari Chache,Kisii,-0.6833,34.7667,0
KEN7438,2020-07-04,2020,Riots,Mob violence,Rioters (Kenya),Civilians (Kenya),Kenya,Homa Bay,Homa Bay Town,Homa Bay,-0.5273,34.4571,1
KEN7452,2020-07-05,2020,Violence against civilians,Attack,Turkana Ethnic Militia (Kenya),Civilians (Kenya),Kenya,Baringo,Tiaty,Salawa,0.7833,36.0333,0
KEN7442,2020-07-07,2020,Protests,Peaceful protest,Protesters (Kenya),,Kenya,Kiambu,Gatundu South,Mundoro,-0.9438,36.7596,0
KEN10043,2020-07-06,2020,Riots,Mob violence,Rioters (Kenya),Civilians (Kenya),Kenya,Nakuru,Njoro,Njoro,-0.3316,35.9449,0
KEN7441,2020-07-06,2020,Riots,Mob violence,Rioters (Kenya),Civilians (Kenya),Kenya,Kirinyaga,Kirinyaga South,Wang'uru,-0.6844,37.3582,4
KEN7444,2020-07-07,2020,Violence against civilians,Abduction/forced disappearance,Al Shabaab,Civilians (Kenya),Kenya,Wajir,Wajir East,Wajir,1.75,40.06,0
KEN7445,2020-07-08,2020,Riots,Mob violence,Rioters (Kenya),Civilians (Kenya),Kenya,Lamu,Lamu West,Lamu,-2.2717,40.902,1
KEN7446,2020-07-08,2020,Riots,Mob violence,Rioters (Kenya),,Kenya,Kericho,Kipkelion East,Londiani,-0.1667,35.6,0
KEN10310,2020-07-10,2020,Riots,Mob violence,Rioters (Kenya),Police Forces of Kenya (2013-2022),Kenya,Mombasa,Mvita,Mombasa,-4.0547,39.6636,0
KEN7453,2020-07-09,2020,Violence against civilians,Attack,Unidentified Armed Group (Kenya),Civilians (Kenya),Kenya,Narok,Narok North,Olpusimoru,-0.6581,35.7328,2
KEN7454,2020-07-10,2020,Violence against civilians,Attack,Unidentified Communal Militia (Kenya),Civilians (Kenya),Kenya,Baringo,Baringo Central,Kabarnet,0.4919,35.743,1
KEN10312,2020-07-09,2020,Riots,Violent demonstration,Rioters (Kenya),,Kenya,Nairobi,Westlands,Nairobi - Westlands,-1.2379,36.7879,0
KEN7447,2020-07-09,2020,Battles,Armed clash,Al Shabaab,Police Forces of Kenya (2013-2022),Kenya,Garissa,Garissa,Garissa,-0.4536,39.6461,0
KEN7457,2020-07-13,2020,Protests,Peaceful protest,Protesters (Kenya),,Kenya,Laikipia,Laikipia North,Laikipia,0.4167,36.75,0
KEN9980,2020-07-18,2020,Violence against civilians,Attack,Unidentified Ethnic Militia (Kenya),Civilians (Kenya),Kenya,Samburu,Samburu North,Marti,1.4771,36.7236,1
KEN7455,2020-07-13,2020,Riots,Violent demonstration,Rioters (Kenya),Police Forces of Kenya (2013-2022),Kenya,Nairobi,Mathare,Nairobi - Mathare,-1.2604,36.8607,0
KEN10856,2020-07-16,2020,Riots,Mob violence,Rioters (Kenya),Civilians (Kenya),Kenya,Busia,Matayos,Busia,0.46,34.112,1
KEN7459,2020-07-14,2020,Protests,Peaceful protest,Protesters (Kenya),,Kenya,Homa Bay,Mbita,Rusinga Islands,-0.3989,34.1796,0
KEN7460,2020-07-18,2020,Riots,Mob violence,Rioters (Kenya),Police Forces of Kenya (2013-2022),Kenya,Kisumu,Kisumu Central,Kisumu,-0.1,34.75,0
KEN10835,2020-07-15,2020,Riots,Mob violence,Rioters (Kenya),Civilians (Kenya),Kenya,Nyeri,Kieni West,Aberdare Forest,-0.3666,36.8333,0
KEN7456,2020-07-13,2020,Riots,Mob violence,Rioters (Kenya),Police Forces of Kenya (2013-2022),Kenya,Kirinyaga,Kirinyaga South,Wang'uru,-0.6844,37.3582,0
KEN7458,2020-07-13,2020,Strategic developments,Disrupted weapons use,Al Shabaab,,Kenya,Mandera,Mandera East,Mandera,3.9357,41.8542,1
KEN7461,2020-07-18,2020,Protests,Peaceful protest,Protesters (Kenya),,Kenya,Trans Nzoia,Saboti,Kitale,1.0167,35,0
KEN10658,2020-07-18,2020,Riots,Violent demonstration,Rioters (Kenya),,Kenya,Kilifi,Malindi,Malindi,-3.22,40.12,0
KEN10668,2020-07-15,2020,Protests,Peaceful protest,Protesters (Kenya),,Kenya,Kilifi,Malindi,Malindi,-3.22,40.12,0
KEN7462,2020-07-19,2020,Violence against civilians,Attack,Unidentified Communal Militia (Kenya),Civilians (Kenya),Kenya,Samburu,Samburu North,Marti,1.4771,36.7236,1
KEN7466,2020-07-23,2020,Riots,Violent demonstration,Rioters (Kenya),,Kenya,Samburu,Samburu East,Archers Post,0.644,37.6752,0
KEN7465,2020-07-22,2020,Strategic developments,Looting/property destruction,Al Shabaab,Civilians (Kenya),Kenya,Garissa,Fafi,Yumbis,-0.1364,40.2944,0
KEN7464,2020-07-22,2020,Battles,Armed clash,Al Shabaab,Police Forces of Kenya (2013-2022),Kenya,Garissa,Fafi,Yumbis,-0.1364,40.2944,1
KEN10572,2020-07-23,2020,Protests,Peaceful protest,Protesters (Kenya),,Kenya,Machakos,Machakos,Machakos,-1.5167,37.2667,0
KEN7463,2020-07-21,2020,Protests,Protest with intervention,Protesters (Kenya),Police Forces of Kenya (2013-2022),Kenya,Kisumu,Kisumu Central,Kisumu,-0.1,34.75,0
KEN7471,2020-07-27,2020,Violence against civilians,Attack,Unidentified Ethnic Militia (Kenya),Civilians (Kenya),Kenya,Narok,Narok North,Olpusimoru,-0.6581,35.7328,0
KEN7472,2020-07-28,2020,Battles,Armed clash,Unidentified Ethnic Militia (Kenya),Unidentified Ethnic Militia (Kenya),Kenya,Narok,Narok North,Olpusimoru,-0.6581,35.7328,2
KEN7470,2020-07-27,2020,Battles,Armed clash,Unidentified Ethnic Militia (Kenya),Unidentified Ethnic Militia (Kenya),Kenya,Narok,Narok North,Olpusimoru,-0.6581,35.7328,0
KEN7467,2020-07-24,2020,Protests,Peaceful protest,Protesters (Kenya),,Kenya,Uasin Gishu,Moiben,Eldoret,0.5167,35.2833,0
KEN7468,2020-07-25,2020,Riots,Violent demonstration,Rioters (Kenya),Police Forces of Kenya (2013-2022),Kenya,Uasin Gishu,Moiben,Eldoret,0.5167,35.2833,0
KEN7469,2020-07-25,2020,Protests,Excessive force against protesters,Protesters (Kenya),Police Forces of Kenya (2013-2022),Kenya,Garissa,Garissa,Garissa,-0.4536,39.6461,2
KEN7475,2020-07-28,2020,Violence against civilians,Attack,Police Forces of Kenya (2013-2022),Civilians (Kenya),Kenya,Nairobi,Starehe,Nairobi,-1.283,36.817,0
KEN10418,2020-07-27,2020,Riots,Mob violence,Rioters (Kenya),Civilians (Kenya),Kenya,Meru,Igembe North,Laare,0.3293,37.9376,1
KEN7473,2020-07-29,2020,Battles,Armed clash,Unidentified Ethnic Militia (Kenya),Unidentified Ethnic Militia (Kenya),Kenya,Narok,Narok North,Olpusimoru,-0.6581,35.7328,1
KEN7476,2020-07-31,2020,Strategic developments,Looting/property destruction,Police Forces of Kenya (2013-2022),Civilians (Kenya),Kenya,Samburu,Samburu Central,Kiamumbi,1.1778,36.8842,0
KEN10769,2020-07-30,2020,Violence against civilians,Attack,Unidentified Communal Militia (Kenya),Civilians (Kenya),Kenya,Kiambu,Kiambu Town,Kiambu,-1.1667,36.8333,1
KEN10770,2020-08-01,2020,Protests,Peaceful protest,Protesters (Kenya),,Kenya,Kiambu,Kiambu Town,Kiambu,-1.1667,36.8333,0
KEN7485,2020-08-01,2020,Violence against civilians,Attack,Kathuma Communal Militia (Kenya),Civilians (Kenya),Kenya,Machakos,Machakos,Machakos,-1.5167,37.2667,1
KEN10431,2020-07-29,2020,Riots,Mob violence,Rioters (Kenya),,Kenya,Uasin Gishu,Moiben,Eldoret,0.5167,35.2833,0
KEN7474,2020-07-30,2020,Violence against civilians,Attack,Unidentified Communal Militia (Kenya),Civilians (Kenya),Kenya,Nakuru,Molo,Ndoswa,-0.3333,35.8667,1
KEN7482,2020-08-04,2020,Battles,Armed clash,Trans Mara Communal Militia (Kenya),Trans Mara Communal Militia (Kenya),Kenya,Narok,Transmara West,Trans Mara,-1.169,34.889,0
KEN7484,2020-08-08,2020,Protests,Peaceful protest,Protesters (Kenya),,Kenya,Narok,Narok North,Narok,-1.0783,35.8601,0
KEN10511,2020-08-06,2020,Protests,Peaceful protest,Protesters (Kenya),,Kenya,Kwale,Msambweni,Diani,-4.279,39.594,0
KEN7487,2020-08-08,2020,Riots,Mob violence,Rioters (Kenya),Police Forces of Kenya (2013-2022),Kenya,Tana River,Galole,Hola,-1.5036,40.0333,0
KEN10681,2020-08-06,2020,Riots,Mob violence,Rioters (Kenya),Civilians (Kenya),Kenya,Nakuru,Nakuru North,Nakuru,-0.2441,36.142,0
KEN7479,2020-08-03,2020,Protests,Peaceful protest,Protesters (Kenya),,Kenya,Nakuru,Nakuru North,Nakuru,-0.2441,36.142,0
KEN10309,2020-08-04,2020,Protests,Peaceful protest,Protesters (Kenya),,Kenya,Narok,Transmara East,Emurua Dikirr,-1.0173,35.1036,0
KEN7480,2020-08-04,2020,Protests,Peaceful protest,Protesters (Kenya),,Kenya,Embu,Manyatta,Embu,-0.5333,37.45,0
KEN10602,2020-08-04,2020,Protests,Peaceful protest,Protesters (Kenya),,Kenya,Nandi,Nandi East,Nandi Hills,0.1066,35.1838,0
KEN7477,2020-08-03,2020,Riots,Mob violence,Rioters (Kenya),,Kenya,Kisumu,Kisumu Central,Kisumu,-0.1,34.75,0
KEN7478,2020-08-03,2020,Riots,Violent demonstration,Rioters (Kenya),Civilians (Kenya),Kenya,Kisumu,Kisumu Central,Kisumu,-0.1,34.75,0
KEN7481,2020-08-04,2020,Protests,Peaceful protest,Protesters (Kenya),,Kenya,Kericho,Ainamoi,Kericho,-0.3677,35.2831,0
KEN7486,2020-08-07,2020,Riots,Mob violence,Rioters (Kenya),Police Forces of Kenya (2013-2022),Kenya,Narok,Transmara West,Kilgoris,-1.0077,34.8806,0
KEN7483,2020-08-08,2020,Riots,Violent demonstration,Rioters (Kenya),Civilians (Kenya),Kenya,Kakamega,Lurambi,Kakamega,0.2833,34.7384,0
KEN7489,2020-08-10,2020,Riots,Mob violence,Rioters (Kenya),Civilians (Kenya),Kenya,Taita Taveta,Mwatate,Wumari Sechu,-3.554,38.2455,1
KEN7488,2020-08-09,2020,Violence against civilians,Attack,Police Forces of Kenya (2013-2022),Civilians (Kenya),Kenya,Lamu,Lamu West,Hindi,-2.1749,40.8199,1
KEN10593,2020-08-12,2020,Riots,Violent demonstration,Rioters (Kenya),Police Forces of Kenya (2013-2022),Kenya,Nairobi,Kamukunji,Nairobi - Kamukunji,-1.2759,36.8526,0
KEN7493,2020-08-12,2020,Protests,Peaceful protest,Protesters (Kenya),,Kenya,Kitui,Kitui Central,Kitui,-1.3667,38.0167,0
KEN7492,2020-08-12,2020,Riots,Violent demonstration,Rioters (Kenya),,Kenya,Embu,Manyatta,Embu,-0.5333,37.45,0
KEN10573,2020-08-11,2020,Riots,Violent demonstration,Rioters (Kenya),,Kenya,Kisumu,Kisumu West,Kanyakwar,-0.0667,34.75,0
KEN7491,2020-08-11,2020,Riots,Mob violence,Rioters (Kenya),Civilians (Kenya),Kenya,Kisumu,Kisumu Central,Kisumu,-0.1,34.75,1
KEN10641,2020-08-13,2020,Strategic developments,Change to group/activity,Al Shabaab,,Kenya,Mandera,Mandera East,Mandera,3.9357,41.8542,0
KEN7490,2020-08-10,2020,Protests,Peaceful protest,Protesters (Kenya),,Kenya,Nairobi,Starehe,Nairobi,-1.283,36.817,0
KEN10684,2020-08-13,2020,Riots,Mob violence,Rioters (Kenya),Civilians (Kenya),Kenya,Kiambu,Juja,Witeithie,-1.0676,37.0517,1
KEN10727,2020-08-15,2020,Violence against civilians,Attack,Al Shabaab,Civilians (Kenya),Kenya,Garissa,Fafi,Hagadera,0.0095,40.3756,1
KEN10391,2020-08-16,2020,Protests,Peaceful protest,Protesters (Kenya),,Kenya,Nairobi,Langata,Nairobi - Langata,-1.3508,36.7589,0
KEN10251,2020-08-17,2020,Riots,Violent demonstration,Rioters (Kenya),,Kenya,Bomet,Bomet East,Bomet,-0.7833,35.35,0
KEN7505,2020-08-18,2020,Protests,Protest with intervention,Protesters (Kenya),Police Forces of Kenya (2013-2022),Kenya,Kitui,Kitui Central,Kitui,-1.3667,38.0167,0
KEN9943,2020-08-18,2020,Riots,Mob violence,Rioters (Kenya),Civilians (Kenya),Kenya,Muranga,Muranga South,Kenol,-0.9392,37.1246,0
KEN7503,2020-08-17,2020,Protests,Peaceful protest,Protesters (Kenya),,Kenya,Samburu,Samburu Central,Maralal,1.0968,36.698,0
KEN7506,2020-08-18,2020,Riots,Violent demonstration,Rioters (Kenya),Police Forces of Kenya (2013-2022),Kenya,Kakamega,Mumias West,Mumias,0.3351,34.4864,0
KEN7502,2020-08-17,2020,Protests,Peaceful protest,Protesters (Kenya),,Kenya,Bungoma,Kanduyi,Bungoma,0.5635,34.5606,0
KEN7504,2020-08-17,2020,Riots,Mob violence,Rioters (Kenya),Civilians (Kenya),Kenya,Nairobi,Westlands,Nairobi - Westlands,-1.2379,36.7879,2
KEN7507,2020-08-18,2020,Violence against civilians,Attack,Police Forces of Kenya (2013-2022),Civilians (Kenya),Kenya,Nairobi,Westlands,Nairobi - Westlands,-1.2379,36.7879,0
KEN10663,2020-08-15,2020,Riots,Violent demonstration,Rioters (Kenya),,Kenya,Trans Nzoia,Saboti,Kitale,1.0167,35,0
KEN7500,2020-08-14,2020,Riots,Mob violence,Rioters (Kenya),Civilians (Kenya),Kenya,Kakamega,Lurambi,Kakamega,0.2833,34.7384,3
KEN7501,2020-08-15,2020,Riots,Mob violence,Rioters (Kenya),Police Forces of Kenya (2013-2022),Kenya,Kakamega,Lurambi,Kakamega,0.2833,34.7384,0
KEN19083,2020-08-14,2020,Violence against civilians,Abduction/forced disappearance,Police Forces of Kenya (2013-2022),Civilians (Kenya),Kenya,Mombasa,Mvita,Mombasa,-4.0547,39.6636,0
KEN7510,2020-08-20,2020,Protests,Protest with intervention,Protesters (Kenya),Police Forces of Kenya (2013-2022),Kenya,Nyamira,Nyamira,Nyamira,-0.5666,34.9167,0
KEN8220,2020-08-22,2020,Riots,Violent demonstration,Rioters (Kenya),,Kenya,Nandi,Chesumei,Kapsabet,0.2039,35.105,0
KEN8221,2020-08-21,2020,Riots,Violent demonstration,Rioters (Kenya),,Kenya,Nandi,Chesumei,Kapsabet,0.2039,35.105,0
KEN10440,2020-08-22,2020,Riots,Violent demonstration,Rioters (Kenya),Civilians (Kenya),Kenya,Nairobi,Mathare,Nairobi - Mathare,-1.2604,36.8607,0
KEN7508,2020-08-19,2020,Riots,Mob violence,Rioters (Kenya),Rioters (Kenya),Kenya,Nairobi,Embakasi Central,Nairobi - Embakasi Central,-1.268,36.9148,1
KEN7512,2020-08-21,2020,Protests,Protest with intervention,Protesters (Kenya),Police Forces of Kenya (2013-2022),Kenya,Nairobi,Dagoretti North,Nairobi - Dagoretti North,-1.2793,36.7789,0
KEN7509,2020-08-19,2020,Battles,Armed clash,Unidentified Ethnic Militia (Kenya),Unidentified Ethnic Militia (Kenya),Kenya,Nakuru,Njoro,Nessuiet,-0.3898,35.8964,1
KEN7511,2020-08-21,2020,Protests,Peaceful protest,Protesters (Kenya),,Kenya,Nakuru,Njoro,Nessuiet,-0.3898,35.8964,0
KEN7499,2020-08-25,2020,Protests,Protest with intervention,Protesters (Kenya),Police Forces of Kenya (2013-2022),Kenya,Mombasa,Mvita,Mombasa,-4.0547,39.6636,0
KEN7495,2020-08-24,2020,Protests,Protest with intervention,Protesters (Kenya),Police Forces of Kenya (2013-2022),Kenya,Embu,Runyenjes,Kathageri,-0.3905,37.5956,0
KEN7497,2020-08-24,2020,Protests,Protest with intervention,Protesters (Kenya),Police Forces of Kenya (2013-2022),Kenya,Nakuru,Nakuru North,Nakuru,-0.2441,36.142,0
KEN7498,2020-08-25,2020,Protests,Protest with intervention,Protesters (Kenya),Police Forces of Kenya (2013-2022),Kenya,Baringo,Baringo Central,Kabarnet,0.4919,35.743,0
KEN7496,2020-08-24,2020,Protests,Protest with intervention,Protesters (Kenya),Police Forces of Kenya (2013-2022),Kenya,Kisumu,Kisumu Central,Kisumu,-0.1,34.75,0
KEN7494,2020-08-24,2020,Protests,Protest with intervention,Protesters (Kenya),Police Forces of Kenya (2013-2022),Kenya,Kakamega,Lurambi,Kakamega,0.2833,34.7384,0
KEN7517,2020-09-01,2020,Battles,Armed clash,Police Forces of Kenya (2013-2022),Al Shabaab,Kenya,Kwale,Matuga,Tiribe,-4.3195,39.2549,1
KEN10586,2020-08-31,2020,Riots,Mob violence,Rioters (Kenya),Civilians (Kenya),Kenya,Kiambu,Kiambu Town,Ting'ang'a,-1.1303,36.8136,1
KEN7514,2020-08-31,2020,Protests,Protest with intervention,Protesters (Kenya),Police Forces of Kenya (2013-2022),Kenya,Nakuru,Naivasha,Mai Mahiu,-0.9838,36.5899,0
KEN7515,2020-08-31,2020,Protests,Peaceful protest,Protesters (Kenya),,Kenya,Siaya,Alego Usonga,Siaya,0.06,34.2861,0
KEN7513,2020-08-31,2020,Riots,Violent demonstration,Rioters (Kenya),,Kenya,Makueni,Kibwezi West,Emali,-2.0807,37.4726,0
KEN7516,2020-09-01,2020,Protests,Protest with intervention,Protesters (Kenya),Police Forces of Kenya (2013-2022),Kenya,Nakuru,Nakuru North,Nakuru,-0.2441,36.142,0
KEN7518,2020-09-02,2020,Violence against civilians,Attack,Unidentified Armed Group (Kenya),Civilians (Kenya),Kenya,Meru,Igembe South,Maua,0.2321,37.9405,0
KEN7519,2020-09-03,2020,Protests,Peaceful protest,Protesters (Kenya),,Kenya,Meru,Igembe South,Maua,0.2321,37.9405,0
KEN10185,2020-09-07,2020,Protests,Protest with intervention,Protesters (Kenya),Police Forces of Kenya (2013-2022),Kenya,Narok,Transmara West,Trans Mara,-1.169,34.889,0
KEN7522,2020-09-08,2020,Explosions/Remote violence,Remote explosive/landmine/IED,Al Shabaab,Military Forces of Kenya (2013-2022),Kenya,Mandera,Lafey,Sheikh Barrow,3.5042,41.1934,0
KEN7744,2020-09-06,2020,Battles,Armed clash,Ajuran Ethnic Militia (Kenya),Oromo Ethnic Militia (Kenya),Kenya,Wajir,Wajir North,Bute,2.8333,39.85,6
KEN10680,2020-09-07,2020,Riots,Mob violence,Rioters (Kenya),Civilians (Kenya),Kenya,Uasin Gishu,Moiben,Eldoret,0.5167,35.2833,1
KEN7531,2020-09-12,2020,Strategic developments,Disrupted weapons use,Al Shabaab,,Kenya,Garissa,Fafi,Fafi,-0.4209,40.2201,3
KEN7521,2020-09-10,2020,Protests,Peaceful protest,Protesters (Kenya),,Kenya,Narok,Narok North,Narok,-1.0783,35.8601,0
KEN7523,2020-09-10,2020,Riots,Violent demonstration,Rioters (Kenya),,Kenya,Nairobi,Roysambu,Nairobi - Roysambu,-1.2067,36.8888,0
KEN7526,2020-09-10,2020,Riots,Violent demonstration,Rioters (Kenya),,Kenya,Kisii,Nyaribari Chache,Kisii,-0.6833,34.7667,0
KEN7525,2020-09-10,2020,Violence against civilians,Attack,Pokot Ethnic Militia (Kenya),Civilians (Kenya),Kenya,Elgeyo Marakwet,Marakwet East,Kipchumwa,1.2693,35.5557,1
KEN7532,2020-09-13,2020,Violence against civilians,Attack,Unidentified Clan Militia (Kenya),Civilians (Kenya),Kenya,Nakuru,Molo,Mariashoni,-0.3678,35.8267,1
KEN7527,2020-09-10,2020,Protests,Peaceful protest,Protesters (Kenya),,Kenya,Nakuru,Nakuru North,Nakuru,-0.2441,36.142,0
KEN7529,2020-09-11,2020,Violence against civilians,Attack,Unidentified Armed Group (Ethiopia),Civilians (Kenya),Kenya,Turkana,Turkana North,Lowerangak,4.2667,35.8833,4
KEN7530,2020-09-11,2020,Battles,Armed clash,Unidentified Armed Group (Ethiopia),Police Forces of Kenya (2013-2022),Kenya,Turkana,Turkana North,Lowerangak,4.2667,35.8833,1
KEN10255,2020-09-13,2020,Riots,Mob violence,Rioters (Kenya),Rioters (Kenya),Kenya,Migori,Suna West,Migori,-1.0667,34.4667,4
KEN7528,2020-09-11,2020,Protests,Peaceful protest,Protesters (Kenya),,Kenya,Uasin Gishu,Moiben,Eldoret,0.5167,35.2833,0
KEN10097,2020-09-11,2020,Riots,Mob violence,Rioters (Kenya),Civilians (Kenya),Kenya,Meru,Igembe South,Maua,0.2321,37.9405,0
KEN7520,2020-09-09,2020,Protests,Peaceful protest,Protesters (Kenya),,Kenya,Kiambu,Gatundu South,Gatundu,-1.0129,36.9049,0
KEN8226,2020-09-13,2020,Protests,Peaceful protest,Protesters (Kenya),,Kenya,Meru,Imenti Central,Kithirune,-0.0142,37.6303,0
KEN10636,2020-09-11,2020,Strategic developments,Agreement,Garre Clan Militia (Kenya),Degodia Clan Militia (Kenya),Kenya,Mandera,Mandera East,Mandera,3.9357,41.8542,0
KEN10032,2020-09-09,2020,Protests,Peaceful protest,Protesters (Kenya),,Kenya,West Pokot,West Pokot,Kapenguria,1.2333,35.1167,0
KEN7524,2020-09-10,2020,Violence against civilians,Attack,Marakwet Ethnic Militia (Kenya),Civilians (Kenya),Kenya,West Pokot,West Pokot,Kapenguria,1.2333,35.1167,5
KEN7534,2020-09-17,2020,Violence against civilians,Attack,Unidentified Armed Group (Kenya),Civilians (Kenya),Kenya,Samburu,Samburu North,Baragoi,1.7833,36.7833,1
KEN7535,2020-09-18,2020,Protests,Peaceful protest,Protesters (Kenya),,Kenya,Tharaka-Nithi,Tharaka South,Kathwana,-0.1282,37.9358,0
KEN7536,2020-09-16,2020,Violence against civilians,Attack,Al Shabaab,Civilians (Kenya),Kenya,Mandera,Lafey,Sheikh Barrow,3.5042,41.1934,0
KEN10117,2020-09-14,2020,Riots,Mob violence,Rioters (Kenya),Rioters (Kenya),Kenya,Migori,Suna West,God Kwer,-1.0316,34.3105,8
KEN7533,2020-09-14,2020,Protests,Peaceful protest,Protesters (Kenya),,Kenya,Samburu,Samburu Central,Maralal,1.0968,36.698,0
KEN7953,2020-09-15,2020,Riots,Mob violence,Rioters (Kenya),Civilians (Kenya),Kenya,Nairobi,Starehe,Nairobi,-1.283,36.817,0
KEN9765,2020-09-14,2020,Protests,Peaceful protest,Protesters (Kenya),,Kenya,Nairobi,Starehe,Nairobi - Starehe,-1.2881,36.8236,0
KEN9770,2020-09-17,2020,Protests,Peaceful protest,Protesters (Kenya),,Kenya,Nairobi,Starehe,Nairobi,-1.283,36.817,0
KEN10772,2020-09-16,2020,Protests,Peaceful protest,Protesters (Kenya),,Kenya,Muranga,Kiharu,Muranga,-0.7166,37.15,0
KEN7537,2020-09-21,2020,Battles,Armed clash,Al Shabaab,Military Forces of Kenya (2013-2022),Kenya,Mandera,Lafey,Sheikh Barrow,3.5042,41.1934,6
KEN8228,2020-09-24,2020,Protests,Peaceful protest,Protesters (Kenya),,Kenya,Tharaka-Nithi,Chuka,Chuka,-0.3333,37.65,0
KEN7538,2020-09-23,2020,Violence against civilians,Abduction/forced disappearance,Al Shabaab,Civilians (Kenya),Kenya,Mandera,Lafey,Lafey,3.1508,41.1862,0
KEN7539,2020-09-25,2020,Protests,Peaceful protest,Protesters (Kenya),,Kenya,Nakuru,Naivasha,Mai Mahiu,-0.9838,36.5899,0
KEN10040,2020-09-28,2020,Riots,Violent demonstration,Rioters (Kenya),Police Forces of Kenya (2013-2022),Kenya,Nakuru,Nakuru North,Nakuru,-0.2441,36.142,0
KEN7541,2020-09-29,2020,Protests,Protest with intervention,Protesters (Kenya),Police Forces of Kenya (2013-2022),Kenya,Nakuru,Nakuru North,Nakuru,-0.2441,36.142,0
KEN10785,2020-09-25,2020,Protests,Peaceful protest,Protesters (Kenya),,Kenya,Nairobi,Starehe,Nairobi,-1.283,36.817,0
KEN7540,2020-09-25,2020,Protests,Peaceful protest,Protesters (Kenya),,Kenya,Kilifi,Malindi,Malindi,-3.22,40.12,0
KEN7543,2020-09-30,2020,Protests,Peaceful protest,Protesters (Kenya),,Kenya,Nakuru,Gilgil,Kikopey,-0.4748,36.2912,0
KEN7542,2020-09-30,2020,Battles,Armed clash,Unidentified Ethnic Militia (Kenya),Unidentified Ethnic Militia (Kenya),Kenya,Nakuru,Gilgil,Kikopey,-0.4748,36.2912,1
KEN7547,2020-10-02,2020,Battles,Armed clash,Unidentified Armed Group (Kenya),Police Forces of Kenya (2013-2022) Rapid Deployment Unit,Kenya,Turkana,Turkana East,Lomelo,1.5,35.9167,0
KEN7545,2020-09-30,2020,Riots,Violent demonstration,Rioters (Kenya),,Kenya,Nakuru,Naivasha,Mai Mahiu,-0.9838,36.5899,0
KEN7544,2020-09-30,2020,Protests,Peaceful protest,Protesters (Kenya),,Kenya,Kisii,Nyaribari Chache,Kisii,-0.6833,34.7667,0
KEN10033,2020-10-01,2020,Protests,Peaceful protest,Protesters (Kenya),,Kenya,Kitui,Kitui Central,Kitui,-1.3667,38.0167,0
KEN10648,2020-10-03,2020,Protests,Peaceful protest,Protesters (Kenya),,Kenya,Busia,Teso North,Malaba,0.6346,34.2756,0
KEN7548,2020-10-04,2020,Riots,Mob violence,Rioters (Kenya),Rioters (Kenya),Kenya,Muranga,Muranga South,Kenol,-0.9392,37.1246,1
KEN7546,2020-09-30,2020,Protests,Peaceful protest,Protesters (Kenya),,Kenya,Nairobi,Starehe,Nairobi,-1.283,36.817,0
KEN10287,2020-10-04,2020,Riots,Violent demonstration,Rioters (Kenya),Police Forces of Kenya (2013-2022),Kenya,Muranga,Kiharu,Muranga,-0.7166,37.15,2
KEN7552,2020-10-09,2020,Strategic developments,Headquarters or base established,Toposa Ethnic Militia (South Sudan),,Kenya,Turkana,Turkana West,Mogilla,4.4752,34.3835,0
KEN7550,2020-10-07,2020,Battles,Armed clash,Al Shabaab,Police Forces of Kenya (2013-2022),Kenya,Wajir,Wajir East,Khorof Harar,2.202,40.754,0
KEN7554,2020-10-08,2020,Protests,Protest with intervention,Protesters (Kenya),Police Forces of Kenya (2013-2022),Kenya,Nyamira,Nyamira,Nyamira,-0.5666,34.9167,0
KEN9712,2020-10-08,2020,Protests,Protest with intervention,Protesters (Kenya),Police Forces of Kenya (2013-2022),Kenya,Bomet,Konoin,Kaptebengwet,-0.5789,35.3027,0
KEN7549,2020-10-06,2020,Violence against civilians,Attack,Al Shabaab,Civilians (Kenya),Kenya,Mandera,Mandera South,El Wak,2.8094,40.9358,0
KEN7553,2020-10-09,2020,Violence against civilians,Abduction/forced disappearance,Police Forces of Kenya (2013-2022),Civilians (Somalia),Kenya,Nairobi,Starehe,Nairobi,-1.283,36.817,0
KEN18264,2020-10-07,2020,Violence against civilians,Attack,Police Forces of Kenya (2013-2022),Civilians (Kenya),Kenya,Kakamega,Likuyani,Mbururu,0.8443,35.0479,1
KEN7551,2020-10-08,2020,Riots,Mob violence,Rioters (Kenya),Police Forces of Kenya (2013-2022),Kenya,Kakamega,Likuyani,Mbururu,0.8443,35.0479,0
KEN21122,2020-10-09,2020,Riots,Mob violence,Rioters (Kenya),Civilians (Kenya),Kenya,Kwale,Kinango,Mazeras,-3.9662,39.5374,1
KEN8149,2020-10-13,2020,Riots,Mob violence,Rioters (Kenya),Civilians (Kenya),Kenya,Narok,Narok North,Olpusimoru,-0.6581,35.7328,2
KEN10442,2020-10-14,2020,Protests,Peaceful protest,Protesters (Kenya),,Kenya,Turkana,Turkana Central,Lodwar,3.1191,35.5973,0
KEN10441,2020-10-10,2020,Violence against civilians,Attack,Unidentified Armed Group (Kenya),Civilians (Kenya),Kenya,Samburu,Samburu Central,Maralal,1.0968,36.698,0
KEN10288,2020-10-10,2020,Protests,Peaceful protest,Protesters (Kenya),,Kenya,Nairobi,Westlands,Nairobi - Westlands,-1.2379,36.7879,0
KEN10289,2020-10-12,2020,Riots,Violent demonstration,Rioters (Kenya),Police Forces of Kenya (2013-2022),Kenya,Nairobi,Dagoretti North,Nairobi - Dagoretti North,-1.2793,36.7789,0
KEN10570,2020-10-16,2020,Protests,Peaceful protest,Protesters (Kenya),,Kenya,Nyamira,Nyamira,Nyamira,-0.5666,34.9167,0
KEN7556,2020-10-18,2020,Protests,Peaceful protest,Protesters (Kenya),,Kenya,Kilifi,Kilifi South,Kikambala,-3.8136,39.8138,0
KEN7557,2020-10-18,2020,Violence against civilians,Attack,Police Forces of Kenya (2013-2022),Civilians (Kenya),Kenya,Meru,Tigania West,Tigania,0.1667,37.75,0
KEN10778,2020-10-19,2020,Violence against civilians,Attack,Moran Ethnic Militia (Kenya),Civilians (Kenya),Kenya,Isiolo,Isiolo,Isiolo,0.3546,37.5822,0
KEN11411,2020-10-19,2020,Battles,Armed clash,Moran Ethnic Militia (Kenya),Police Forces of Kenya (2013-2022),Kenya,Isiolo,Isiolo,Isiolo,0.3546,37.5822,0
KEN7555,2020-10-17,2020,Riots,Mob violence,Rioters (Kenya),Civilians (Kenya),Kenya,Meru,Imenti North,Meru,0.05,37.65,1
KEN10488,2020-10-22,2020,Riots,Violent demonstration,Rioters (Kenya),,Kenya,Kiambu,Kiambu Town,Kiambu,-1.1667,36.8333,0
KEN7558,2020-10-20,2020,Protests,Peaceful protest,Protesters (Kenya),,Kenya,Homa Bay,Homa Bay Town,Homa Bay,-0.5273,34.4571,0
KEN7559,2020-10-20,2020,Battles,Armed clash,Al Shabaab,Military Forces of Kenya (2013-2022),Kenya,Mandera,Lafey,Lafey,3.1508,41.1862,0
KEN7585,2020-10-23,2020,Battles,Armed clash,Murule Clan Militia (Kenya),Garre Clan Militia (Kenya),Kenya,Mandera,Lafey,Lafey,3.1508,41.1862,3
KEN7561,2020-10-24,2020,Riots,Mob violence,Rioters (Kenya),Civilians (Kenya),Kenya,Kirinyaga,Kirinyaga South,Kimbimbi,-0.6166,37.3666,1
KEN10341,2020-10-20,2020,Riots,Mob violence,Rioters (Kenya),Civilians (Kenya),Kenya,Kitui,Mwingi Central Sub- County,Mwingi,-0.9333,38.0667,1
KEN8035,2020-10-23,2020,Riots,Mob violence,Rioters (Kenya),Civilians (Kenya),Kenya,Kirinyaga,Kirinyaga South,Mugambaciura,-0.5684,37.4342,1
KEN7562,2020-10-26,2020,Battles,Armed clash,Samburu Ethnic Militia (Kenya),Samburu Ethnic Militia (Kenya),Kenya,Samburu,Samburu North,Baragoi,1.7833,36.7833,1
KEN10443,2020-10-25,2020,Violence against civilians,Attack,Unidentified Communal Militia (Kenya),Civilians (Kenya),Kenya,Tana River,Bura,Bangale,-0.5123,38.83,0
KEN8148,2020-10-27,2020,Riots,Mob violence,Rioters (Kenya),Civilians (Kenya),Kenya,Kisii,Kitutu Chache North,Marani,-0.5812,34.8003,1
KEN19591,2020-10-25,2020,Protests,Peaceful protest,Protesters (Kenya),,Kenya,Makueni,Kibwezi East,Mtito Andei,-2.6902,38.1666,0
KEN7563,2020-10-28,2020,Protests,Peaceful protest,Protesters (Kenya),,Kenya,Muranga,Kigumo,Kigumo,-0.8167,36.9833,0
KEN10873,2020-10-29,2020,Protests,Peaceful protest,Protesters (Kenya),,Kenya,Machakos,Kangundo,Kangundo,-1.3024,37.3361,0
KEN7565,2020-10-29,2020,Protests,Peaceful protest,Protesters (Kenya),,Kenya,Garissa,Garissa,Garissa,-0.4536,39.6461,0
KEN7564,2020-10-28,2020,Riots,Violent demonstration,Rioters (Kenya),Police Forces of Kenya (2013-2022),Kenya,Trans Nzoia,Saboti,Kitale,1.0167,35,0
KEN19047,2020-10-29,2020,Violence against civilians,Abduction/forced disappearance,Police Forces of Kenya (2013-2022),Civilians (Kenya),Kenya,Kwale,Msambweni,Msambweni,-4.4619,39.4827,0
KEN19048,2020-10-30,2020,Violence against civilians,Abduction/forced disappearance,Police Forces of Kenya (2013-2022),Civilians (Kenya),Kenya,Kwale,Msambweni,Funzi Island,-4.5651,39.4478,0
KEN7567,2020-11-04,2020,Protests,Peaceful protest,Protesters (Kenya),,Kenya,Nakuru,Nakuru North,Nakuru,-0.2441,36.142,0
KEN10872,2020-11-01,2020,Violence against civilians,Attack,Pokot Ethnic Militia (Kenya),Civilians (Kenya),Kenya,Turkana,Turkana East,Kamuge,1.6715,36.2861,1
KEN10290,2020-10-31,2020,Protests,Peaceful protest,Protesters (Kenya),,Kenya,Nairobi,Westlands,Nairobi - Westlands,-1.2379,36.7879,0
KEN7566,2020-11-03,2020,Protests,Peaceful protest,Protesters (Kenya),,Kenya,Nyeri,Mathira East,Karatina,-0.4817,37.1251,0
KEN10855,2020-11-09,2020,Riots,Mob violence,Rioters (Kenya),Civilians (Kenya),Kenya,Nairobi,Roysambu,Nairobi - Roysambu,-1.2067,36.8888,0
KEN7570,2020-11-07,2020,Violence against civilians,Attack,Unidentified Armed Group (Kenya),Civilians (Kenya),Kenya,Marsabit,Saku,Marsabit,2.333,37.983,1
KEN7569,2020-11-06,2020,Violence against civilians,Attack,Pokot Ethnic Militia (Kenya),Civilians (Kenya),Kenya,Elgeyo Marakwet,Marakwet West,Elegeyo-Marakwet,0.99,35.55,2
KEN10760,2020-11-07,2020,Riots,Mob violence,Rioters (Kenya),Police Forces of Kenya (2013-2022),Kenya,Uasin Gishu,Moiben,Eldoret,0.5167,35.2833,0
KEN10569,2020-11-08,2020,Riots,Violent demonstration,Rioters (Kenya),,Kenya,Kericho,Ainamoi,Kericho,-0.3677,35.2831,0
KEN7568,2020-11-05,2020,Battles,Armed clash,Al Shabaab,Police Forces of Kenya (2013-2022),Kenya,Mandera,Mandera East,Mandera,3.9357,41.8542,0
KEN7571,2020-11-10,2020,Riots,Violent demonstration,Rioters (Kenya),Police Forces of Kenya (2013-2022),Kenya,Nakuru,Naivasha,Mai Mahiu,-0.9838,36.5899,2
KEN7572,2020-11-11,2020,Protests,Peaceful protest,Protesters (Kenya),,Kenya,Marsabit,Saku,Marsabit,2.333,37.983,0
KEN7607,2020-11-14,2020,Violence against civilians,Abduction/forced disappearance,Police Forces of Kenya (2013-2022),Civilians (Kenya),Kenya,Wajir,Wajir East,Wajir,1.75,40.06,0
KEN7575,2020-11-14,2020,Battles,Armed clash,Al Shabaab,Police Forces of Kenya (2013-2022),Kenya,Mandera,Mandera East,Mandera,3.9357,41.8542,1
KEN10761,2020-11-13,2020,Battles,Armed clash,Turkana Ethnic Militia (Kenya),Police Forces of Kenya (2013-2022) General Service Unit,Kenya,Meru,Imenti North,Meru,0.05,37.65,0
KEN7573,2020-11-12,2020,Violence against civilians,Attack,Turkana Ethnic Militia (Kenya),Civilians (Kenya),Kenya,Meru,Igembe South,Maua,0.2321,37.9405,1
KEN7574,2020-11-13,2020,Battles,Armed clash,Turkana Ethnic Militia (Kenya),Police Forces of Kenya (2013-2022) General Service Unit,Kenya,Meru,Igembe South,Maua,0.2321,37.9405,0
KEN7578,2020-11-20,2020,Riots,Violent demonstration,Rioters (Kenya),Police Forces of Kenya (2013-2022),Kenya,Kakamega,Lurambi,Lurambi,0.3,34.7667,0
KEN10239,2020-11-20,2020,Riots,Violent demonstration,Rioters (Kenya),Police Forces of Kenya (2013-2022),Kenya,Nairobi,Langata,Nairobi - Langata,-1.3508,36.7589,0
KEN7577,2020-11-19,2020,Protests,Peaceful protest,Protesters (Kenya),,Kenya,Wajir,Wajir East,Wajir,1.75,40.06,0
KEN7576,2020-11-19,2020,Violence against civilians,Attack,Pokot Ethnic Militia (Kenya),Civilians (Kenya),Kenya,Turkana,Turkana East,Kapedo,1.183,36.1039,4
KEN7601,2020-11-20,2020,Battles,Armed clash,Garre Clan Militia (Kenya),Murule Clan Militia (Kenya),Kenya,Mandera,Lafey,Lafey,3.1508,41.1862,7
KEN9720,2020-11-17,2020,Protests,Peaceful protest,Protesters (Kenya),,Kenya,Migori,Suna West,Migori,-1.0667,34.4667,0
KEN10729,2020-11-19,2020,Riots,Mob violence,Rioters (Kenya),,Kenya,Kakamega,Navakholo,Esumeyia,0.3188,34.6815,0
KEN10781,2020-11-15,2020,Battles,Armed clash,Unidentified Communal Militia (Kenya),Police Forces of Kenya (2013-2022),Kenya,Meru,Igembe North,Mutuati,0.3826,37.9855,0
KEN19698,2020-11-15,2020,Riots,Mob violence,Rioters (Kenya),Civilians (Kenya),Kenya,Machakos,Matungulu,Masokani,-1.3424,37.2197,2
KEN21125,2020-11-20,2020,Riots,Mob violence,Rioters (Kenya),Civilians (Kenya),Kenya,Kwale,Kinango,Mukanyeni,-4.0251,39.4438,1
KEN21126,2020-11-20,2020,Riots,Mob violence,Rioters (Kenya),Civilians (Kenya),Kenya,Kwale,Kinango,Vigurungani,-4.044,39.1647,1
KEN7582,2020-11-22,2020,Violence against civilians,Attack,Samburu Ethnic Militia (Kenya),Civilians (Kenya),Kenya,Samburu,Samburu North,South Horr,2.096,36.9191,1
KEN7581,2020-11-22,2020,Violence against civilians,Attack,Turkana Ethnic Militia (Kenya),Civilians (Kenya),Kenya,Samburu,Samburu North,Natiti,1.7976,36.7704,1
KEN10250,2020-11-23,2020,Riots,Mob violence,Rioters (Kenya),Civilians (Kenya),Kenya,Machakos,Machakos,Malooni,-1.693,37.3216,1
KEN10089,2020-11-22,2020,Battles,Armed clash,Unidentified Armed Group (Kenya),Police Forces of Kenya (2013-2022),Kenya,Nairobi,Mathare,Nairobi - Mathare,-1.2604,36.8607,3
KEN9759,2020-11-25,2020,Riots,Violent demonstration,Rioters (Kenya),,Kenya,Marsabit,Saku,Marsabit,2.333,37.983,0
KEN9820,2020-11-24,2020,Violence against civilians,Attack,Unidentified Communal Militia (Kenya),Civilians (Kenya),Kenya,Marsabit,Saku,Marsabit,2.333,37.983,1
KEN7583,2020-11-23,2020,Battles,Armed clash,Police Forces of Ethiopia (2018-),OLF: Oromo Liberation Front,Kenya,Marsabit,Moyale,Moyale,3.5094,39.0528,0
KEN7584,2020-11-24,2020,Violence against civilians,Abduction/forced disappearance,Police Forces of Ethiopia (2018-),Civilians (Kenya),Kenya,Marsabit,Moyale,Moyale,3.5094,39.0528,0
KEN10568,2020-11-25,2020,Protests,Peaceful protest,Protesters (Kenya),,Kenya,Machakos,Machakos,Machakos,-1.5167,37.2667,0
KEN10242,2020-11-22,2020,Riots,Violent demonstration,Rioters (Kenya),,Kenya,Vihiga,Vihiga,Mbale,0.0821,34.7214,0
KEN7579,2020-11-23,2020,Protests,Peaceful protest,Protesters (Kenya),,Kenya,Nairobi,Kasarani,Nairobi - Kasarani,-1.2254,36.8977,0
KEN10470,2020-11-28,2020,Protests,Peaceful protest,Protesters (Kenya),,Kenya,Turkana,Turkana Central,Lodwar,3.1191,35.5973,0
KEN7591,2020-11-29,2020,Explosions/Remote violence,Remote explosive/landmine/IED,Al Shabaab,Police Forces of Kenya (2013-2022),Kenya,Mandera,Mandera North,Rhamu,3.9208,41.2192,0
KEN10462,2020-11-28,2020,Protests,Peaceful protest,Protesters (Kenya),,Kenya,Mombasa,Mvita,Mombasa,-4.0547,39.6636,0
KEN7580,2020-11-27,2020,Protests,Peaceful protest,Protesters (Kenya),,Kenya,Kirinyaga,Kirinyaga West,Kagio,-0.6166,37.25,0
KEN7590,2020-11-29,2020,Violence against civilians,Attack,Borana Ethnic Militia (Kenya),Civilians (Kenya),Kenya,Isiolo,Garbatulla,Garbatulla,0.5333,38.52,1
KEN7587,2020-11-27,2020,Violence against civilians,Attack,Police Forces of Kenya (2013-2022),Civilians (Kenya),Kenya,Busia,Teso North,Malaba,0.6346,34.2756,1
KEN7588,2020-11-27,2020,Riots,Violent demonstration,Rioters (Kenya),Police Forces of Kenya (2013-2022),Kenya,Busia,Teso North,Malaba,0.6346,34.2756,0
KEN7589,2020-11-28,2020,Riots,Violent demonstration,Rioters (Kenya),Police Forces of Kenya (2013-2022),Kenya,Busia,Teso North,Malaba,0.6346,34.2756,0
KEN7586,2020-11-27,2020,Battles,Armed clash,Kalenjin Ethnic Militia (Kenya),Police Forces of Kenya (2013-2022),Kenya,Uasin Gishu,Moiben,Eldoret,0.5167,35.2833,2
KEN7596,2020-12-02,2020,Strategic developments,Arrests,Police Forces of Kenya (2013-2022),MRC: Mombasa Republican Council,Kenya,Mombasa,Mvita,Mombasa,-4.0547,39.6636,0
KEN7599,2020-12-05,2020,Protests,Peaceful protest,Protesters (Kenya),,Kenya,Tharaka-Nithi,Chuka,Chuka,-0.3333,37.65,0
KEN7597,2020-12-03,2020,Protests,Protest with intervention,Protesters (Kenya),Police Forces of Kenya (2013-2022),Kenya,Kisii,Nyaribari Chache,Kisii,-0.6833,34.7667,0
KEN7593,2020-12-01,2020,Battles,Armed clash,Auliyan Ethnic Militia (Kenya),Borana Ethnic Militia (Kenya),Kenya,Isiolo,Garbatulla,Garbatulla,0.5333,38.52,7
KEN10812,2020-12-02,2020,Protests,Peaceful protest,Protesters (Kenya),,Kenya,Nakuru,Njoro,Njoro,-0.3316,35.9449,0
KEN7598,2020-12-03,2020,Riots,Violent demonstration,Rioters (Kenya),Police Forces of Kenya (2013-2022),Kenya,Nyeri,Nyeri Central,Nyeri,-0.4167,36.95,0
KEN10845,2020-12-05,2020,Explosions/Remote violence,Remote explosive/landmine/IED,Al Shabaab,Police Forces of Kenya (2013-2022),Kenya,Mandera,Mandera East,Mandera,3.9357,41.8542,0
KEN7594,2020-12-01,2020,Protests,Peaceful protest,Protesters (Kenya),,Kenya,Garissa,Garissa,Garissa,-0.4536,39.6461,0
KEN7595,2020-12-02,2020,Battles,Armed clash,Al Shabaab,Police Forces of Kenya (2013-2022) Border Patrol Unit,Kenya,Garissa,Garissa,Garissa,-0.4536,39.6461,1
KEN7592,2020-12-01,2020,Violence against civilians,Attack,Unidentified Armed Group (Kenya),Civilians (Kenya),Kenya,Bungoma,Cheptais,Chepyuk,0.8787,34.5917,1
KEN21121,2020-12-04,2020,Riots,Mob violence,Rioters (Kenya),Civilians (Kenya),Kenya,Kwale,Matuga,Tiribe,-4.3195,39.2549,1
KEN21170,2020-12-02,2020,Riots,Mob violence,Rioters (Kenya),Civilians (Kenya),Kenya,Samburu,Samburu Central,Maralal,1.0968,36.698,2
KEN7600,2020-12-06,2020,Protests,Peaceful protest,Protesters (Kenya),,Kenya,Lamu,Lamu West,Hindi,-2.1749,40.8199,0
KEN7603,2020-12-11,2020,Violence against civilians,Attack,Police Forces of Kenya (2013-2022),Civilians (Kenya),Kenya,Trans Nzoia,Kiminini,Kiminini,0.8931,34.9241,1
KEN7604,2020-12-11,2020,Riots,Violent demonstration,Rioters (Kenya),Police Forces of Kenya (2013-2022),Kenya,Trans Nzoia,Kiminini,Kiminini,0.8931,34.9241,0
KEN7602,2020-12-08,2020,Protests,Peaceful protest,Protesters (Kenya),,Kenya,Bungoma,Webuye West,Webuye,0.6167,34.7667,0
KEN8036,2020-12-14,2020,Protests,Peaceful protest,Protesters (Kenya),,Kenya,Kirinyaga,Kirinyaga West,Kagio,-0.6166,37.25,0
KEN9755,2020-12-12,2020,Strategic developments,Change to group/activity,Al Shabaab,,Kenya,Wajir,Wajir East,Amuma,1.748,40.05,0
KEN7610,2020-12-14,2020,Protests,Peaceful protest,Protesters (Kenya),,Kenya,Nakuru,Nakuru North,Nakuru,-0.2441,36.142,0
KEN7608,2020-12-14,2020,Battles,Armed clash,Al Shabaab,Police Forces of Kenya (2013-2022),Kenya,Mandera,Mandera South,El Wak,2.8094,40.9358,0
KEN10738,2020-12-13,2020,Violence against civilians,Attack,Unidentified Communal Militia (Kenya),Civilians (Kenya),Kenya,West Pokot,Pokot Central,Cheptulel,1.3223,35.607,0
KEN7611,2020-12-14,2020,Protests,Peaceful protest,Protesters (Kenya),,Kenya,Nakuru,Njoro,Njoro,-0.3316,35.9449,0
KEN10529,2020-12-13,2020,Riots,Mob violence,Rioters (Kenya),Civilians (Kenya),Kenya,Kisii,Bomachoge Borabu,Mogonga,-0.86240000000000006,34.7563,1
KEN7609,2020-12-14,2020,Protests,Peaceful protest,Protesters (Kenya),,Kenya,Nairobi,Westlands,Nairobi - Westlands,-1.2379,36.7879,0
KEN7617,2020-12-20,2020,Battles,Armed clash,Al Shabaab,Police Forces of Kenya (2013-2022),Kenya,Lamu,Lamu West,Nyangoro,-2.3287,40.3231,0
KEN7618,2020-12-21,2020,Violence against civilians,Attack,Al Shabaab,Civilians (Kenya),Kenya,Wajir,Wajir East,Khorof Harar,2.202,40.754,1
KEN7613,2020-12-18,2020,Violence against civilians,Abduction/forced disappearance,Al Shabaab,Civilians (Kenya),Kenya,Wajir,Wajir East,Khorof Harar,2.202,40.754,0
KEN7615,2020-12-19,2020,Violence against civilians,Attack,Police Forces of Kenya (2013-2022),Civilians (Kenya),Kenya,Kisii,Nyaribari Chache,Kisii,-0.6833,34.7667,1
KEN7612,2020-12-17,2020,Riots,Violent demonstration,Rioters (Kenya),Police Forces of Kenya (2013-2022),Kenya,Nakuru,Molo,Elburgon,-0.3,35.8167,0
KEN7614,2020-12-18,2020,Strategic developments,Looting/property destruction,Al Shabaab,Civilians (Kenya),Kenya,Mandera,Mandera West,Elele,3.2721,40.6006,0
KEN10833,2020-12-21,2020,Riots,Mob violence,Rioters (Kenya),Civilians (Kenya),Kenya,Migori,Suna West,Migori,-1.0667,34.4667,0
KEN7929,2020-12-17,2020,Explosions/Remote violence,Remote explosive/landmine/IED,Al Shabaab,Civilians (Kenya),Kenya,Muranga,Gatanga,Katito,-1.0166,37.3167,0
KEN9716,2020-12-17,2020,Protests,Peaceful protest,Protesters (Kenya),,Kenya,Kiambu,Githunguri,Komothai,-1.0666,36.85,0
KEN7616,2020-12-19,2020,Protests,Peaceful protest,Protesters (Kenya),,Kenya,Nakuru,Naivasha,Naivasha,-0.7202,36.4285,0
KEN8147,2020-12-25,2020,Riots,Mob violence,Rioters (Kenya),Civilians (Kenya),Kenya,Nairobi,Embakasi South,Nairobi - Embakasi South,-1.3261,36.889,1
KEN7619,2020-12-22,2020,Protests,Protest with intervention,Protesters (Kenya),Police Forces of Kenya (2013-2022),Kenya,Kisii,Nyaribari Chache,Kisii,-0.6833,34.7667,0
KEN7620,2020-12-27,2020,Battles,Armed clash,Military Forces of Kenya (2013-2022),Al Shabaab,Kenya,Garissa,Hulugho,Boni Forest,-1.5394,41.3314,4
KEN7621,2020-12-30,2020,Explosions/Remote violence,Remote explosive/landmine/IED,Al Shabaab,Civilians (Kenya),Kenya,Mandera,Mandera South,El Wak,2.8094,40.9358,1
KEN7622,2020-12-31,2020,Battles,Armed clash,Unidentified Armed Group (Kenya),Police Forces of Kenya (2013-2022),Kenya,Baringo,Marigat,Chemoe,0.3167,35.8833,1
KEN8037,2020-12-30,2020,Protests,Peaceful protest,Protesters (Kenya),,Kenya,Nairobi,Dagoretti North,Nairobi - Dagoretti North,-1.2793,36.7789,0
